<root name="tail_cl" isGlobal="0" frameRate="30" version="3.0">
 <armature name="tail_cl">
  <skin name="default">
   <slot name="Layer 1" z="0" parent="Layer 1">
    <display name="Graphic/shape 191" type="image">
     <transform x="0" pX="10.15" pY="11.2" skX="0" skY="0" scX="1" y="0" scY="1"/>
    </display>
    <display name="Graphic/shape 192" type="image">
     <transform x="0" pX="10.2" pY="11.3" skX="0" skY="0" scX="1" y="0" scY="1"/>
    </display>
    <display name="Graphic/shape 193" type="image">
     <transform x="0" pX="10.1" pY="11.2" skX="0" skY="0" scX="1" y="0" scY="1"/>
    </display>
    <display name="Graphic/shape 194" type="image">
     <transform x="0" pX="12.85" pY="13.6" skX="0" skY="0" scX="1" y="0" scY="1"/>
    </display>
    <display name="Graphic/shape 195" type="image">
     <transform x="0" pX="14.5" pY="6.15" skX="0" skY="0" scX="1" y="0" scY="1"/>
    </display>
    <display name="Graphic/shape 196" type="image">
     <transform x="0" pX="13.15" pY="7.8" skX="0" skY="0" scX="1" y="0" scY="1"/>
    </display>
    <display name="Graphic/shape 197" type="image">
     <transform x="0" pX="12.8" pY="10.05" skX="0" skY="0" scX="1" y="0" scY="1"/>
    </display>
    <display name="Graphic/shape 198" type="image">
     <transform x="0" pX="13.7" pY="8.45" skX="0" skY="0" scX="1" y="0" scY="1"/>
    </display>
    <display name="Graphic/shape 199" type="image">
     <transform x="0" pX="23.2" pY="-1.4" skX="0" skY="0" scX="1" y="0" scY="1"/>
    </display>
    <display name="Graphic/shape 200" type="image">
     <transform x="0" pX="18.9" pY="-0.6" skX="0" skY="0" scX="1" y="0" scY="1"/>
    </display>
    <display name="Graphic/shape 201" type="image">
     <transform x="0" pX="23.35" pY="0.25" skX="0" skY="0" scX="1" y="0" scY="1"/>
    </display>
    <display name="Graphic/shape 202" type="image">
     <transform x="0" pX="24.05" pY="-1.25" skX="0" skY="0" scX="1" y="0" scY="1"/>
    </display>
    <display name="Graphic/shape 203" type="image">
     <transform x="0" pX="9.4" pY="10.4" skX="0" skY="0" scX="1" y="0" scY="1"/>
    </display>
   </slot>
  </skin>
  <bone name="Layer 1">
   <transform y="0" skY="0" x="0" scX="1" skX="0" scY="1"/>
  </bone>
  <animation name="tail_cl" scale="1" loop="1" duration="20" autoTween="NaN" fadeInTime="0.3" tweenEasing="NaN">
   <timeline name="Layer 1" scale="1" pX="0" pY="0" offset="0">
    <frame z="0" duration="1">
     <transform x="0" pX="0" pY="0" skX="0" skY="0" scX="1" y="0" scY="1"/>
    </frame>
    <frame displayIndex="1" z="0" duration="1">
     <transform x="0" pX="0" pY="0" skX="0" skY="0" scX="1" y="0" scY="1"/>
    </frame>
    <frame displayIndex="2" z="0" duration="1">
     <transform x="0" pX="0" pY="0" skX="0" skY="0" scX="1" y="0" scY="1"/>
    </frame>
    <frame displayIndex="3" z="0" duration="1">
     <transform x="0" pX="0" pY="0" skX="0" skY="0" scX="1" y="0" scY="1"/>
    </frame>
    <frame displayIndex="4" z="0" duration="1">
     <transform x="0" pX="0" pY="0" skX="0" skY="0" scX="1" y="0" scY="1"/>
    </frame>
    <frame displayIndex="5" z="0" duration="1">
     <transform x="0" pX="0" pY="0" skX="0" skY="0" scX="1" y="0" scY="1"/>
    </frame>
    <frame displayIndex="6" z="0" duration="1">
     <transform x="0" pX="0" pY="0" skX="0" skY="0" scX="1" y="0" scY="1"/>
    </frame>
    <frame displayIndex="7" z="0" duration="1">
     <transform x="0" pX="0" pY="0" skX="0" skY="0" scX="1" y="0" scY="1"/>
    </frame>
    <frame displayIndex="8" z="0" duration="1">
     <transform x="0" pX="0" pY="0" skX="0" skY="0" scX="1" y="0" scY="1"/>
    </frame>
    <frame displayIndex="9" z="0" duration="1">
     <transform x="0" pX="0" pY="0" skX="0" skY="0" scX="1" y="0" scY="1"/>
    </frame>
    <frame displayIndex="10" z="0" duration="1">
     <transform x="0" pX="0" pY="0" skX="0" skY="0" scX="1" y="0" scY="1"/>
    </frame>
    <frame displayIndex="11" z="0" duration="1">
     <transform x="0" pX="0" pY="0" skX="0" skY="0" scX="1" y="0" scY="1"/>
    </frame>
    <frame displayIndex="-1" duration="6"/>
    <frame displayIndex="12" z="0" duration="1">
     <transform x="0" pX="0" pY="0" skX="0" skY="0" scX="1" y="0" scY="1"/>
    </frame>
    <frame displayIndex="-1" duration="1"/>
   </timeline>
  </animation>
 </armature>
</root>