<root name="Finish" isGlobal="0" frameRate="30" version="3.0">
 <armature name="Finish">
  <skin name="default">
   <slot name="Layer 11" z="0" parent="Layer 11">
    <display name="Symbol 3240" type="image">
     <transform x="0" pX="288.35" pY="222.6" skX="0" skY="0" scX="1" y="0" scY="1"/>
    </display>
   </slot>
   <slot name="Layer 10" z="1" parent="Layer 10">
    <display name="Symbol 1940" type="image">
     <transform x="0" pX="251" pY="53.85" skX="0" skY="0" scX="1" y="0" scY="1"/>
    </display>
   </slot>
   <slot name="Layer 9" z="2" parent="Layer 9">
    <display name="位图 2" type="image">
     <transform x="-105.5" pX="0" pY="0" skX="0" skY="0" scX="1" y="-21" scY="1"/>
    </display>
   </slot>
   <slot name="play_bt" z="3" parent="play_bt">
    <display name="Symbol 3216" type="image">
     <transform x="0" pX="-4.45" pY="-5.7" skX="0" skY="0" scX="1" y="0" scY="1"/>
    </display>
   </slot>
   <slot name="Layer 7" z="4" parent="Layer 7">
    <display name="位图 1" type="image">
     <transform x="-53" pX="0" pY="0" skX="0" skY="0" scX="1" y="-13.5" scY="1"/>
    </display>
   </slot>
   <slot name="card1" z="5" parent="card1">
    <display name="Symbol 3290" type="armature">
     <transform scY="1" skY="0" x="0" scX="1" skX="0" y="0"/>
    </display>
   </slot>
   <slot name="card2" z="6" parent="card2">
    <display name="Symbol 3307" type="armature">
     <transform scY="1" skY="0" x="0" scX="1" skX="0" y="0"/>
    </display>
   </slot>
   <slot name="card3" z="7" parent="card3">
    <display name="Symbol 3320" type="armature">
     <transform scY="1" skY="0" x="0" scX="1" skX="0" y="0"/>
    </display>
   </slot>
   <slot name="deqaf_button" z="8" parent="deqaf_button">
    <display name="Deqaf_button" type="image">
     <transform x="0" pX="19.45" pY="19.45" skX="0" skY="0" scX="1" y="0" scY="1"/>
    </display>
   </slot>
   <slot name="sounds_control_cl" z="9" parent="sounds_control_cl">
    <display name="Buttons_sounds2" type="image">
     <transform x="0" pX="19.45" pY="19.45" skX="0" skY="0" scX="1" y="0" scY="1"/>
    </display>
   </slot>
   <slot name="sponsor_button2" z="10" parent="sponsor_button2">
    <display name="Sponsor_button2" type="image">
     <transform x="0" pX="19.45" pY="19.45" skX="0" skY="0" scX="1" y="0" scY="1"/>
    </display>
   </slot>
  </skin>
  <bone name="card1">
   <transform y="325.15" skY="-14.66" x="126.45" scX="1" skX="-14.66" scY="1"/>
  </bone>
  <bone name="Layer 10">
   <transform y="48.1" skY="0" x="328.2" scX="0.61" skX="0" scY="0.61"/>
  </bone>
  <bone name="Layer 9">
   <transform y="158.5" skY="0" x="267.75" scX="1" skX="0" scY="1"/>
  </bone>
  <bone name="play_bt">
   <transform y="399.75" skY="0" x="607.6" scX="1" skX="0" scY="1"/>
  </bone>
  <bone name="Layer 7">
   <transform y="440.55" skY="0" x="292.85" scX="1" skX="0" scY="1"/>
  </bone>
  <bone name="Layer 11">
   <transform y="223.05" skY="0" x="287.8" scX="1" skX="0" scY="1"/>
  </bone>
  <bone name="card2">
   <transform y="330.1" skY="-6.3" x="311.65" scX="1" skX="-6.3" scY="1"/>
  </bone>
  <bone name="card3">
   <transform y="324.9" skY="11.9" x="510.75" scX="1" skX="11.9" scY="1"/>
  </bone>
  <bone name="deqaf_button">
   <transform y="22" skY="0" x="21.95" scX="1" skX="0" scY="1"/>
  </bone>
  <bone name="sounds_control_cl">
   <transform y="2" skY="0" x="592.4" scX="1" skX="0" scY="1"/>
  </bone>
  <bone name="sponsor_button2">
   <transform y="99.65" skY="0" x="54.55" scX="1.23" skX="0" scY="1.23"/>
  </bone>
  <animation name="Finish" scale="1" loop="1" duration="1" autoTween="NaN" fadeInTime="0.3" tweenEasing="NaN">
   <timeline name="Layer 11" scale="1" pX="0" pY="0" offset="0">
    <frame z="0" duration="1">
     <transform x="0" pX="0" pY="0" skX="0" skY="0" scX="1" y="0" scY="1"/>
    </frame>
   </timeline>
   <timeline name="Layer 10" scale="1" pX="0" pY="0" offset="0">
    <frame z="0" duration="1">
     <transform x="0" pX="0" pY="0" skX="0" skY="0" scX="1" y="0" scY="1"/>
    </frame>
   </timeline>
   <timeline name="Layer 9" scale="1" pX="0" pY="0" offset="0">
    <frame z="0" duration="1">
     <transform x="0" pX="0" pY="0" skX="0" skY="0" scX="1" y="0" scY="1"/>
    </frame>
   </timeline>
   <timeline name="play_bt" scale="1" pX="0" pY="0" offset="0">
    <frame z="0" duration="1">
     <transform x="0" pX="0" pY="0" skX="0" skY="0" scX="1" y="0" scY="1"/>
    </frame>
   </timeline>
   <timeline name="Layer 7" scale="1" pX="0" pY="0" offset="0">
    <frame z="0" duration="1">
     <transform x="0" pX="0" pY="0" skX="0" skY="0" scX="1" y="0" scY="1"/>
    </frame>
   </timeline>
   <timeline name="card1" scale="1" pX="0" pY="0" offset="0">
    <frame z="0" duration="1">
     <transform x="0" pX="0" pY="0" skX="0" skY="0" scX="1" y="0" scY="1"/>
    </frame>
   </timeline>
   <timeline name="card2" scale="1" pX="0" pY="0" offset="0">
    <frame z="0" duration="1">
     <transform x="0" pX="0" pY="0" skX="0" skY="0" scX="1" y="0" scY="1"/>
    </frame>
   </timeline>
   <timeline name="card3" scale="1" pX="0" pY="0" offset="0">
    <frame z="0" duration="1">
     <transform x="0" pX="0" pY="0" skX="0" skY="0" scX="1" y="0" scY="1"/>
    </frame>
   </timeline>
   <timeline name="deqaf_button" scale="1" pX="0" pY="0" offset="0">
    <frame z="0" duration="1">
     <transform x="0" pX="0" pY="0" skX="0" skY="0" scX="1" y="0" scY="1"/>
    </frame>
   </timeline>
   <timeline name="sounds_control_cl" scale="1" pX="0" pY="0" offset="0">
    <frame z="0" duration="1">
     <transform x="0" pX="0" pY="0" skX="0" skY="0" scX="1" y="0" scY="1"/>
    </frame>
   </timeline>
   <timeline name="sponsor_button2" scale="1" pX="0" pY="0" offset="0">
    <frame z="0" duration="1">
     <transform x="0" pX="0" pY="0" skX="0" skY="0" scX="1" y="0" scY="1"/>
    </frame>
   </timeline>
  </animation>
 </armature>
 <armature name="Symbol 3290">
  <skin name="default">
   <slot name="l11" z="0" parent="l11">
    <display name="Symbol 2576" type="image">
     <transform x="0" pX="2.75" pY="49.85" skX="0" skY="0" scX="1" y="0" scY="1"/>
    </display>
   </slot>
   <slot name="l10" z="1" parent="l10">
    <display name="__dbTextures/Symbol 3290/l10_0" type="image">
     <transform x="-82.65" pX="0" pY="0" skX="0" skY="0" scX="1" y="-30.55" scY="1"/>
    </display>
   </slot>
   <slot name="l9" z="2" parent="l9">
    <display name="Symbol 3277" type="image">
     <transform x="0" pX="32.55" pY="19.2" skX="0" skY="0" scX="1" y="0" scY="1"/>
    </display>
   </slot>
   <slot name="l8" z="3" parent="l8">
    <display name="Symbol 3279" type="image">
     <transform x="0" pX="33.3" pY="19.2" skX="0" skY="0" scX="1" y="0" scY="1"/>
    </display>
   </slot>
   <slot name="l7" z="4" parent="l7">
    <display name="Symbol 3281" type="image">
     <transform x="0" pX="37.15" pY="19.2" skX="0" skY="0" scX="1" y="0" scY="1"/>
    </display>
   </slot>
   <slot name="l6" z="5" parent="l6">
    <display name="Symbol 3283" type="image">
     <transform x="0" pX="27.9" pY="19.2" skX="0" skY="0" scX="1" y="0" scY="1"/>
    </display>
   </slot>
   <slot name="l5" z="6" parent="l5">
    <display name="Symbol 3285" type="image">
     <transform x="0" pX="45.75" pY="45.75" skX="0" skY="0" scX="1" y="0" scY="1"/>
    </display>
   </slot>
   <slot name="l4" z="7" parent="l4">
    <display name="Symbol 3286" type="image">
     <transform x="0" pX="22.45" pY="28.15" skX="0" skY="0" scX="1" y="0" scY="1"/>
    </display>
   </slot>
   <slot name="l3" z="8" parent="l3">
    <display name="Symbol 3288" type="image">
     <transform x="0" pX="35.75" pY="22.55" skX="0" skY="0" scX="1" y="0" scY="1"/>
    </display>
   </slot>
   <slot name="Layer 1" z="10" parent="Layer 1">
    <display name="__dbTextures/Symbol 3290/Layer 1_0" type="image">
     <transform x="-96.25" pX="1" pY="1" skX="0" skY="0" scX="1" y="-107.15" scY="1"/>
    </display>
   </slot>
  </skin>
  <bone name="l6">
   <transform y="14.5" skY="6.24" x="49.25" scX="-1.55" skX="6.24" scY="1.55"/>
  </bone>
  <bone name="l10">
   <transform y="14.55" skY="0" x="4.25" scX="1" skX="0" scY="1"/>
  </bone>
  <bone name="l9">
   <transform y="-64.8" skY="23.94" x="70.8" scX="-1.65" skX="23.94" scY="1.65"/>
  </bone>
  <bone name="l8">
   <transform y="-33.5" skY="34.44" x="32.8" scX="-1.55" skX="34.44" scY="1.55"/>
  </bone>
  <bone name="l7">
   <transform y="-18.45" skY="35.74" x="82.2" scX="-1.55" skX="35.74" scY="1.55"/>
  </bone>
  <bone name="l11">
   <transform y="-389.85" skY="0" x="-452.35" scX="1.22" skX="0" scY="1.22"/>
  </bone>
  <bone name="l5">
   <transform y="-54.35" skY="0" x="-8.05" scX="1.79" skX="0" scY="1.79"/>
  </bone>
  <bone name="l4">
   <transform y="-49.7" skY="0" x="-2.95" scX="1" skX="0" scY="1"/>
  </bone>
  <bone name="l3">
   <transform y="-51.45" skY="0" x="-46.9" scX="1.64" skX="0" scY="1.64"/>
  </bone>
  <bone name="Layer 1">
   <transform y="-13.1" skY="0" x="8.05" scX="1" skX="0" scY="1"/>
  </bone>
  <animation name="card1" scale="1" loop="1" duration="1" autoTween="NaN" fadeInTime="0.3" tweenEasing="NaN">
   <timeline name="l11" scale="1" pX="0" pY="0" offset="0">
    <frame z="0" duration="1">
     <transform x="0" pX="0" pY="0" skX="0" skY="0" scX="1" y="0" scY="1"/>
    </frame>
   </timeline>
   <timeline name="l10" scale="1" pX="0" pY="0" offset="0">
    <frame z="0" duration="1" tweenEasing="NaN">
     <transform x="0" pX="0" pY="0" skX="0" skY="0" scX="1" y="0" scY="1"/>
    </frame>
   </timeline>
   <timeline name="l9" scale="1" pX="0" pY="0" offset="0">
    <frame z="0" duration="1">
     <transform x="0" pX="0" pY="0" skX="0" skY="0" scX="1" y="0" scY="1"/>
    </frame>
   </timeline>
   <timeline name="l8" scale="1" pX="0" pY="0" offset="0">
    <frame z="0" duration="1">
     <transform x="0" pX="0" pY="0" skX="0" skY="0" scX="1" y="0" scY="1"/>
    </frame>
   </timeline>
   <timeline name="l7" scale="1" pX="0" pY="0" offset="0">
    <frame z="0" duration="1">
     <transform x="0" pX="0" pY="0" skX="0" skY="0" scX="1" y="0" scY="1"/>
    </frame>
   </timeline>
   <timeline name="l6" scale="1" pX="0" pY="0" offset="0">
    <frame z="0" duration="1">
     <transform x="0" pX="0" pY="0" skX="0" skY="0" scX="1" y="0" scY="1"/>
    </frame>
   </timeline>
   <timeline name="l5" scale="1" pX="0" pY="0" offset="0">
    <frame z="0" duration="1">
     <transform x="0" pX="0" pY="0" skX="0" skY="0" scX="1" y="0" scY="1"/>
     <colorTransform bM="0" gO="248" bO="238" aM="100" rM="0" aO="0" gM="0" rO="250"/>
    </frame>
   </timeline>
   <timeline name="l4" scale="1" pX="0" pY="0" offset="0">
    <frame z="0" duration="1">
     <transform x="0" pX="0" pY="0" skX="0" skY="0" scX="1" y="0" scY="1"/>
    </frame>
   </timeline>
   <timeline name="l3" scale="1" pX="0" pY="0" offset="0">
    <frame z="0" duration="1">
     <transform x="0" pX="0" pY="0" skX="0" skY="0" scX="1" y="0" scY="1"/>
    </frame>
   </timeline>
   <timeline name="Layer 1" scale="1" pX="0" pY="0" offset="0">
    <frame z="0" duration="1" tweenEasing="NaN">
     <transform x="0" pX="0" pY="0" skX="0" skY="0" scX="1" y="0" scY="1"/>
    </frame>
   </timeline>
  </animation>
 </armature>
 <armature name="Symbol 3307">
  <skin name="default">
   <slot name="l9" z="0" parent="l9">
    <display name="Symbol 3293" type="image">
     <transform x="0" pX="1055.2" pY="344.65" skX="0" skY="0" scX="1" y="0" scY="1"/>
    </display>
   </slot>
   <slot name="l8" z="1" parent="l8">
    <display name="__dbTextures/Symbol 3307/l8_0" type="image">
     <transform x="-85.55" pX="0" pY="0" skX="0" skY="0" scX="1" y="-40.25" scY="1"/>
    </display>
   </slot>
   <slot name="l7" z="2" parent="l7">
    <display name="Symbol 3297" type="image">
     <transform x="0" pX="73.35" pY="67.6" skX="0" skY="0" scX="1" y="0" scY="1"/>
    </display>
   </slot>
   <slot name="l6" z="3" parent="l6">
    <display name="Symbol 3299" type="image">
     <transform x="0" pX="26.65" pY="19.2" skX="0" skY="0" scX="1" y="0" scY="1"/>
    </display>
   </slot>
   <slot name="l5" z="4" parent="l5">
    <display name="Symbol 3301" type="image">
     <transform x="0" pX="27.05" pY="19.2" skX="0" skY="0" scX="1" y="0" scY="1"/>
    </display>
   </slot>
   <slot name="l4" z="5" parent="l4">
    <display name="Symbol 3303" type="image">
     <transform x="0" pX="27.75" pY="19.2" skX="0" skY="0" scX="1" y="0" scY="1"/>
    </display>
   </slot>
   <slot name="l3" z="6" parent="l3">
    <display name="Symbol 3305" type="image">
     <transform x="0" pX="29.1" pY="19.2" skX="0" skY="0" scX="1" y="0" scY="1"/>
    </display>
   </slot>
   <slot name="mask" z="7" parent="mask">
    <display name="Symbol 1823" type="image">
     <transform x="0" pX="85.1" pY="118.25" skX="0" skY="0" scX="1" y="0" scY="1"/>
    </display>
   </slot>
   <slot name="Layer 1" z="8" parent="Layer 1">
    <display name="__dbTextures/Symbol 3307/Layer 1_0" type="image">
     <transform x="-96.25" pX="1" pY="1" skX="0" skY="0" scX="1" y="-107.15" scY="1"/>
    </display>
   </slot>
  </skin>
  <bone name="l5">
   <transform y="-49.95" skY="0" x="-23.95" scX="1.46" skX="0" scY="1.46"/>
  </bone>
  <bone name="l8">
   <transform y="2.25" skY="0" x="3.5" scX="1" skX="0" scY="1"/>
  </bone>
  <bone name="l7">
   <transform y="-63.5" skY="0" x="15" scX="1.53" skX="0" scY="1.53"/>
  </bone>
  <bone name="l6">
   <transform y="-46.3" skY="0" x="63.05" scX="-1.46" skX="0" scY="1.46"/>
  </bone>
  <bone name="l9">
   <transform y="125.55" skY="0" x="-136.85" scX="1" skX="0" scY="1"/>
  </bone>
  <bone name="l4">
   <transform y="-10.75" skY="6.97" x="23.25" scX="-1.46" skX="6.97" scY="1.46"/>
  </bone>
  <bone name="l3">
   <transform y="-32.55" skY="0" x="-57.1" scX="1.46" skX="0" scY="1.46"/>
  </bone>
  <bone name="mask">
   <transform y="0" skY="0" x="0" scX="1" skX="0" scY="1"/>
  </bone>
  <bone name="Layer 1">
   <transform y="-13.1" skY="0" x="8.05" scX="1" skX="0" scY="1"/>
  </bone>
  <animation name="card2" scale="1" loop="1" duration="1" autoTween="NaN" fadeInTime="0.3" tweenEasing="NaN">
   <timeline name="l9" scale="1" pX="0" pY="0" offset="0">
    <frame z="0" duration="1">
     <transform x="0" pX="0" pY="0" skX="0" skY="0" scX="1" y="0" scY="1"/>
    </frame>
   </timeline>
   <timeline name="l8" scale="1" pX="0" pY="0" offset="0">
    <frame z="0" duration="1" tweenEasing="NaN">
     <transform x="0" pX="0" pY="0" skX="0" skY="0" scX="1" y="0" scY="1"/>
    </frame>
   </timeline>
   <timeline name="l7" scale="1" pX="0" pY="0" offset="0">
    <frame z="0" duration="1">
     <transform x="0" pX="0" pY="0" skX="0" skY="0" scX="1" y="0" scY="1"/>
    </frame>
   </timeline>
   <timeline name="l6" scale="1" pX="0" pY="0" offset="0">
    <frame z="0" duration="1">
     <transform x="0" pX="0" pY="0" skX="0" skY="0" scX="1" y="0" scY="1"/>
    </frame>
   </timeline>
   <timeline name="l5" scale="1" pX="0" pY="0" offset="0">
    <frame z="0" duration="1">
     <transform x="0" pX="0" pY="0" skX="0" skY="0" scX="1" y="0" scY="1"/>
    </frame>
   </timeline>
   <timeline name="l4" scale="1" pX="0" pY="0" offset="0">
    <frame z="0" duration="1">
     <transform x="0" pX="0" pY="0" skX="0" skY="0" scX="1" y="0" scY="1"/>
    </frame>
   </timeline>
   <timeline name="l3" scale="1" pX="0" pY="0" offset="0">
    <frame z="0" duration="1">
     <transform x="0" pX="0" pY="0" skX="0" skY="0" scX="1" y="0" scY="1"/>
    </frame>
   </timeline>
   <timeline name="mask" scale="1" pX="0" pY="0" offset="0">
    <frame z="0" duration="1">
     <transform x="0" pX="0" pY="0" skX="0" skY="0" scX="1" y="0" scY="1"/>
    </frame>
   </timeline>
   <timeline name="Layer 1" scale="1" pX="0" pY="0" offset="0">
    <frame z="0" duration="1" tweenEasing="NaN">
     <transform x="0" pX="0" pY="0" skX="0" skY="0" scX="1" y="0" scY="1"/>
    </frame>
   </timeline>
  </animation>
 </armature>
 <armature name="Symbol 3320">
  <skin name="default">
   <slot name="bg" z="0" parent="bg">
    <display name="Symbol 3314" type="image">
     <transform x="0" pX="-30.85" pY="1.5" skX="0" skY="0" scX="1" y="0" scY="1"/>
    </display>
   </slot>
   <slot name="l7" z="1" parent="l7">
    <display name="__dbTextures/Symbol 3320/l7_0" type="image">
     <transform x="-60.65" pX="0" pY="0" skX="0" skY="0" scX="1" y="-12.7" scY="1"/>
    </display>
   </slot>
   <slot name="l6" z="2" parent="l6">
    <display name="Symbol 3318" type="image">
     <transform x="0" pX="43.95" pY="27.7" skX="0" skY="0" scX="1" y="0" scY="1"/>
    </display>
   </slot>
   <slot name="l5" z="3" parent="l5">
    <display name="Symbol 166" type="image">
     <transform x="0" pX="43.95" pY="21.85" skX="0" skY="0" scX="1" y="0" scY="1"/>
    </display>
   </slot>
   <slot name="l4" z="4" parent="l4">
    <display name="Symbol 3313" type="image">
     <transform x="0" pX="-11.05" pY="-1.75" skX="0" skY="0" scX="1" y="0" scY="1"/>
    </display>
   </slot>
   <slot name="l3" z="5" parent="l3">
    <display name="Symbol 3313" type="image">
     <transform x="0" pX="-11.05" pY="-1.75" skX="0" skY="0" scX="1" y="0" scY="1"/>
    </display>
   </slot>
   <slot name="mask" z="6" parent="mask">
    <display name="__dbTextures/Symbol 3320/mask_0" type="image">
     <transform x="-92.35" pX="0" pY="0" skX="0" skY="0" scX="1" y="-91.35" scY="1"/>
    </display>
   </slot>
   <slot name="Layer 1" z="7" parent="Layer 1">
    <display name="__dbTextures/Symbol 3320/Layer 1_0" type="image">
     <transform x="-96.25" pX="1" pY="1" skX="0" skY="0" scX="1" y="-107.15" scY="1"/>
    </display>
   </slot>
  </skin>
  <bone name="l4">
   <transform y="24.6" skY="-3.46" x="-97.9" scX="0.57" skX="-3.46" scY="0.57"/>
  </bone>
  <bone name="l7">
   <transform y="39.1" skY="0" x="12.65" scX="1" skX="0" scY="1"/>
  </bone>
  <bone name="l6">
   <transform y="-31.3" skY="0" x="-30.2" scX="1.59" skX="0" scY="1.59"/>
  </bone>
  <bone name="l5">
   <transform y="-27.2" skY="0" x="42.35" scX="-1.56" skX="0" scY="1.56"/>
  </bone>
  <bone name="bg">
   <transform y="-109.35" skY="0" x="-106.15" scX="0.64" skX="0" scY="0.64"/>
  </bone>
  <bone name="l3">
   <transform y="35.45" skY="-12.23" x="32.6" scX="0.57" skX="-12.23" scY="0.57"/>
  </bone>
  <bone name="mask">
   <transform y="-28.9" skY="0" x="7.25" scX="1" skX="0" scY="1"/>
  </bone>
  <bone name="Layer 1">
   <transform y="-13.1" skY="0" x="8.05" scX="1" skX="0" scY="1"/>
  </bone>
  <animation name="card3" scale="1" loop="1" duration="1" autoTween="NaN" fadeInTime="0.3" tweenEasing="NaN">
   <timeline name="bg" scale="1" pX="0" pY="0" offset="0">
    <frame z="0" duration="1">
     <transform x="0" pX="0" pY="0" skX="0" skY="0" scX="1" y="0" scY="1"/>
    </frame>
   </timeline>
   <timeline name="l7" scale="1" pX="0" pY="0" offset="0">
    <frame z="0" duration="1" tweenEasing="NaN">
     <transform x="0" pX="0" pY="0" skX="0" skY="0" scX="1" y="0" scY="1"/>
    </frame>
   </timeline>
   <timeline name="l6" scale="1" pX="0" pY="0" offset="0">
    <frame z="0" duration="1">
     <transform x="0" pX="0" pY="0" skX="0" skY="0" scX="1" y="0" scY="1"/>
    </frame>
   </timeline>
   <timeline name="l5" scale="1" pX="0" pY="0" offset="0">
    <frame z="0" duration="1">
     <transform x="0" pX="0" pY="0" skX="0" skY="0" scX="1" y="0" scY="1"/>
    </frame>
   </timeline>
   <timeline name="l4" scale="1" pX="0" pY="0" offset="0">
    <frame z="0" duration="1">
     <transform x="0" pX="0" pY="0" skX="0" skY="0" scX="1" y="0" scY="1"/>
    </frame>
   </timeline>
   <timeline name="l3" scale="1" pX="0" pY="0" offset="0">
    <frame z="0" duration="1">
     <transform x="0" pX="0" pY="0" skX="0" skY="0" scX="1" y="0" scY="1"/>
    </frame>
   </timeline>
   <timeline name="mask" scale="1" pX="0" pY="0" offset="0">
    <frame z="0" duration="1" tweenEasing="NaN">
     <transform x="0" pX="0" pY="0" skX="0" skY="0" scX="1" y="0" scY="1"/>
    </frame>
   </timeline>
   <timeline name="Layer 1" scale="1" pX="0" pY="0" offset="0">
    <frame z="0" duration="1" tweenEasing="NaN">
     <transform x="0" pX="0" pY="0" skX="0" skY="0" scX="1" y="0" scY="1"/>
    </frame>
   </timeline>
  </animation>
 </armature>
</root>