<TextureAtlas name="Finish" imagePath="texture.png">
 <SubTexture name="Symbol 3240" x="2924" y="0" width="652" height="450"/>
 <SubTexture name="Symbol 1940" x="3578" y="0" width="488" height="203"/>
 <SubTexture name="位图 2" x="3578" y="456" width="211" height="42"/>
 <SubTexture name="Symbol 3216" x="4056" y="325" width="30" height="38"/>
 <SubTexture name="位图 1" x="3751" y="521" width="106" height="27"/>
 <SubTexture name="Deqaf_button" x="4056" y="285" width="39" height="39"/>
 <SubTexture name="Buttons_sounds2" x="4056" y="245" width="39" height="39"/>
 <SubTexture name="Sponsor_button2" x="4056" y="205" width="39" height="39"/>
 <SubTexture name="Symbol 2576" x="2265" y="0" width="658" height="508"/>
 <SubTexture name="__dbTextures/Symbol 3290/l10_0" x="2265" y="509" width="166" height="62"/>
 <SubTexture name="Symbol 3277" x="3751" y="550" width="54" height="53"/>
 <SubTexture name="Symbol 3279" x="2714" y="536" width="54" height="55"/>
 <SubTexture name="Symbol 3281" x="2655" y="536" width="58" height="51"/>
 <SubTexture name="Symbol 3283" x="2543" y="561" width="49" height="56"/>
 <SubTexture name="Symbol 3285" x="3485" y="452" width="92" height="92"/>
 <SubTexture name="Symbol 3286" x="0" y="569" width="46" height="59"/>
 <SubTexture name="Symbol 3288" x="2848" y="509" width="61" height="63"/>
 <SubTexture name="__dbTextures/Symbol 3290/Layer 1_0" x="2924" y="452" width="195" height="217"/>
 <SubTexture name="Symbol 3293" x="0" y="0" width="2264" height="568"/>
 <SubTexture name="__dbTextures/Symbol 3307/l8_0" x="3578" y="500" width="172" height="81"/>
 <SubTexture name="Symbol 3297" x="2432" y="509" width="110" height="110"/>
 <SubTexture name="Symbol 3299" x="2593" y="561" width="48" height="57"/>
 <SubTexture name="Symbol 3301" x="3806" y="550" width="48" height="57"/>
 <SubTexture name="Symbol 3303" x="47" y="569" width="49" height="54"/>
 <SubTexture name="Symbol 3305" x="3485" y="545" width="50" height="57"/>
 <SubTexture name="Symbol 1823" x="3306" y="452" width="178" height="178"/>
 <SubTexture name="__dbTextures/Symbol 3307/Layer 1_0" x="3860" y="423" width="195" height="217"/>
 <SubTexture name="Symbol 3314" x="3578" y="205" width="281" height="250"/>
 <SubTexture name="__dbTextures/Symbol 3320/l7_0" x="2655" y="509" width="122" height="26"/>
 <SubTexture name="Symbol 3318" x="2778" y="509" width="69" height="69"/>
 <SubTexture name="Symbol 166" x="3791" y="456" width="68" height="64"/>
 <SubTexture name="Symbol 3313" x="2543" y="509" width="111" height="51"/>
 <SubTexture name="__dbTextures/Symbol 3320/mask_0" x="3120" y="452" width="185" height="183"/>
 <SubTexture name="__dbTextures/Symbol 3320/Layer 1_0" x="3860" y="205" width="195" height="217"/>
</TextureAtlas>