<root name="paper_new_mc" isGlobal="0" frameRate="30" version="3.0">
 <armature name="paper_new_mc">
  <skin name="default">
   <slot name="Layer 4" z="0" parent="Layer 4">
    <display name="Symbol 2077" type="image">
     <transform x="0" pX="325" pY="225" skX="0" skY="0" scX="1" y="0" scY="1"/>
    </display>
   </slot>
   <slot name="paper_cl" z="1" parent="paper_cl">
    <display name="Symbol 2370" type="armature">
     <transform scY="1" skY="0" x="0" scX="1" skX="0" y="0"/>
    </display>
   </slot>
   <slot name="pic_cl" z="2" parent="pic_cl">
    <display name="Symbol 2386" type="armature">
     <transform scY="1" skY="0" x="0" scX="1" skX="0" y="0"/>
    </display>
   </slot>
   <slot name="news_tx" z="3" parent="news_tx">
    <display name="位图 22" type="image">
     <transform x="-175.5" pX="0" pY="0" skX="0" skY="0" scX="1" y="-20" scY="1"/>
    </display>
   </slot>
  </skin>
  <bone name="pic_cl">
   <transform y="230.3" skY="0" x="344.85" scX="1" skX="0" scY="1"/>
  </bone>
  <bone name="paper_cl">
   <transform y="159.35" skY="0" x="215.6" scX="1" skX="0" scY="1"/>
  </bone>
  <bone name="Layer 4">
   <transform y="181.9" skY="0" x="230.1" scX="1.09" skX="0" scY="1.09"/>
  </bone>
  <bone name="news_tx">
   <transform y="153.2" skY="0" x="338.5" scX="1" skX="0" scY="1"/>
  </bone>
  <animation name="paper_new_mc" scale="1" loop="1" duration="1" autoTween="NaN" fadeInTime="0.3" tweenEasing="NaN">
   <timeline name="Layer 4" scale="1" pX="0" pY="0" offset="0">
    <frame z="0" duration="1">
     <transform x="0" pX="0" pY="0" skX="0" skY="0" scX="1" y="0" scY="1"/>
     <colorTransform bM="100" gO="0" bO="0" aM="40" rM="100" aO="0" gM="100" rO="0"/>
    </frame>
   </timeline>
   <timeline name="paper_cl" scale="1" pX="0" pY="0" offset="0">
    <frame z="0" duration="1">
     <transform x="0" pX="0" pY="0" skX="0" skY="0" scX="1" y="0" scY="1"/>
    </frame>
   </timeline>
   <timeline name="pic_cl" scale="1" pX="0" pY="0" offset="0">
    <frame z="0" duration="1">
     <transform x="0" pX="0" pY="0" skX="0" skY="0" scX="1" y="0" scY="1"/>
    </frame>
   </timeline>
   <timeline name="news_tx" scale="1" pX="0" pY="0" offset="0">
    <frame z="0" duration="1">
     <transform x="0" pX="0" pY="0" skX="0" skY="0" scX="1" y="0" scY="1"/>
    </frame>
   </timeline>
  </animation>
 </armature>
 <armature name="Symbol 2370">
  <skin name="default">
   <slot name="Layer 3" z="0" parent="Layer 3">
    <display name="Symbol 2367" type="image">
     <transform x="0" pX="215.55" pY="159.35" skX="0" skY="0" scX="1" y="0" scY="1"/>
    </display>
   </slot>
   <slot name="data_tx" z="1" parent="data_tx">
    <display name="位图 23" type="image">
     <transform x="-36.5" pX="0" pY="0" skX="0" skY="0" scX="1" y="-6.5" scY="1"/>
    </display>
   </slot>
   <slot name="Layer 1" z="2" parent="Layer 1">
    <display name="Symbol 2369" type="image">
     <transform x="0" pX="198.15" pY="143" skX="0" skY="0" scX="1" y="0" scY="1"/>
    </display>
   </slot>
  </skin>
  <bone name="Layer 3">
   <transform y="0" skY="0" x="0" scX="1" skX="0" scY="1"/>
  </bone>
  <bone name="data_tx">
   <transform y="-26.9" skY="0" x="-145.6" scX="1" skX="0" scY="1"/>
  </bone>
  <bone name="Layer 1">
   <transform y="0" skY="0" x="0" scX="1" skX="0" scY="1"/>
  </bone>
  <animation name="paper_cl" scale="1" loop="1" duration="1" autoTween="NaN" fadeInTime="0.3" tweenEasing="NaN">
   <timeline name="Layer 3" scale="1" pX="0" pY="0" offset="0">
    <frame z="0" duration="1">
     <transform x="0" pX="0" pY="0" skX="0" skY="0" scX="1" y="0" scY="1"/>
    </frame>
   </timeline>
   <timeline name="data_tx" scale="1" pX="0" pY="0" offset="0">
    <frame z="0" duration="1">
     <transform x="0" pX="0" pY="0" skX="0" skY="0" scX="1" y="0" scY="1"/>
    </frame>
   </timeline>
   <timeline name="Layer 1" scale="1" pX="0" pY="0" offset="0">
    <frame z="0" duration="1">
     <transform x="0" pX="0" pY="0" skX="0" skY="0" scX="1" y="0" scY="1"/>
    </frame>
   </timeline>
  </animation>
 </armature>
 <armature name="Symbol 2386">
  <skin name="default">
   <slot name="l11" z="0" parent="l11">
    <display name="Symbol 2119" type="image">
     <transform x="0" pX="89" pY="-89.95" skX="0" skY="0" scX="1" y="0" scY="1"/>
    </display>
   </slot>
   <slot name="l10" z="1" parent="l10">
    <display name="Symbol 2372" type="image">
     <transform x="0" pX="35.75" pY="22.55" skX="0" skY="0" scX="1" y="0" scY="1"/>
    </display>
    <display name="Symbol 2377" type="image">
     <transform x="0" pX="43.95" pY="21.85" skX="0" skY="0" scX="1" y="0" scY="1"/>
    </display>
   </slot>
   <slot name="l9" z="2" parent="l9">
    <display name="Symbol 2374" type="image">
     <transform x="0" pX="5.2" pY="13.7" skX="0" skY="0" scX="1" y="0" scY="1"/>
    </display>
   </slot>
   <slot name="l8" z="3" parent="l8">
    <display name="Symbol 2374" type="image">
     <transform x="0" pX="5.2" pY="13.7" skX="0" skY="0" scX="1" y="0" scY="1"/>
    </display>
    <display name="Symbol 2379" type="image">
     <transform x="0" pX="37.15" pY="19.2" skX="0" skY="0" scX="1" y="0" scY="1"/>
    </display>
   </slot>
   <slot name="l7" z="4" parent="l7">
    <display name="Symbol 2374" type="image">
     <transform x="0" pX="5.2" pY="13.7" skX="0" skY="0" scX="1" y="0" scY="1"/>
    </display>
   </slot>
   <slot name="l6" z="5" parent="l6">
    <display name="Symbol 2374" type="image">
     <transform x="0" pX="5.2" pY="13.7" skX="0" skY="0" scX="1" y="0" scY="1"/>
    </display>
   </slot>
   <slot name="l5" z="6" parent="l5">
    <display name="Symbol 2381" type="image">
     <transform x="0" pX="33.3" pY="19.2" skX="0" skY="0" scX="1" y="0" scY="1"/>
    </display>
   </slot>
   <slot name="l4" z="7" parent="l4">
    <display name="Symbol 2383" type="image">
     <transform x="0" pX="32.55" pY="19.2" skX="0" skY="0" scX="1" y="0" scY="1"/>
    </display>
   </slot>
   <slot name="l3" z="8" parent="l3">
    <display name="Symbol 2385" type="image">
     <transform x="0" pX="27.9" pY="19.2" skX="0" skY="0" scX="1" y="0" scY="1"/>
    </display>
   </slot>
   <slot name="mask" z="9" parent="mask">
    <display name="Symbol 2117" type="image">
     <transform x="0" pX="60.3" pY="56.85" skX="0" skY="0" scX="1" y="0" scY="1"/>
    </display>
   </slot>
   <slot name="Layer 1" z="10" parent="Layer 1">
    <display name="__dbTextures/Symbol 2386/Layer 1_0" type="image">
     <transform x="-75.15" pX="2" pY="2" skX="0" skY="0" scX="1" y="-42.5" scY="1"/>
    </display>
   </slot>
  </skin>
  <bone name="l6">
   <transform y="27.65" skY="-145.56" x="-52.85" scX="1.44" skX="-145.56" scY="1.44"/>
  </bone>
  <bone name="l10">
   <transform y="-13.1" skY="0" x="-24.55" scX="1.44" skX="0" scY="1.44"/>
  </bone>
  <bone name="l9">
   <transform y="22.7" skY="135" x="19.25" scX="1.44" skX="135" scY="1.44"/>
  </bone>
  <bone name="l8">
   <transform y="28.2" skY="157.22" x="-2.95" scX="1.6" skX="157.22" scY="1.6"/>
  </bone>
  <bone name="l7">
   <transform y="28.2" skY="-160.56" x="-34.45" scX="1.44" skX="-160.56" scY="1.44"/>
  </bone>
  <bone name="l11">
   <transform y="-205.55" skY="0" x="-97.5" scX="0.75" skX="0" scY="0.75"/>
  </bone>
  <bone name="l5">
   <transform y="-11.8" skY="-24.25" x="-50" scX="1.07" skX="-24.25" scY="1.07"/>
  </bone>
  <bone name="l4">
   <transform y="-33.55" skY="23.94" x="39.1" scX="-1.13" skX="23.94" scY="1.13"/>
  </bone>
  <bone name="l3">
   <transform y="5.45" skY="6.24" x="13.6" scX="-1.07" skX="6.24" scY="1.07"/>
  </bone>
  <bone name="mask">
   <transform y="-14.35" skY="0" x="-14.85" scX="1.25" skX="0" scY="0.75"/>
  </bone>
  <bone name="Layer 1">
   <transform y="-14.35" skY="0" x="-14.85" scX="1" skX="0" scY="1"/>
  </bone>
  <animation name="pic_cl" scale="5" loop="0" duration="2" autoTween="NaN" fadeInTime="0.3" tweenEasing="2">
   <timeline name="l11" scale="1" pX="0" pY="0" offset="0">
    <frame z="0" duration="2">
     <transform x="0" pX="0" pY="0" skX="0" skY="0" scX="1" y="0" scY="1"/>
    </frame>
   </timeline>
   <timeline name="l10" scale="1" pX="0" pY="0" offset="0">
    <frame z="0" duration="1">
     <transform x="0" pX="0" pY="0" skX="0" skY="0" scX="1" y="0" scY="1"/>
    </frame>
    <frame displayIndex="1" z="0" duration="1">
     <transform x="11.200000000000001" pX="0" pY="0" skX="0" skY="0" scX="0.8194444444444444" y="-17.450000000000003" scY="0.8194444444444444"/>
    </frame>
   </timeline>
   <timeline name="l9" scale="1" pX="0" pY="0" offset="0">
    <frame z="0" duration="1">
     <transform x="0" pX="0" pY="0" skX="0" skY="0" scX="1" y="0" scY="1"/>
    </frame>
    <frame displayIndex="-1" duration="1"/>
   </timeline>
   <timeline name="l8" scale="1" pX="0" pY="0" offset="0">
    <frame z="0" duration="1">
     <transform x="0" pX="0" pY="0" skX="0" skY="0" scX="1" y="0" scY="1"/>
    </frame>
    <frame displayIndex="1" z="0" duration="1">
     <transform x="-67.8" pX="0" pY="0" skX="167.04" skY="167.04" scX="0.66875" y="-64.45" scY="0.66875"/>
    </frame>
   </timeline>
   <timeline name="l7" scale="1" pX="0" pY="0" offset="0">
    <frame z="0" duration="1">
     <transform x="0" pX="0" pY="0" skX="0" skY="0" scX="1" y="0" scY="1"/>
    </frame>
    <frame displayIndex="-1" duration="1"/>
   </timeline>
   <timeline name="l6" scale="1" pX="0" pY="0" offset="0">
    <frame z="0" duration="1">
     <transform x="0" pX="0" pY="0" skX="0" skY="0" scX="1" y="0" scY="1"/>
    </frame>
    <frame displayIndex="-1" duration="1"/>
   </timeline>
   <timeline name="l5" scale="1" pX="0" pY="0" offset="0">
    <frame displayIndex="-1" duration="1"/>
    <frame z="0" duration="1">
     <transform x="0" pX="0" pY="0" skX="0" skY="0" scX="1" y="0" scY="1"/>
    </frame>
   </timeline>
   <timeline name="l4" scale="1" pX="0" pY="0" offset="0">
    <frame displayIndex="-1" duration="1"/>
    <frame z="0" duration="1">
     <transform x="0" pX="0" pY="0" skX="0" skY="0" scX="1" y="0" scY="1"/>
    </frame>
   </timeline>
   <timeline name="l3" scale="1" pX="0" pY="0" offset="0">
    <frame displayIndex="-1" duration="1"/>
    <frame z="0" duration="1">
     <transform x="0" pX="0" pY="0" skX="0" skY="0" scX="1" y="0" scY="1"/>
    </frame>
   </timeline>
   <timeline name="mask" scale="1" pX="0" pY="0" offset="0">
    <frame z="0" duration="2">
     <transform x="0" pX="0" pY="0" skX="0" skY="0" scX="1" y="0" scY="1"/>
    </frame>
   </timeline>
   <timeline name="Layer 1" scale="1" pX="0" pY="0" offset="0">
    <frame z="0" duration="2" tweenEasing="NaN">
     <transform x="0" pX="0" pY="0" skX="0" skY="0" scX="1" y="0" scY="1"/>
    </frame>
   </timeline>
  </animation>
 </armature>
</root>