<root name="super_shot_ani_mc" isGlobal="0" frameRate="30" version="3.0">
 <armature name="super_shot_ani_mc">
  <skin name="default">
   <slot name="Layer 1" z="0" parent="Layer 1">
    <display name="__dbTextures/super_shot_ani_mc/Layer 1_0" type="image">
     <transform x="-151.5" pX="0" pY="0" skX="0" skY="0" scX="1" y="-112.5" scY="1"/>
    </display>
    <display name="__dbTextures/super_shot_ani_mc/Layer 1_1" type="image">
     <transform x="-151.5" pX="0" pY="0" skX="0" skY="0" scX="1" y="-112.5" scY="1"/>
    </display>
    <display name="__dbTextures/super_shot_ani_mc/Layer 1_2" type="image">
     <transform x="-151.5" pX="0" pY="0" skX="0" skY="0" scX="1" y="-112.5" scY="1"/>
    </display>
    <display name="__dbTextures/super_shot_ani_mc/Layer 1_3" type="image">
     <transform x="-151.5" pX="0" pY="0" skX="0" skY="0" scX="1" y="-112.5" scY="1"/>
    </display>
    <display name="__dbTextures/super_shot_ani_mc/Layer 1_4" type="image">
     <transform x="-151.5" pX="0" pY="0" skX="0" skY="0" scX="1" y="-112.5" scY="1"/>
    </display>
    <display name="__dbTextures/super_shot_ani_mc/Layer 1_5" type="image">
     <transform x="-151.5" pX="0" pY="0" skX="0" skY="0" scX="1" y="-112.5" scY="1"/>
    </display>
   </slot>
  </skin>
  <bone name="Layer 1">
   <transform y="9" skY="0" x="-80.5" scX="1" skX="0" scY="1"/>
  </bone>
  <animation name="super_shot_ani_mc" scale="1" loop="1" duration="6" autoTween="NaN" fadeInTime="0.3" tweenEasing="NaN">
   <timeline name="Layer 1" scale="1" pX="0" pY="0" offset="0">
    <frame z="0" duration="1" tweenEasing="NaN">
     <transform x="0" pX="0" pY="0" skX="0" skY="0" scX="1" y="0" scY="1"/>
    </frame>
    <frame z="0" displayIndex="1" duration="1" tweenEasing="NaN">
     <transform x="1.5" pX="0" pY="0" skX="0" skY="0" scX="1" y="0" scY="1"/>
    </frame>
    <frame z="0" displayIndex="2" duration="1" tweenEasing="NaN">
     <transform x="2.5" pX="0" pY="0" skX="0" skY="0" scX="1" y="-1" scY="1"/>
    </frame>
    <frame z="0" displayIndex="3" duration="1" tweenEasing="NaN">
     <transform x="-0.5" pX="0" pY="0" skX="0" skY="0" scX="1" y="0" scY="1"/>
    </frame>
    <frame z="0" displayIndex="4" duration="1" tweenEasing="NaN">
     <transform x="0.5" pX="0" pY="0" skX="0" skY="0" scX="1" y="0" scY="1"/>
    </frame>
    <frame z="0" displayIndex="5" duration="1" tweenEasing="NaN">
     <transform x="30.5" pX="0" pY="0" skX="0" skY="0" scX="1" y="-7" scY="1"/>
    </frame>
   </timeline>
  </animation>
 </armature>
</root>