<root name="panel_view_not_hit_mc" isGlobal="0" frameRate="30" version="3.0">
 <armature name="panel_view_not_hit_mc">
  <skin name="default">
   <slot name="Layer 10" z="0" parent="Layer 10">
    <display name="Symbol 2077" type="image">
     <transform x="0" pX="325" pY="225" skX="0" skY="0" scX="1" y="0" scY="1"/>
    </display>
   </slot>
   <slot name="Layer 9" z="1" parent="Layer 9">
    <display name="Symbol 2078" type="image">
     <transform x="0" pX="172.8" pY="78.5" skX="0" skY="0" scX="1" y="0" scY="1"/>
    </display>
   </slot>
   <slot name="des_tx" z="2" parent="des_tx">
    <display name="位图 14" type="image">
     <transform x="-168.5" pX="0" pY="0" skX="0" skY="0" scX="1" y="-41.5" scY="1"/>
    </display>
   </slot>
   <slot name="ok_bt" z="3" parent="ok_bt">
    <display name="Symbol 1697" type="armature">
     <transform scY="1" skY="0" x="0" scX="1" skX="0" y="0"/>
    </display>
   </slot>
   <slot name="Layer 6" z="4" parent="Layer 6">
    <display name="Symbol 2081" type="image">
     <transform x="0" pX="43.95" pY="22.45" skX="0" skY="0" scX="1" y="0" scY="1"/>
    </display>
   </slot>
   <slot name="Layer 5" z="5" parent="Layer 5">
    <display name="Symbol 2083" type="image">
     <transform x="0" pX="24.8" pY="21.1" skX="0" skY="0" scX="1" y="0" scY="1"/>
    </display>
   </slot>
   <slot name="Layer 4" z="6" parent="Layer 4">
    <display name="Symbol 2085" type="image">
     <transform x="0" pX="22.9" pY="19.2" skX="0" skY="0" scX="1" y="0" scY="1"/>
    </display>
   </slot>
   <slot name="Layer 3" z="7" parent="Layer 3">
    <display name="Symbol 2087" type="image">
     <transform x="0" pX="27.4" pY="19.2" skX="0" skY="0" scX="1" y="0" scY="1"/>
    </display>
   </slot>
   <slot name="Layer 2" z="8" parent="Layer 2">
    <display name="Symbol 2089" type="image">
     <transform x="0" pX="26.65" pY="19.2" skX="0" skY="0" scX="1" y="0" scY="1"/>
    </display>
   </slot>
   <slot name="Layer 1" z="9" parent="Layer 1">
    <display name="位图 13" type="image">
     <transform x="-20.5" pX="0" pY="0" skX="0" skY="0" scX="1" y="-27" scY="1"/>
    </display>
   </slot>
  </skin>
  <bone name="Layer 5">
   <transform y="61.35" skY="10.98" x="141.8" scX="-1.41" skX="10.98" scY="1.41"/>
  </bone>
  <bone name="Layer 9">
   <transform y="0" skY="0" x="0" scX="1" skX="0" scY="1"/>
  </bone>
  <bone name="des_tx">
   <transform y="-30.3" skY="0" x="-0.3" scX="1" skX="0" scY="1"/>
  </bone>
  <bone name="ok_bt">
   <transform y="86.1" skY="0" x="-23.8" scX="0.88" skX="0" scY="0.88"/>
  </bone>
  <bone name="Layer 6">
   <transform y="51.65" skY="-12.97" x="-145.95" scX="1.57" skX="-12.97" scY="1.57"/>
  </bone>
  <bone name="Layer 10">
   <transform y="56.9" skY="0" x="-1.85" scX="1.09" skX="0" scY="1.09"/>
  </bone>
  <bone name="Layer 4">
   <transform y="38.85" skY="0" x="55.4" scX="-1.41" skX="0" scY="1.41"/>
  </bone>
  <bone name="Layer 3">
   <transform y="30.4" skY="0" x="-3.4" scX="1.41" skX="0" scY="1.41"/>
  </bone>
  <bone name="Layer 2">
   <transform y="38.85" skY="0" x="-47.75" scX="1.41" skX="0" scY="1.41"/>
  </bone>
  <bone name="Layer 1">
   <transform y="20.8" skY="0" x="138.6" scX="1" skX="0" scY="1"/>
  </bone>
  <animation name="panel_view_not_hit_mc" scale="1" loop="1" duration="1" autoTween="NaN" fadeInTime="0.3" tweenEasing="NaN">
   <timeline name="Layer 10" scale="1" pX="0" pY="0" offset="0">
    <frame z="0" duration="1">
     <transform x="0" pX="0" pY="0" skX="0" skY="0" scX="1" y="0" scY="1"/>
     <colorTransform bM="100" gO="0" bO="0" aM="40" rM="100" aO="0" gM="100" rO="0"/>
    </frame>
   </timeline>
   <timeline name="Layer 9" scale="1" pX="0" pY="0" offset="0">
    <frame z="0" duration="1">
     <transform x="0" pX="0" pY="0" skX="0" skY="0" scX="1" y="0" scY="1"/>
    </frame>
   </timeline>
   <timeline name="des_tx" scale="1" pX="0" pY="0" offset="0">
    <frame z="0" duration="1">
     <transform x="0" pX="0" pY="0" skX="0" skY="0" scX="1" y="0" scY="1"/>
    </frame>
   </timeline>
   <timeline name="ok_bt" scale="1" pX="0" pY="0" offset="0">
    <frame z="0" duration="1">
     <transform x="0" pX="0" pY="0" skX="0" skY="0" scX="1" y="0" scY="1"/>
    </frame>
   </timeline>
   <timeline name="Layer 6" scale="1" pX="0" pY="0" offset="0">
    <frame z="0" duration="1">
     <transform x="0" pX="0" pY="0" skX="0" skY="0" scX="1" y="0" scY="1"/>
    </frame>
   </timeline>
   <timeline name="Layer 5" scale="1" pX="0" pY="0" offset="0">
    <frame z="0" duration="1">
     <transform x="0" pX="0" pY="0" skX="0" skY="0" scX="1" y="0" scY="1"/>
    </frame>
   </timeline>
   <timeline name="Layer 4" scale="1" pX="0" pY="0" offset="0">
    <frame z="0" duration="1">
     <transform x="0" pX="0" pY="0" skX="0" skY="0" scX="1" y="0" scY="1"/>
    </frame>
   </timeline>
   <timeline name="Layer 3" scale="1" pX="0" pY="0" offset="0">
    <frame z="0" duration="1">
     <transform x="0" pX="0" pY="0" skX="0" skY="0" scX="1" y="0" scY="1"/>
    </frame>
   </timeline>
   <timeline name="Layer 2" scale="1" pX="0" pY="0" offset="0">
    <frame z="0" duration="1">
     <transform x="0" pX="0" pY="0" skX="0" skY="0" scX="1" y="0" scY="1"/>
    </frame>
   </timeline>
   <timeline name="Layer 1" scale="1" pX="0" pY="0" offset="0">
    <frame z="0" duration="1">
     <transform x="0" pX="0" pY="0" skX="0" skY="0" scX="1" y="0" scY="1"/>
    </frame>
   </timeline>
  </animation>
 </armature>
 <armature name="Symbol 1697">
  <skin name="default">
   <slot name="Layer 2" z="0" parent="Layer 2">
    <display name="Symbol 1695" type="image">
     <transform x="0" pX="0" pY="-3" skX="0" skY="0" scX="1" y="0" scY="1"/>
    </display>
   </slot>
   <slot name="label" z="1" parent="label">
    <display name="位图 9" type="image">
     <transform x="-21" pX="0" pY="0" skX="0" skY="0" scX="1" y="-22.5" scY="1"/>
    </display>
    <display name="位图 10" type="image">
     <transform x="-22" pX="0" pY="0" skX="0" skY="0" scX="1" y="-23" scY="1"/>
    </display>
    <display name="位图 11" type="image">
     <transform x="-21" pX="0" pY="0" skX="0" skY="0" scX="1" y="-22.5" scY="1"/>
    </display>
    <display name="位图 12" type="image">
     <transform x="-21" pX="0" pY="0" skX="0" skY="0" scX="1" y="-22.5" scY="1"/>
    </display>
   </slot>
  </skin>
  <bone name="Layer 2">
   <transform y="0" skY="0" x="0" scX="1" skX="0" scY="1"/>
  </bone>
  <bone name="label">
   <transform y="19.4" skY="0" x="26.35" scX="1" skX="0" scY="1"/>
  </bone>
  <animation name="ok_bt" scale="1" loop="1" duration="4" autoTween="NaN" fadeInTime="0.3" tweenEasing="NaN">
   <timeline name="Layer 2" scale="1" pX="0" pY="0" offset="0">
    <frame z="0" duration="1">
     <transform x="0" pX="0" pY="0" skX="0" skY="0" scX="1" y="0" scY="1"/>
    </frame>
    <frame z="0" duration="1">
     <transform x="-1.55" pX="0" pY="0" skX="0" skY="0" scX="1.06" y="-1.3" scY="1.06"/>
    </frame>
    <frame z="0" duration="1">
     <transform x="0" pX="0" pY="0" skX="0" skY="0" scX="1" y="0" scY="1"/>
    </frame>
    <frame z="0" duration="1">
     <transform x="0" pX="0" pY="0" skX="0" skY="0" scX="1" y="0" scY="1"/>
    </frame>
   </timeline>
   <timeline name="label" scale="1" pX="0" pY="0" offset="0">
    <frame z="0" duration="1">
     <transform x="0" pX="0" pY="0" skX="0" skY="0" scX="1" y="0" scY="1"/>
    </frame>
    <frame displayIndex="1" z="0" duration="1">
     <transform x="-0.10000000000000142" pX="0" pY="0" skX="0" skY="0" scX="1" y="-0.7999999999999972" scY="1"/>
    </frame>
    <frame displayIndex="2" z="0" duration="1">
     <transform x="0" pX="0" pY="0" skX="0" skY="0" scX="1" y="0" scY="1"/>
    </frame>
    <frame displayIndex="3" z="0" duration="1">
     <transform x="0" pX="0" pY="0" skX="0" skY="0" scX="1" y="0" scY="1"/>
    </frame>
   </timeline>
  </animation>
 </armature>
</root>