<TextureAtlas name="body_cl" imagePath="texture.png">
 <SubTexture name="Graphic/shape 971" x="176" y="196" width="21" height="21"/>
 <SubTexture name="Graphic/shape 972" x="0" y="188" width="21" height="21"/>
 <SubTexture name="Graphic/shape 973" x="199" y="186" width="21" height="21"/>
 <SubTexture name="Graphic/shape 974" x="389" y="197" width="21" height="21"/>
 <SubTexture name="Graphic/shape 975" x="367" y="197" width="21" height="21"/>
 <SubTexture name="Graphic/shape 976" x="300" y="186" width="21" height="21"/>
 <SubTexture name="Graphic/shape 977" x="484" y="190" width="21" height="21"/>
 <SubTexture name="Graphic/shape 978" x="440" y="188" width="21" height="21"/>
 <SubTexture name="Graphic/shape 979" x="293" y="208" width="21" height="21"/>
 <SubTexture name="Graphic/shape 980" x="0" y="210" width="21" height="21"/>
 <SubTexture name="Graphic/shape 981" x="322" y="191" width="21" height="21"/>
 <SubTexture name="Graphic/shape 982" x="154" y="209" width="21" height="21"/>
 <SubTexture name="Graphic/shape 983" x="154" y="187" width="21" height="21"/>
 <SubTexture name="Graphic/shape 984" x="462" y="190" width="21" height="21"/>
 <SubTexture name="sprite 206" x="99" y="0" width="41" height="34"/>
 <SubTexture name="Graphic/shape 986" x="286" y="252" width="21" height="21"/>
 <SubTexture name="Graphic/shape 987" x="109" y="248" width="21" height="21"/>
 <SubTexture name="Graphic/shape 988" x="219" y="293" width="20" height="21"/>
 <SubTexture name="Graphic/shape 989" x="374" y="329" width="21" height="20"/>
 <SubTexture name="Graphic/shape 990" x="49" y="86" width="23" height="24"/>
 <SubTexture name="Graphic/shape 991" x="0" y="38" width="27" height="24"/>
 <SubTexture name="Graphic/shape 992" x="476" y="234" width="21" height="20"/>
 <SubTexture name="Graphic/shape 993" x="98" y="60" width="25" height="24"/>
 <SubTexture name="Graphic/shape 994" x="66" y="179" width="21" height="21"/>
 <SubTexture name="Graphic/shape 995" x="308" y="257" width="21" height="21"/>
 <SubTexture name="Graphic/shape 996" x="22" y="252" width="20" height="13"/>
 <SubTexture name="Graphic/shape 997" x="131" y="251" width="21" height="21"/>
 <SubTexture name="Graphic/shape 998" x="44" y="162" width="21" height="22"/>
 <SubTexture name="Graphic/shape 999" x="0" y="232" width="21" height="21"/>
 <SubTexture name="Graphic/shape 1000" x="284" y="134" width="21" height="23"/>
 <SubTexture name="Graphic/shape 1001" x="446" y="167" width="23" height="20"/>
 <SubTexture name="Graphic/shape 1002" x="254" y="29" width="25" height="28"/>
 <SubTexture name="Graphic/shape 1003" x="330" y="315" width="20" height="21"/>
 <SubTexture name="Graphic/shape 1004" x="198" y="252" width="21" height="21"/>
 <SubTexture name="Graphic/shape 1005" x="308" y="279" width="20" height="21"/>
 <SubTexture name="Graphic/shape 1006" x="405" y="78" width="22" height="27"/>
 <SubTexture name="Graphic/shape 1007" x="124" y="82" width="22" height="27"/>
 <SubTexture name="Graphic/shape 1008" x="168" y="27" width="25" height="28"/>
 <SubTexture name="Graphic/shape 1009" x="240" y="134" width="21" height="23"/>
 <SubTexture name="Graphic/shape 1010" x="447" y="256" width="21" height="21"/>
 <SubTexture name="Graphic/shape 1011" x="43" y="207" width="22" height="19"/>
 <SubTexture name="Graphic/shape 1012" x="73" y="109" width="23" height="22"/>
 <SubTexture name="Graphic/shape 1013" x="365" y="110" width="22" height="24"/>
 <SubTexture name="Graphic/shape 1014" x="461" y="28" width="25" height="28"/>
 <SubTexture name="Graphic/shape 1015" x="463" y="299" width="20" height="21"/>
 <SubTexture name="Graphic/shape 1016" x="408" y="23" width="26" height="28"/>
 <SubTexture name="Graphic/shape 1017" x="330" y="271" width="20" height="21"/>
 <SubTexture name="Graphic/shape 1018" x="269" y="84" width="24" height="22"/>
 <SubTexture name="Graphic/shape 1019" x="372" y="176" width="22" height="20"/>
 <SubTexture name="Graphic/shape 1020" x="176" y="175" width="22" height="20"/>
 <SubTexture name="Graphic/shape 1021" x="395" y="176" width="22" height="20"/>
 <SubTexture name="Graphic/shape 1022" x="194" y="27" width="25" height="28"/>
 <SubTexture name="Graphic/shape 1023" x="68" y="132" width="22" height="23"/>
 <SubTexture name="Graphic/shape 1024" x="424" y="159" width="21" height="22"/>
 <SubTexture name="Graphic/shape 1025" x="410" y="227" width="21" height="21"/>
 <SubTexture name="Graphic/shape 1026" x="265" y="226" width="21" height="21"/>
 <SubTexture name="Graphic/shape 1027" x="433" y="210" width="21" height="21"/>
 <SubTexture name="Graphic/shape 1028" x="403" y="249" width="21" height="21"/>
 <SubTexture name="Graphic/shape 1029" x="201" y="83" width="22" height="25"/>
 <SubTexture name="Graphic/shape 1030" x="482" y="68" width="22" height="26"/>
 <SubTexture name="Graphic/shape 1031" x="357" y="0" width="21" height="36"/>
 <SubTexture name="Graphic/shape 1032" x="412" y="131" width="23" height="21"/>
 <SubTexture name="Graphic/shape 1033" x="153" y="56" width="23" height="27"/>
 <SubTexture name="Graphic/shape 1034" x="28" y="58" width="23" height="26"/>
 <SubTexture name="Graphic/shape 1035" x="245" y="110" width="22" height="23"/>
 <SubTexture name="Graphic/shape 1036" x="435" y="28" width="25" height="28"/>
 <SubTexture name="Graphic/shape 1037" x="141" y="26" width="26" height="28"/>
 <SubTexture name="Graphic/shape 1038" x="203" y="162" width="21" height="23"/>
 <SubTexture name="Graphic/shape 1039" x="22" y="184" width="21" height="21"/>
 <SubTexture name="Graphic/shape 1040" x="132" y="185" width="21" height="21"/>
 <SubTexture name="Graphic/shape 1041" x="219" y="337" width="23" height="16"/>
 <SubTexture name="Graphic/shape 1042" x="22" y="161" width="21" height="22"/>
 <SubTexture name="Graphic/shape 1043" x="476" y="255" width="21" height="21"/>
 <SubTexture name="Graphic/shape 1044" x="256" y="158" width="21" height="23"/>
 <SubTexture name="Graphic/shape 1045" x="291" y="110" width="22" height="23"/>
 <SubTexture name="Graphic/shape 1046" x="498" y="24" width="10" height="16"/>
 <SubTexture name="Graphic/shape 1047" x="228" y="0" width="37" height="25"/>
 <SubTexture name="Graphic/shape 1048" x="175" y="327" width="21" height="19"/>
 <SubTexture name="Graphic/shape 1049" x="243" y="204" width="20" height="22"/>
 <SubTexture name="Graphic/shape 1050" x="46" y="111" width="21" height="24"/>
 <SubTexture name="Graphic/shape 1051" x="48" y="29" width="25" height="28"/>
 <SubTexture name="Graphic/shape 1052" x="418" y="320" width="20" height="21"/>
 <SubTexture name="Graphic/shape 1053" x="330" y="293" width="20" height="21"/>
 <SubTexture name="Graphic/shape 1054" x="350" y="159" width="21" height="22"/>
 <SubTexture name="Graphic/shape 1055" x="418" y="182" width="21" height="21"/>
 <SubTexture name="Graphic/shape 1056" x="144" y="111" width="21" height="25"/>
 <SubTexture name="Graphic/shape 1057" x="445" y="108" width="21" height="26"/>
 <SubTexture name="Graphic/shape 1058" x="180" y="153" width="22" height="21"/>
 <SubTexture name="Graphic/shape 1059" x="352" y="329" width="21" height="19"/>
 <SubTexture name="Graphic/shape 1060" x="357" y="135" width="21" height="23"/>
 <SubTexture name="Graphic/shape 1061" x="314" y="111" width="20" height="25"/>
 <SubTexture name="Graphic/shape 1062" x="98" y="36" width="28" height="23"/>
 <SubTexture name="Graphic/shape 1063" x="109" y="292" width="20" height="21"/>
 <SubTexture name="Graphic/shape 1064" x="220" y="249" width="21" height="21"/>
 <SubTexture name="Graphic/shape 1065" x="379" y="153" width="22" height="22"/>
 <SubTexture name="Graphic/shape 1066" x="74" y="58" width="23" height="26"/>
 <SubTexture name="Graphic/shape 1067" x="110" y="158" width="21" height="22"/>
 <SubTexture name="Graphic/shape 1068" x="299" y="0" width="29" height="28"/>
 <SubTexture name="Graphic/shape 1069" x="218" y="111" width="21" height="25"/>
 <SubTexture name="Graphic/shape 1070" x="131" y="273" width="20" height="21"/>
 <SubTexture name="Graphic/shape 1071" x="91" y="134" width="22" height="23"/>
 <SubTexture name="Graphic/shape 1072" x="300" y="162" width="21" height="23"/>
 <SubTexture name="Graphic/shape 1073" x="0" y="0" width="47" height="37"/>
 <SubTexture name="Graphic/shape 1074" x="48" y="0" width="50" height="28"/>
 <SubTexture name="Graphic/shape 1075" x="87" y="270" width="20" height="21"/>
 <SubTexture name="Graphic/shape 1076" x="462" y="321" width="20" height="21"/>
 <SubTexture name="Graphic/shape 1077" x="192" y="109" width="25" height="21"/>
 <SubTexture name="Graphic/shape 1078" x="219" y="315" width="20" height="21"/>
 <SubTexture name="Graphic/shape 1079" x="87" y="314" width="20" height="21"/>
 <SubTexture name="Graphic/shape 1080" x="440" y="322" width="20" height="21"/>
 <SubTexture name="Graphic/shape 1081" x="88" y="158" width="21" height="22"/>
 <SubTexture name="Graphic/shape 1082" x="328" y="32" width="25" height="27"/>
 <SubTexture name="Graphic/shape 1083" x="388" y="131" width="23" height="21"/>
 <SubTexture name="Graphic/shape 1084" x="121" y="110" width="22" height="23"/>
 <SubTexture name="Graphic/shape 1085" x="141" y="0" width="42" height="25"/>
 <SubTexture name="Graphic/shape 1086" x="470" y="0" width="27" height="27"/>
 <SubTexture name="Graphic/shape 1087" x="329" y="0" width="26" height="31"/>
 <SubTexture name="Graphic/shape 1088" x="329" y="337" width="22" height="17"/>
 <SubTexture name="Graphic/shape 1089" x="24" y="85" width="24" height="23"/>
 <SubTexture name="Graphic/shape 1090" x="110" y="203" width="21" height="22"/>
 <SubTexture name="Graphic/shape 1091" x="166" y="112" width="20" height="25"/>
 <SubTexture name="Graphic/shape 1092" x="43" y="315" width="20" height="21"/>
 <SubTexture name="Graphic/shape 1093" x="43" y="271" width="20" height="21"/>
 <SubTexture name="Graphic/shape 1094" x="44" y="137" width="21" height="24"/>
 <SubTexture name="Graphic/shape 1095" x="43" y="249" width="21" height="21"/>
 <SubTexture name="Graphic/shape 1096" x="306" y="137" width="21" height="24"/>
 <SubTexture name="Graphic/shape 1097" x="480" y="144" width="23" height="21"/>
 <SubTexture name="Graphic/shape 1098" x="22" y="280" width="20" height="11"/>
 <SubTexture name="Graphic/shape 1099" x="248" y="182" width="22" height="21"/>
 <SubTexture name="Graphic/shape 1100" x="396" y="315" width="20" height="21"/>
 <SubTexture name="Graphic/shape 1101" x="354" y="37" width="24" height="26"/>
 <SubTexture name="Graphic/shape 1102" x="127" y="55" width="25" height="26"/>
 <SubTexture name="Graphic/shape 1103" x="306" y="29" width="21" height="28"/>
 <SubTexture name="Graphic/shape 1104" x="431" y="57" width="25" height="24"/>
 <SubTexture name="Graphic/shape 1105" x="109" y="270" width="20" height="21"/>
 <SubTexture name="Graphic/shape 1106" x="285" y="318" width="20" height="21"/>
 <SubTexture name="Graphic/shape 1107" x="397" y="271" width="20" height="21"/>
 <SubTexture name="Graphic/shape 1108" x="286" y="274" width="20" height="21"/>
 <SubTexture name="Graphic/shape 1109" x="0" y="298" width="20" height="21"/>
 <SubTexture name="Graphic/shape 1110" x="441" y="278" width="20" height="21"/>
 <SubTexture name="Graphic/shape 1111" x="110" y="181" width="21" height="21"/>
 <SubTexture name="Graphic/shape 1112" x="318" y="86" width="23" height="24"/>
 <SubTexture name="Graphic/shape 1113" x="132" y="162" width="21" height="22"/>
 <SubTexture name="Graphic/shape 1114" x="262" y="134" width="21" height="23"/>
 <SubTexture name="Graphic/shape 1115" x="22" y="266" width="20" height="13"/>
 <SubTexture name="Graphic/shape 1116" x="74" y="29" width="23" height="28"/>
 <SubTexture name="Graphic/shape 1117" x="286" y="296" width="20" height="21"/>
 <SubTexture name="Graphic/shape 1118" x="498" y="0" width="10" height="23"/>
 <SubTexture name="Graphic/shape 1119" x="440" y="300" width="20" height="21"/>
 <SubTexture name="Graphic/shape 1120" x="109" y="314" width="20" height="21"/>
 <SubTexture name="Graphic/shape 1121" x="322" y="167" width="20" height="23"/>
 <SubTexture name="Graphic/shape 1122" x="399" y="106" width="22" height="24"/>
 <SubTexture name="Graphic/shape 1123" x="442" y="0" width="27" height="27"/>
 <SubTexture name="Graphic/shape 1124" x="175" y="305" width="20" height="21"/>
 <SubTexture name="Graphic/shape 1125" x="477" y="212" width="21" height="21"/>
 <SubTexture name="Graphic/shape 1126" x="0" y="276" width="20" height="21"/>
 <SubTexture name="Graphic/shape 1127" x="264" y="270" width="20" height="21"/>
 <SubTexture name="Graphic/shape 1128" x="153" y="297" width="20" height="21"/>
 <SubTexture name="Graphic/shape 1129" x="65" y="246" width="21" height="21"/>
 <SubTexture name="Graphic/shape 1130" x="175" y="261" width="20" height="21"/>
 <SubTexture name="Graphic/shape 1131" x="374" y="307" width="20" height="21"/>
 <SubTexture name="Graphic/shape 1132" x="307" y="323" width="20" height="21"/>
 <SubTexture name="Graphic/shape 1133" x="197" y="296" width="20" height="21"/>
 <SubTexture name="Graphic/shape 1134" x="271" y="203" width="21" height="22"/>
 <SubTexture name="Graphic/shape 1135" x="359" y="241" width="21" height="21"/>
 <SubTexture name="Graphic/shape 1136" x="87" y="248" width="21" height="21"/>
 <SubTexture name="Graphic/shape 1137" x="366" y="219" width="21" height="21"/>
 <SubTexture name="Graphic/shape 1138" x="132" y="229" width="21" height="21"/>
 <SubTexture name="Graphic/shape 1139" x="158" y="138" width="21" height="24"/>
 <SubTexture name="Graphic/shape 1140" x="353" y="263" width="20" height="21"/>
 <SubTexture name="Graphic/shape 1141" x="352" y="285" width="20" height="21"/>
 <SubTexture name="Graphic/shape 1142" x="197" y="274" width="20" height="21"/>
 <SubTexture name="Graphic/shape 1143" x="379" y="57" width="25" height="24"/>
 <SubTexture name="Graphic/shape 1144" x="177" y="56" width="23" height="27"/>
 <SubTexture name="Graphic/shape 1145" x="280" y="56" width="23" height="27"/>
 <SubTexture name="Graphic/shape 1146" x="419" y="276" width="20" height="21"/>
 <SubTexture name="Graphic/shape 1147" x="469" y="277" width="20" height="21"/>
 <SubTexture name="Graphic/shape 1148" x="66" y="201" width="21" height="21"/>
 <SubTexture name="Graphic/shape 1149" x="88" y="203" width="21" height="21"/>
 <SubTexture name="Graphic/shape 1150" x="74" y="85" width="23" height="23"/>
 <SubTexture name="Graphic/shape 1151" x="280" y="29" width="25" height="26"/>
 <SubTexture name="Graphic/shape 1152" x="22" y="136" width="21" height="24"/>
 <SubTexture name="Graphic/shape 1153" x="344" y="182" width="22" height="21"/>
 <SubTexture name="Graphic/shape 1154" x="374" y="285" width="20" height="21"/>
 <SubTexture name="Graphic/shape 1155" x="308" y="301" width="20" height="21"/>
 <SubTexture name="Graphic/shape 1156" x="65" y="268" width="20" height="21"/>
 <SubTexture name="Graphic/shape 1157" x="225" y="182" width="22" height="21"/>
 <SubTexture name="Graphic/shape 1158" x="131" y="295" width="20" height="21"/>
 <SubTexture name="Graphic/shape 1159" x="175" y="283" width="20" height="21"/>
 <SubTexture name="Graphic/shape 1160" x="485" y="302" width="20" height="21"/>
 <SubTexture name="Graphic/shape 1161" x="98" y="85" width="23" height="24"/>
 <SubTexture name="Graphic/shape 1162" x="342" y="91" width="22" height="24"/>
 <SubTexture name="Graphic/shape 1163" x="43" y="293" width="20" height="21"/>
 <SubTexture name="Graphic/shape 1164" x="87" y="292" width="20" height="21"/>
 <SubTexture name="Graphic/shape 1165" x="457" y="57" width="24" height="26"/>
 <SubTexture name="Graphic/shape 1166" x="379" y="0" width="28" height="28"/>
 <SubTexture name="Graphic/shape 1167" x="337" y="227" width="21" height="21"/>
 <SubTexture name="Graphic/shape 1168" x="153" y="275" width="20" height="21"/>
 <SubTexture name="Graphic/shape 1169" x="114" y="134" width="21" height="23"/>
 <SubTexture name="Graphic/shape 1170" x="0" y="164" width="20" height="23"/>
 <SubTexture name="Graphic/shape 1171" x="480" y="166" width="20" height="23"/>
 <SubTexture name="Graphic/shape 1172" x="241" y="315" width="20" height="21"/>
 <SubTexture name="Graphic/shape 1173" x="411" y="204" width="20" height="22"/>
 <SubTexture name="Graphic/shape 1174" x="0" y="254" width="21" height="21"/>
 <SubTexture name="Graphic/shape 1175" x="242" y="271" width="20" height="21"/>
 <SubTexture name="Graphic/shape 1176" x="304" y="58" width="23" height="26"/>
 <SubTexture name="Graphic/shape 1177" x="0" y="63" width="23" height="25"/>
 <SubTexture name="Graphic/shape 1178" x="352" y="307" width="20" height="21"/>
 <SubTexture name="Graphic/shape 1179" x="245" y="58" width="23" height="26"/>
 <SubTexture name="Graphic/shape 1180" x="487" y="41" width="24" height="26"/>
 <SubTexture name="Graphic/shape 1181" x="88" y="226" width="21" height="21"/>
 <SubTexture name="Graphic/shape 1182" x="228" y="26" width="25" height="28"/>
 <SubTexture name="Graphic/shape 1183" x="455" y="212" width="21" height="21"/>
 <SubTexture name="Graphic/shape 1184" x="467" y="120" width="23" height="21"/>
 <SubTexture name="Graphic/shape 1185" x="188" y="131" width="23" height="21"/>
 <SubTexture name="Graphic/shape 1186" x="153" y="319" width="20" height="21"/>
 <SubTexture name="Graphic/shape 1187" x="491" y="120" width="20" height="23"/>
 <SubTexture name="Graphic/shape 1188" x="425" y="254" width="21" height="21"/>
 <SubTexture name="Graphic/shape 1189" x="154" y="231" width="21" height="21"/>
 <SubTexture name="Graphic/shape 1190" x="110" y="226" width="21" height="21"/>
 <SubTexture name="Graphic/shape 1191" x="176" y="239" width="21" height="21"/>
 <SubTexture name="Graphic/shape 1192" x="65" y="312" width="20" height="21"/>
 <SubTexture name="Graphic/shape 1193" x="315" y="213" width="21" height="21"/>
 <SubTexture name="Graphic/shape 1194" x="405" y="52" width="25" height="25"/>
 <SubTexture name="Graphic/shape 1195" x="88" y="181" width="21" height="21"/>
 <SubTexture name="Graphic/shape 1196" x="328" y="142" width="20" height="24"/>
 <SubTexture name="Graphic/shape 1197" x="234" y="158" width="21" height="23"/>
 <SubTexture name="Graphic/shape 1198" x="396" y="293" width="20" height="21"/>
 <SubTexture name="Graphic/shape 1199" x="220" y="271" width="20" height="21"/>
 <SubTexture name="Graphic/shape 1200" x="454" y="234" width="21" height="21"/>
 <SubTexture name="Graphic/shape 1201" x="198" y="230" width="21" height="21"/>
 <SubTexture name="Graphic/shape 1202" x="65" y="290" width="20" height="21"/>
 <SubTexture name="Graphic/shape 1203" x="352" y="64" width="23" height="26"/>
 <SubTexture name="Graphic/shape 1204" x="458" y="142" width="20" height="24"/>
 <SubTexture name="Graphic/shape 1205" x="328" y="60" width="23" height="25"/>
 <SubTexture name="Graphic/shape 1206" x="436" y="135" width="21" height="23"/>
 <SubTexture name="Graphic/shape 1207" x="131" y="317" width="20" height="21"/>
 <SubTexture name="Graphic/shape 1208" x="402" y="153" width="21" height="22"/>
 <SubTexture name="Graphic/shape 1209" x="241" y="293" width="20" height="21"/>
 <SubTexture name="Graphic/shape 1210" x="278" y="181" width="21" height="21"/>
 <SubTexture name="Graphic/shape 1211" x="221" y="204" width="21" height="22"/>
 <SubTexture name="Graphic/shape 1212" x="422" y="106" width="22" height="24"/>
 <SubTexture name="Graphic/shape 1213" x="344" y="204" width="20" height="21"/>
 <SubTexture name="Graphic/shape 1214" x="264" y="292" width="20" height="21"/>
 <SubTexture name="Graphic/shape 1215" x="278" y="158" width="21" height="22"/>
 <SubTexture name="Graphic/shape 1216" x="331" y="249" width="21" height="21"/>
 <SubTexture name="Graphic/shape 1217" x="484" y="324" width="20" height="21"/>
 <SubTexture name="Graphic/shape 1218" x="264" y="248" width="21" height="21"/>
 <SubTexture name="Graphic/shape 1219" x="22" y="331" width="20" height="10"/>
 <SubTexture name="Graphic/shape 1220" x="176" y="218" width="21" height="20"/>
 <SubTexture name="Graphic/shape 1221" x="478" y="95" width="22" height="24"/>
 <SubTexture name="Graphic/shape 1222" x="220" y="55" width="24" height="27"/>
 <SubTexture name="Graphic/shape 1223" x="379" y="29" width="25" height="27"/>
 <SubTexture name="Graphic/shape 1224" x="185" y="0" width="42" height="26"/>
 <SubTexture name="Graphic/shape 1225" x="109" y="336" width="21" height="17"/>
 <SubTexture name="Graphic/shape 1226" x="22" y="206" width="20" height="22"/>
 <SubTexture name="Graphic/shape 1227" x="242" y="249" width="21" height="21"/>
 <SubTexture name="Graphic/shape 1228" x="52" y="58" width="21" height="26"/>
 <SubTexture name="Graphic/shape 1229" x="432" y="232" width="21" height="21"/>
 <SubTexture name="Graphic/shape 1230" x="418" y="298" width="20" height="21"/>
 <SubTexture name="Graphic/shape 1231" x="491" y="277" width="20" height="11"/>
 <SubTexture name="Graphic/shape 1232" x="336" y="116" width="20" height="25"/>
 <SubTexture name="Graphic/shape 1233" x="453" y="84" width="24" height="23"/>
 <SubTexture name="Graphic/shape 1234" x="87" y="336" width="21" height="17"/>
 <SubTexture name="Graphic/shape 1235" x="287" y="230" width="21" height="21"/>
 <SubTexture name="Graphic/shape 1236" x="44" y="185" width="21" height="21"/>
 <SubTexture name="Graphic/shape 1237" x="22" y="230" width="20" height="21"/>
 <SubTexture name="Graphic/shape 1238" x="428" y="82" width="24" height="23"/>
 <SubTexture name="Graphic/shape 1239" x="22" y="318" width="20" height="12"/>
 <SubTexture name="Graphic/shape 1240" x="22" y="292" width="20" height="12"/>
 <SubTexture name="Graphic/shape 1241" x="309" y="235" width="21" height="21"/>
 <SubTexture name="Graphic/shape 1242" x="0" y="320" width="20" height="21"/>
 <SubTexture name="Graphic/shape 1243" x="245" y="85" width="23" height="24"/>
 <SubTexture name="Graphic/shape 1244" x="154" y="163" width="20" height="23"/>
 <SubTexture name="Graphic/shape 1245" x="263" y="336" width="20" height="8"/>
 <SubTexture name="Graphic/shape 1246" x="136" y="137" width="21" height="24"/>
 <SubTexture name="Graphic/shape 1247" x="376" y="82" width="22" height="27"/>
 <SubTexture name="Graphic/shape 1248" x="491" y="289" width="20" height="12"/>
 <SubTexture name="Graphic/shape 1249" x="153" y="253" width="21" height="21"/>
 <SubTexture name="Graphic/shape 1250" x="66" y="156" width="21" height="22"/>
 <SubTexture name="Graphic/shape 1251" x="294" y="85" width="23" height="24"/>
 <SubTexture name="Graphic/shape 1252" x="0" y="139" width="20" height="24"/>
 <SubTexture name="Graphic/shape 1253" x="388" y="219" width="21" height="21"/>
 <SubTexture name="Graphic/shape 1254" x="22" y="305" width="20" height="12"/>
 <SubTexture name="Graphic/shape 1255" x="147" y="84" width="22" height="26"/>
 <SubTexture name="Graphic/shape 1256" x="0" y="89" width="23" height="23"/>
 <SubTexture name="Graphic/shape 1257" x="212" y="137" width="21" height="24"/>
 <SubTexture name="Graphic/shape 1258" x="43" y="337" width="20" height="8"/>
 <SubTexture name="Graphic/shape 1259" x="24" y="109" width="20" height="26"/>
 <SubTexture name="Graphic/shape 1260" x="170" y="84" width="20" height="27"/>
 <SubTexture name="Graphic/shape 1261" x="269" y="107" width="21" height="26"/>
 <SubTexture name="Graphic/shape 1262" x="198" y="208" width="21" height="21"/>
 <SubTexture name="Graphic/shape 1263" x="132" y="207" width="21" height="21"/>
 <SubTexture name="Graphic/shape 1264" x="381" y="241" width="21" height="21"/>
 <SubTexture name="Graphic/shape 1265" x="266" y="0" width="32" height="27"/>
 <SubTexture name="Graphic/shape 1266" x="65" y="334" width="21" height="16"/>
 <SubTexture name="Graphic/shape 1267" x="224" y="83" width="20" height="27"/>
 <SubTexture name="Graphic/shape 1268" x="0" y="113" width="20" height="25"/>
 <SubTexture name="Graphic/shape 1269" x="97" y="110" width="23" height="23"/>
 <SubTexture name="Graphic/shape 1270" x="408" y="0" width="32" height="22"/>
 <SubTexture name="Graphic/shape 1271" x="375" y="263" width="20" height="21"/>
 <SubTexture name="Graphic/shape 1272" x="197" y="318" width="20" height="21"/>
 <SubTexture name="Graphic/shape 1273" x="263" y="314" width="20" height="21"/>
 <SubTexture name="Graphic/shape 1274" x="43" y="227" width="21" height="21"/>
 <SubTexture name="Graphic/shape 1275" x="66" y="224" width="21" height="21"/>
 <SubTexture name="Graphic/shape 1276" x="242" y="227" width="21" height="21"/>
 <SubTexture name="Graphic/shape 1277" x="220" y="227" width="21" height="21"/>
</TextureAtlas>