<root name="pause_mc" isGlobal="0" frameRate="30" version="3.0">
 <armature name="pause_mc">
  <skin name="default">
   <slot name="Layer 20" z="0" parent="Layer 20">
    <display name="__dbTextures/pause_mc/Layer 20_0" type="image">
     <transform x="-325" pX="0" pY="0" skX="0" skY="0" scX="1" y="-227" scY="1"/>
    </display>
   </slot>
   <slot name="Layer 19" z="1" parent="Layer 19">
    <display name="Symbol 171" type="image">
     <transform x="0" pX="10.75" pY="10.25" skX="0" skY="0" scX="1" y="0" scY="1"/>
    </display>
   </slot>
   <slot name="Layer 18" z="2" parent="Layer 18">
    <display name="Symbol 171" type="image">
     <transform x="0" pX="10.75" pY="10.25" skX="0" skY="0" scX="1" y="0" scY="1"/>
    </display>
   </slot>
   <slot name="Layer 17" z="3" parent="Layer 17">
    <display name="Symbol 171" type="image">
     <transform x="0" pX="10.75" pY="10.25" skX="0" skY="0" scX="1" y="0" scY="1"/>
    </display>
   </slot>
   <slot name="Layer 16" z="4" parent="Layer 16">
    <display name="Symbol 171" type="image">
     <transform x="0" pX="10.75" pY="10.25" skX="0" skY="0" scX="1" y="0" scY="1"/>
    </display>
   </slot>
   <slot name="Layer 15" z="5" parent="Layer 15">
    <display name="Symbol 171" type="image">
     <transform x="0" pX="10.75" pY="10.25" skX="0" skY="0" scX="1" y="0" scY="1"/>
    </display>
   </slot>
   <slot name="Layer 14" z="6" parent="Layer 14">
    <display name="Symbol 171" type="image">
     <transform x="0" pX="10.75" pY="10.25" skX="0" skY="0" scX="1" y="0" scY="1"/>
    </display>
   </slot>
   <slot name="Layer 13" z="7" parent="Layer 13">
    <display name="Symbol 171" type="image">
     <transform x="0" pX="10.75" pY="10.25" skX="0" skY="0" scX="1" y="0" scY="1"/>
    </display>
   </slot>
   <slot name="Layer 12" z="8" parent="Layer 12">
    <display name="Symbol 171" type="image">
     <transform x="0" pX="10.75" pY="10.25" skX="0" skY="0" scX="1" y="0" scY="1"/>
    </display>
   </slot>
   <slot name="Layer 11" z="9" parent="Layer 11">
    <display name="Symbol 171" type="image">
     <transform x="0" pX="10.75" pY="10.25" skX="0" skY="0" scX="1" y="0" scY="1"/>
    </display>
   </slot>
   <slot name="Layer 10" z="10" parent="Layer 10">
    <display name="Symbol 171" type="image">
     <transform x="0" pX="10.75" pY="10.25" skX="0" skY="0" scX="1" y="0" scY="1"/>
    </display>
   </slot>
   <slot name="Layer 9" z="11" parent="Layer 9">
    <display name="Symbol 171" type="image">
     <transform x="0" pX="10.75" pY="10.25" skX="0" skY="0" scX="1" y="0" scY="1"/>
    </display>
   </slot>
   <slot name="Layer 8" z="12" parent="Layer 8">
    <display name="Symbol 171" type="image">
     <transform x="0" pX="10.75" pY="10.25" skX="0" skY="0" scX="1" y="0" scY="1"/>
    </display>
   </slot>
   <slot name="Layer 7" z="13" parent="Layer 7">
    <display name="Symbol 171" type="image">
     <transform x="0" pX="10.75" pY="10.25" skX="0" skY="0" scX="1" y="0" scY="1"/>
    </display>
   </slot>
   <slot name="Layer 6" z="14" parent="Layer 6">
    <display name="Symbol 2605" type="image">
     <transform x="0" pX="26.4" pY="19" skX="0" skY="0" scX="1" y="0" scY="1"/>
    </display>
   </slot>
   <slot name="Layer 5" z="15" parent="Layer 5">
    <display name="Symbol 2606" type="image">
     <transform x="0" pX="-195.55" pY="-116.8" skX="0" skY="0" scX="1" y="0" scY="1"/>
    </display>
   </slot>
   <slot name="resume_bt" z="16" parent="resume_bt">
    <display name="resume_bt" type="armature">
     <transform scY="1" skY="0" x="0" scX="1" skX="0" y="0"/>
    </display>
   </slot>
   <slot name="home_bt" z="17" parent="home_bt">
    <display name="home_bt" type="armature">
     <transform scY="1" skY="0" x="0" scX="1" skX="0" y="0"/>
    </display>
   </slot>
   <slot name="Layer 2" z="18" parent="Layer 2">
    <display name="Symbol 2625" type="image">
     <transform x="0" pX="46.2" pY="18" skX="0" skY="0" scX="1" y="0" scY="1"/>
    </display>
   </slot>
   <slot name="Layer 1" z="19" parent="Layer 1">
    <display name="__dbTextures/pause_mc/Layer 1_0" type="image">
     <transform x="-6.95" pX="0" pY="0" skX="0" skY="0" scX="1" y="-5.85" scY="1"/>
    </display>
   </slot>
  </skin>
  <bone name="Layer 10">
   <transform y="210.1" skY="-30" x="601.4" scX="-1" skX="-30" scY="1"/>
  </bone>
  <bone name="Layer 19">
   <transform y="76.5" skY="30" x="509.85" scX="1" skX="30" scY="1"/>
  </bone>
  <bone name="Layer 18">
   <transform y="351.9" skY="30" x="64.9" scX="1" skX="30" scY="1"/>
  </bone>
  <bone name="Layer 17">
   <transform y="153.2" skY="30" x="44.95" scX="1" skX="30" scY="1"/>
  </bone>
  <bone name="Layer 16">
   <transform y="294.45" skY="30" x="377.15" scX="1" skX="30" scY="1"/>
  </bone>
  <bone name="Layer 15">
   <transform y="351.9" skY="-30" x="579.5" scX="-1" skX="-30" scY="1"/>
  </bone>
  <bone name="Layer 14">
   <transform y="48" skY="-30" x="111.6" scX="-1" skX="-30" scY="1"/>
  </bone>
  <bone name="Layer 13">
   <transform y="224.55" skY="-30" x="163.8" scX="-1" skX="-30" scY="1"/>
  </bone>
  <bone name="Layer 12">
   <transform y="276.05" skY="-30" x="302.4" scX="-1" skX="-30" scY="1"/>
  </bone>
  <bone name="Layer 11">
   <transform y="48" skY="-30" x="324.3" scX="-1" skX="-30" scY="1"/>
  </bone>
  <bone name="Layer 20">
   <transform y="227" skY="0" x="325" scX="1" skX="0" scY="1"/>
  </bone>
  <bone name="Layer 9">
   <transform y="389.15" skY="30" x="177.95" scX="1" skX="30" scY="1"/>
  </bone>
  <bone name="Layer 8">
   <transform y="389.5" skY="-30" x="492.8" scX="-1" skX="-30" scY="1"/>
  </bone>
  <bone name="Layer 7">
   <transform y="415.45" skY="30" x="335.85" scX="1" skX="30" scY="1"/>
  </bone>
  <bone name="Layer 6">
   <transform y="98.7" skY="0" x="319.95" scX="1.33" skX="0" scY="1.33"/>
  </bone>
  <bone name="Layer 5">
   <transform y="0" skY="0" x="0" scX="1" skX="0" scY="1"/>
  </bone>
  <bone name="resume_bt">
   <transform y="182.05" skY="0" x="412.2" scX="1" skX="0" scY="1"/>
  </bone>
  <bone name="home_bt">
   <transform y="185.05" skY="0" x="235.15" scX="1" skX="0" scY="1"/>
  </bone>
  <bone name="Layer 2">
   <transform y="128.4" skY="0" x="326.45" scX="1" skX="0" scY="1"/>
  </bone>
  <bone name="Layer 1">
   <transform y="108.75" skY="0" x="341.4" scX="1" skX="0" scY="1"/>
  </bone>
  <animation name="pause_mc" scale="1" loop="1" duration="1" autoTween="NaN" fadeInTime="0.3" tweenEasing="NaN">
   <timeline name="Layer 20" scale="1" pX="0" pY="0" offset="0">
    <frame z="0" duration="1" tweenEasing="NaN">
     <transform x="0" pX="0" pY="0" skX="0" skY="0" scX="1" y="0" scY="1"/>
    </frame>
   </timeline>
   <timeline name="Layer 19" scale="1" pX="0" pY="0" offset="0">
    <frame z="0" duration="1">
     <transform x="0" pX="0" pY="0" skX="0" skY="0" scX="1" y="0" scY="1"/>
    </frame>
   </timeline>
   <timeline name="Layer 18" scale="1" pX="0" pY="0" offset="0">
    <frame z="0" duration="1">
     <transform x="0" pX="0" pY="0" skX="0" skY="0" scX="1" y="0" scY="1"/>
    </frame>
   </timeline>
   <timeline name="Layer 17" scale="1" pX="0" pY="0" offset="0">
    <frame z="0" duration="1">
     <transform x="0" pX="0" pY="0" skX="0" skY="0" scX="1" y="0" scY="1"/>
    </frame>
   </timeline>
   <timeline name="Layer 16" scale="1" pX="0" pY="0" offset="0">
    <frame z="0" duration="1">
     <transform x="0" pX="0" pY="0" skX="0" skY="0" scX="1" y="0" scY="1"/>
    </frame>
   </timeline>
   <timeline name="Layer 15" scale="1" pX="0" pY="0" offset="0">
    <frame z="0" duration="1">
     <transform x="0" pX="0" pY="0" skX="0" skY="0" scX="1" y="0" scY="1"/>
    </frame>
   </timeline>
   <timeline name="Layer 14" scale="1" pX="0" pY="0" offset="0">
    <frame z="0" duration="1">
     <transform x="0" pX="0" pY="0" skX="0" skY="0" scX="1" y="0" scY="1"/>
    </frame>
   </timeline>
   <timeline name="Layer 13" scale="1" pX="0" pY="0" offset="0">
    <frame z="0" duration="1">
     <transform x="0" pX="0" pY="0" skX="0" skY="0" scX="1" y="0" scY="1"/>
    </frame>
   </timeline>
   <timeline name="Layer 12" scale="1" pX="0" pY="0" offset="0">
    <frame z="0" duration="1">
     <transform x="0" pX="0" pY="0" skX="0" skY="0" scX="1" y="0" scY="1"/>
    </frame>
   </timeline>
   <timeline name="Layer 11" scale="1" pX="0" pY="0" offset="0">
    <frame z="0" duration="1">
     <transform x="0" pX="0" pY="0" skX="0" skY="0" scX="1" y="0" scY="1"/>
    </frame>
   </timeline>
   <timeline name="Layer 10" scale="1" pX="0" pY="0" offset="0">
    <frame z="0" duration="1">
     <transform x="0" pX="0" pY="0" skX="0" skY="0" scX="1" y="0" scY="1"/>
    </frame>
   </timeline>
   <timeline name="Layer 9" scale="1" pX="0" pY="0" offset="0">
    <frame z="0" duration="1">
     <transform x="0" pX="0" pY="0" skX="0" skY="0" scX="1" y="0" scY="1"/>
    </frame>
   </timeline>
   <timeline name="Layer 8" scale="1" pX="0" pY="0" offset="0">
    <frame z="0" duration="1">
     <transform x="0" pX="0" pY="0" skX="0" skY="0" scX="1" y="0" scY="1"/>
    </frame>
   </timeline>
   <timeline name="Layer 7" scale="1" pX="0" pY="0" offset="0">
    <frame z="0" duration="1">
     <transform x="0" pX="0" pY="0" skX="0" skY="0" scX="1" y="0" scY="1"/>
    </frame>
   </timeline>
   <timeline name="Layer 6" scale="1" pX="0" pY="0" offset="0">
    <frame z="0" duration="1">
     <transform x="0" pX="0" pY="0" skX="0" skY="0" scX="1" y="0" scY="1"/>
    </frame>
   </timeline>
   <timeline name="Layer 5" scale="1" pX="0" pY="0" offset="0">
    <frame z="0" duration="1">
     <transform x="0" pX="0" pY="0" skX="0" skY="0" scX="1" y="0" scY="1"/>
    </frame>
   </timeline>
   <timeline name="resume_bt" scale="1" pX="0" pY="0" offset="0">
    <frame z="0" duration="1">
     <transform x="0" pX="0" pY="0" skX="0" skY="0" scX="1" y="0" scY="1"/>
    </frame>
   </timeline>
   <timeline name="home_bt" scale="1" pX="0" pY="0" offset="0">
    <frame z="0" duration="1">
     <transform x="0" pX="0" pY="0" skX="0" skY="0" scX="1" y="0" scY="1"/>
    </frame>
   </timeline>
   <timeline name="Layer 2" scale="1" pX="0" pY="0" offset="0">
    <frame z="0" duration="1">
     <transform x="0" pX="0" pY="0" skX="0" skY="0" scX="1" y="0" scY="1"/>
    </frame>
   </timeline>
   <timeline name="Layer 1" scale="1" pX="0" pY="0" offset="0">
    <frame z="0" duration="1" tweenEasing="NaN">
     <transform x="0" pX="0" pY="0" skX="0" skY="0" scX="1" y="0" scY="1"/>
    </frame>
   </timeline>
  </animation>
 </armature>
 <armature name="resume_bt">
  <skin name="default">
   <slot name="Layer 2" z="0" parent="Layer 2">
    <display name="Symbol 1729" type="image">
     <transform x="0" pX="20.6" pY="21.15" skX="0" skY="0" scX="1" y="0" scY="1"/>
    </display>
    <display name="Symbol 2609" type="image">
     <transform x="0" pX="20.1" pY="19.5" skX="0" skY="0" scX="1" y="0" scY="1"/>
    </display>
    <display name="Symbol 2610" type="image">
     <transform x="0" pX="20.1" pY="19.5" skX="0" skY="0" scX="1" y="0" scY="1"/>
    </display>
    <display name="Symbol 2611" type="image">
     <transform x="0" pX="20.1" pY="19.5" skX="0" skY="0" scX="1" y="0" scY="1"/>
    </display>
   </slot>
   <slot name="Layer 1" z="1" parent="Layer 1">
    <display name="Symbol 2608" type="image">
     <transform x="0" pX="5.1" pY="8.9" skX="0" skY="0" scX="1" y="0" scY="1"/>
    </display>
    <display name="__dbTextures/resume_bt/Layer 1_3" type="image">
     <transform x="-7.45" pX="0" pY="0" skX="0" skY="0" scX="1" y="-9.5" scY="1"/>
    </display>
   </slot>
  </skin>
  <bone name="Layer 2">
   <transform y="0" skY="0" x="0" scX="1" skX="0" scY="1"/>
  </bone>
  <bone name="Layer 1">
   <transform y="9.85" skY="0" x="-0.75" scX="1" skX="0" scY="1"/>
  </bone>
  <animation name="resume_bt" scale="1" loop="1" duration="4" autoTween="NaN" fadeInTime="0.3" tweenEasing="NaN">
   <timeline name="Layer 2" scale="1" pX="0" pY="0" offset="0">
    <frame z="0" duration="1">
     <transform x="0" pX="0" pY="0" skX="0" skY="0" scX="1" y="0" scY="1"/>
    </frame>
    <frame displayIndex="1" z="0" duration="1">
     <transform x="0" pX="0" pY="0" skX="0" skY="0" scX="1" y="0" scY="1"/>
    </frame>
    <frame displayIndex="2" z="0" duration="1">
     <transform x="0" pX="0" pY="0" skX="0" skY="0" scX="1" y="0" scY="1"/>
    </frame>
    <frame displayIndex="3" z="0" duration="1">
     <transform x="0" pX="0" pY="0" skX="0" skY="0" scX="1" y="0" scY="1"/>
    </frame>
   </timeline>
   <timeline name="Layer 1" scale="1" pX="0" pY="0" offset="0">
    <frame z="0" duration="1">
     <transform x="0" pX="0" pY="0" skX="0" skY="0" scX="1" y="0" scY="1"/>
    </frame>
    <frame z="0" duration="1">
     <transform x="0" pX="0" pY="0" skX="0" skY="0" scX="1" y="0" scY="1"/>
    </frame>
    <frame z="0" duration="1">
     <transform x="0" pX="0" pY="0" skX="0" skY="0" scX="0.9" y="0" scY="0.9"/>
    </frame>
    <frame z="0" displayIndex="1" duration="1" tweenEasing="NaN">
     <transform x="3.1" pX="0" pY="0" skX="0" skY="0" scX="1" y="-9.25" scY="1"/>
    </frame>
   </timeline>
  </animation>
 </armature>
 <armature name="home_bt">
  <skin name="default">
   <slot name="home_bt" z="0" parent="home_bt">
    <display name="home_bt1" type="image">
     <transform x="0" pX="24.25" pY="20.6" skX="0" skY="0" scX="1" y="0" scY="1"/>
    </display>
    <display name="home_bt2" type="armature">
     <transform scY="1" skY="0" x="0" scX="1" skX="0" y="0"/>
    </display>
   </slot>
  </skin>
  <bone name="home_bt">
   <transform y="-3.8" skY="0" x="1.2" scX="1" skX="0" scY="1"/>
  </bone>
  <animation name="home_bt" scale="5" loop="0" duration="2" autoTween="NaN" fadeInTime="0.3" tweenEasing="2">
   <timeline name="home_bt" scale="1" pX="0" pY="0" offset="0">
    <frame z="0" duration="1">
     <transform x="0" pX="0" pY="0" skX="0" skY="0" scX="1" y="0" scY="1"/>
    </frame>
    <frame displayIndex="1" z="0" duration="1">
     <transform x="0" pX="0" pY="0" skX="0" skY="0" scX="1" y="0" scY="1"/>
    </frame>
   </timeline>
  </animation>
 </armature>
 <armature name="home_bt2">
  <skin name="default">
   <slot name="Layer 3" z="0" parent="Layer 3">
    <display name="Symbol 2613" type="image">
     <transform x="0" pX="24.25" pY="20.6" skX="0" skY="0" scX="1" y="0" scY="1"/>
    </display>
    <display name="Symbol 2616" type="image">
     <transform x="0" pX="23.1" pY="18.45" skX="0" skY="0" scX="1" y="0" scY="1"/>
    </display>
    <display name="Symbol 2617" type="image">
     <transform x="0" pX="23.1" pY="18.45" skX="0" skY="0" scX="1" y="0" scY="1"/>
    </display>
   </slot>
   <slot name="Layer 2" z="1" parent="Layer 2">
    <display name="Symbol 2621" type="image">
     <transform x="0" pX="1.8" pY="1.75" skX="0" skY="0" scX="1" y="0" scY="1"/>
    </display>
    <display name="Symbol 2618" type="image">
     <transform x="0" pX="23.1" pY="18.45" skX="0" skY="0" scX="1" y="0" scY="1"/>
    </display>
   </slot>
   <slot name="Layer 1" z="2" parent="Layer 1">
    <display name="__dbTextures/home_bt2/Layer 1_3" type="image">
     <transform x="-9.95" pX="0" pY="0" skX="0" skY="0" scX="1" y="-9.95" scY="1"/>
    </display>
   </slot>
  </skin>
  <bone name="Layer 3">
   <transform y="0" skY="0" x="0" scX="1" skX="0" scY="1"/>
  </bone>
  <bone name="Layer 2">
   <transform y="2.65" skY="0" x="-5.9" scX="1" skX="0" scY="1"/>
  </bone>
  <bone name="Layer 1">
   <transform y="8.2" skY="0" x="8.15" scX="1" skX="0" scY="1"/>
  </bone>
  <animation name="home_bt" scale="1" loop="1" duration="4" autoTween="NaN" fadeInTime="0.3" tweenEasing="NaN">
   <timeline name="Layer 3" scale="1" pX="0" pY="0" offset="0">
    <frame z="0" duration="1">
     <transform x="0" pX="0" pY="0" skX="0" skY="0" scX="1" y="0" scY="1"/>
    </frame>
    <frame displayIndex="1" z="0" duration="1">
     <transform x="0" pX="0" pY="0" skX="0" skY="0" scX="1" y="0" scY="1"/>
    </frame>
    <frame displayIndex="2" z="0" duration="1">
     <transform x="0" pX="0" pY="0" skX="0" skY="0" scX="1" y="0" scY="1"/>
    </frame>
    <frame displayIndex="-1" duration="1"/>
   </timeline>
   <timeline name="Layer 2" scale="1" pX="0" pY="0" offset="0">
    <frame z="0" duration="1">
     <transform x="0" pX="0" pY="0" skX="0" skY="0" scX="1" y="0" scY="1"/>
    </frame>
    <frame z="0" duration="1">
     <transform x="0" pX="0" pY="0" skX="0" skY="0" scX="1" y="0" scY="1"/>
    </frame>
    <frame z="0" duration="1">
     <transform x="0.8500000000000005" pX="0" pY="0" skX="0" skY="0" scX="0.9" y="0.8500000000000001" scY="0.9"/>
    </frame>
    <frame displayIndex="1" z="0" duration="1">
     <transform x="5.9" pX="0" pY="0" skX="0" skY="0" scX="1" y="-2.65" scY="1"/>
    </frame>
   </timeline>
   <timeline name="Layer 1" scale="1" pX="0" pY="0" offset="0">
    <frame displayIndex="-1" duration="3"/>
    <frame z="0" duration="1" tweenEasing="NaN">
     <transform x="0" pX="0" pY="0" skX="0" skY="0" scX="1" y="0" scY="1"/>
    </frame>
   </timeline>
  </animation>
 </armature>
</root>