<root name="icon_train_mc" isGlobal="0" frameRate="30" version="3.0">
 <armature name="icon_train_mc">
  <skin name="default">
   <slot name="icon2" z="0" parent="icon2">
    <display name="icon2" type="armature">
     <transform scY="1" skY="0" x="0" scX="1" skX="0" y="0"/>
    </display>
   </slot>
  </skin>
  <bone name="icon2">
   <transform y="0" skY="0" x="0" scX="1" skX="0" scY="1"/>
  </bone>
  <animation name="icon_train_mc" scale="1" loop="1" duration="25" autoTween="NaN" fadeInTime="0.3" tweenEasing="NaN">
   <timeline name="icon2" scale="1" pX="0" pY="0" offset="0">
    <frame z="0" duration="1">
     <transform x="0" pX="0" pY="0" skX="0" skY="0" scX="1" y="0" scY="1"/>
    </frame>
    <frame z="0" duration="1">
     <transform x="0" pX="0" pY="0" skX="0" skY="0" scX="1" y="-1.75" scY="1"/>
    </frame>
    <frame z="0" duration="1">
     <transform x="0" pX="0" pY="0" skX="0" skY="0" scX="1" y="-3.45" scY="1"/>
    </frame>
    <frame z="0" duration="1">
     <transform x="0" pX="0" pY="0" skX="0" skY="0" scX="1" y="-5.2" scY="1"/>
    </frame>
    <frame z="0" duration="1">
     <transform x="0" pX="0" pY="0" skX="0" skY="0" scX="1" y="-6.95" scY="1"/>
    </frame>
    <frame z="0" duration="1">
     <transform x="0" pX="0" pY="0" skX="0" skY="0" scX="1" y="-8.65" scY="1"/>
    </frame>
    <frame z="0" duration="1">
     <transform x="0" pX="0" pY="0" skX="0" skY="0" scX="1" y="-10.4" scY="1"/>
    </frame>
    <frame z="0" duration="1">
     <transform x="0" pX="0" pY="0" skX="0" skY="0" scX="1" y="-12.15" scY="1"/>
    </frame>
    <frame z="0" duration="1">
     <transform x="0" pX="0" pY="0" skX="0" skY="0" scX="1" y="-13.85" scY="1"/>
    </frame>
    <frame z="0" duration="1">
     <transform x="0" pX="0" pY="0" skX="0" skY="0" scX="1" y="-15.6" scY="1"/>
    </frame>
    <frame z="0" duration="1">
     <transform x="0" pX="0" pY="0" skX="0" skY="0" scX="1" y="-17.3" scY="1"/>
    </frame>
    <frame z="0" duration="1">
     <transform x="0" pX="0" pY="0" skX="0" skY="0" scX="1" y="-19.05" scY="1"/>
    </frame>
    <frame z="0" duration="1">
     <transform x="0" pX="0" pY="0" skX="0" skY="0" scX="1" y="-20.8" scY="1"/>
    </frame>
    <frame z="0" duration="1">
     <transform x="0" pX="0" pY="0" skX="0" skY="0" scX="1" y="-22.5" scY="1"/>
    </frame>
    <frame z="0" duration="1">
     <transform x="0" pX="0" pY="0" skX="0" skY="0" scX="1" y="-24.25" scY="1"/>
    </frame>
    <frame z="0" duration="1">
     <transform x="0" pX="0" pY="0" skX="0" skY="0" scX="1" y="-26" scY="1"/>
    </frame>
    <frame z="0" duration="1">
     <transform x="0" pX="0" pY="0" skX="0" skY="0" scX="1" y="-27.7" scY="1"/>
    </frame>
    <frame z="0" duration="1">
     <transform x="0" pX="0" pY="0" skX="0" skY="0" scX="1" y="-29.45" scY="1"/>
    </frame>
    <frame z="0" duration="1">
     <transform x="0" pX="0" pY="0" skX="0" skY="0" scX="1" y="-31.2" scY="1"/>
     <colorTransform bM="100" gO="0" bO="0" aM="88" rM="100" aO="0" gM="100" rO="0"/>
    </frame>
    <frame z="0" duration="1">
     <transform x="0" pX="0" pY="0" skX="0" skY="0" scX="1" y="-32.9" scY="1"/>
     <colorTransform bM="100" gO="0" bO="0" aM="77" rM="100" aO="0" gM="100" rO="0"/>
    </frame>
    <frame z="0" duration="1">
     <transform x="0" pX="0" pY="0" skX="0" skY="0" scX="1" y="-34.65" scY="1"/>
     <colorTransform bM="100" gO="0" bO="0" aM="65" rM="100" aO="0" gM="100" rO="0"/>
    </frame>
    <frame z="0" duration="1">
     <transform x="0" pX="0" pY="0" skX="0" skY="0" scX="1" y="-36.4" scY="1"/>
     <colorTransform bM="100" gO="0" bO="0" aM="54" rM="100" aO="0" gM="100" rO="0"/>
    </frame>
    <frame z="0" duration="1">
     <transform x="0" pX="0" pY="0" skX="0" skY="0" scX="1" y="-38.15" scY="1"/>
     <colorTransform bM="100" gO="0" bO="0" aM="42" rM="100" aO="0" gM="100" rO="0"/>
    </frame>
    <frame z="0" duration="1">
     <transform x="0" pX="0" pY="0" skX="0" skY="0" scX="1" y="-39.85" scY="1"/>
     <colorTransform bM="100" gO="0" bO="0" aM="31" rM="100" aO="0" gM="100" rO="0"/>
    </frame>
    <frame z="0" duration="1">
     <transform x="0" pX="0" pY="0" skX="0" skY="0" scX="1" y="-41.6" scY="1"/>
     <colorTransform bM="100" gO="0" bO="0" aM="19" rM="100" aO="0" gM="100" rO="0"/>
    </frame>
   </timeline>
  </animation>
 </armature>
 <armature name="icon2">
  <skin name="default">
   <slot name="Layer 1" z="0" parent="Layer 1">
    <display name="Symbol 2048" type="image">
     <transform x="0" pX="9.15" pY="8.2" skX="0" skY="0" scX="1" y="0" scY="1"/>
    </display>
    <display name="Symbol 2046" type="image">
     <transform x="0" pX="9.2" pY="7.75" skX="0" skY="0" scX="1" y="0" scY="1"/>
    </display>
    <display name="Symbol 2050" type="image">
     <transform x="0" pX="10.95" pY="7.55" skX="0" skY="0" scX="1" y="0" scY="1"/>
    </display>
    <display name="Symbol 2564" type="image">
     <transform x="0" pX="11.85" pY="9.8" skX="0" skY="0" scX="1" y="0" scY="1"/>
    </display>
    <display name="Symbol 2566" type="image">
     <transform x="0" pX="11.85" pY="9.8" skX="0" skY="0" scX="1" y="0" scY="1"/>
    </display>
    <display name="__dbTextures/icon2/Layer 1_5" type="image">
     <transform x="-9.1" pX="0.75" pY="0.75" skX="0" skY="0" scX="1" y="-9.1" scY="1"/>
    </display>
   </slot>
  </skin>
  <bone name="Layer 1">
   <transform y="0" skY="0" x="0.05" scX="1" skX="0" scY="1"/>
  </bone>
  <animation name="icon2" scale="1" loop="1" duration="6" autoTween="NaN" fadeInTime="0.3" tweenEasing="NaN">
   <timeline name="Layer 1" scale="1" pX="0" pY="0" offset="0">
    <frame z="0" duration="1">
     <transform x="0" pX="0" pY="0" skX="0" skY="0" scX="1" y="0" scY="1"/>
    </frame>
    <frame displayIndex="1" z="0" duration="1">
     <transform x="0" pX="0" pY="0" skX="0" skY="0" scX="1" y="-0.05" scY="1"/>
    </frame>
    <frame displayIndex="2" z="0" duration="1">
     <transform x="0" pX="0" pY="0" skX="0" skY="0" scX="1" y="0" scY="1"/>
    </frame>
    <frame displayIndex="3" z="0" duration="1">
     <transform x="-0.39999999999999997" pX="0" pY="0" skX="0" skY="0" scX="1" y="-1.2" scY="1"/>
    </frame>
    <frame displayIndex="4" z="0" duration="1">
     <transform x="-0.39999999999999997" pX="0" pY="0" skX="0" skY="0" scX="1" y="-1.2" scY="1"/>
    </frame>
    <frame z="0" displayIndex="5" duration="1" tweenEasing="NaN">
     <transform x="-0.45" pX="0" pY="0" skX="0" skY="0" scX="1" y="-1.25" scY="1"/>
    </frame>
   </timeline>
  </animation>
 </armature>
</root>