<root name="damage_mc" isGlobal="0" frameRate="30" version="3.0">
 <armature name="damage_mc">
  <skin name="default">
   <slot name="d2" z="0" parent="d2">
    <display name="d2" type="armature">
     <transform scY="1" skY="0" x="0" scX="1" skX="0" y="0"/>
    </display>
   </slot>
  </skin>
  <bone name="d2">
   <transform y="0" skY="0" x="0" scX="0.3" skX="0" scY="0.3"/>
  </bone>
  <animation name="damage_mc" scale="1" loop="1" duration="19" autoTween="NaN" fadeInTime="0.3" tweenEasing="NaN">
   <timeline name="d2" scale="1" pX="0" pY="0" offset="0">
    <frame z="0" duration="1">
     <transform x="0" pX="0" pY="0" skX="0" skY="0" scX="1" y="0" scY="1"/>
     <colorTransform bM="100" gO="0" bO="0" aM="0" rM="100" aO="0" gM="100" rO="0"/>
    </frame>
    <frame z="0" duration="1">
     <transform x="0" pX="0" pY="0" skX="0" skY="0" scX="3.066666666666667" y="0" scY="3.066666666666667"/>
     <colorTransform bM="100" gO="0" bO="0" aM="50" rM="100" aO="0" gM="100" rO="0"/>
    </frame>
    <frame z="0" duration="1">
     <transform x="0" pX="0" pY="0" skX="0" skY="0" scX="5.166666666666667" y="0" scY="5.166666666666667"/>
    </frame>
    <frame z="0" duration="1">
     <transform x="0" pX="0" pY="0" skX="0" skY="0" scX="4.566666666666667" y="0" scY="4.566666666666667"/>
    </frame>
    <frame z="0" duration="1">
     <transform x="0" pX="0" pY="0" skX="0" skY="0" scX="3.933333333333333" y="0" scY="3.933333333333333"/>
    </frame>
    <frame z="0" duration="1">
     <transform x="0" pX="0" pY="0" skX="0" skY="0" scX="3.3333333333333335" y="0" scY="3.3333333333333335"/>
    </frame>
    <frame z="0" duration="1">
     <transform x="0" pX="0" pY="0" skX="0" skY="0" scX="3.3333333333333335" y="-6.3" scY="3.3333333333333335"/>
    </frame>
    <frame z="0" duration="1">
     <transform x="0" pX="0" pY="0" skX="0" skY="0" scX="3.3333333333333335" y="-12.6" scY="3.3333333333333335"/>
    </frame>
    <frame z="0" duration="1">
     <transform x="0" pX="0" pY="0" skX="0" skY="0" scX="3.3333333333333335" y="-18.9" scY="3.3333333333333335"/>
    </frame>
    <frame z="0" duration="1">
     <transform x="0" pX="0" pY="0" skX="0" skY="0" scX="3.3333333333333335" y="-25.2" scY="3.3333333333333335"/>
    </frame>
    <frame z="0" duration="1">
     <transform x="0" pX="0" pY="0" skX="0" skY="0" scX="3.3333333333333335" y="-31.5" scY="3.3333333333333335"/>
    </frame>
    <frame z="0" duration="1">
     <transform x="0" pX="0" pY="0" skX="0" skY="0" scX="3.3333333333333335" y="-37.8" scY="3.3333333333333335"/>
    </frame>
    <frame z="0" duration="1">
     <transform x="0" pX="0" pY="0" skX="0" skY="0" scX="3.3333333333333335" y="-44.1" scY="3.3333333333333335"/>
    </frame>
    <frame z="0" duration="1">
     <transform x="0" pX="0" pY="0" skX="0" skY="0" scX="3.3333333333333335" y="-50.4" scY="3.3333333333333335"/>
    </frame>
    <frame z="0" duration="1">
     <transform x="0" pX="0" pY="0" skX="0" skY="0" scX="3.3333333333333335" y="-56.7" scY="3.3333333333333335"/>
    </frame>
    <frame z="0" duration="1">
     <transform x="0" pX="0" pY="0" skX="0" skY="0" scX="3.3333333333333335" y="-63" scY="3.3333333333333335"/>
    </frame>
    <frame z="0" duration="1">
     <transform x="0" pX="0" pY="0" skX="0" skY="0" scX="3.3333333333333335" y="-72.35" scY="3.3333333333333335"/>
     <colorTransform bM="100" gO="0" bO="0" aM="67" rM="100" aO="0" gM="100" rO="0"/>
    </frame>
    <frame z="0" duration="1">
     <transform x="0" pX="0" pY="0" skX="0" skY="0" scX="3.3333333333333335" y="-81.65" scY="3.3333333333333335"/>
     <colorTransform bM="100" gO="0" bO="0" aM="33" rM="100" aO="0" gM="100" rO="0"/>
    </frame>
    <frame z="0" duration="1">
     <transform x="0" pX="0" pY="0" skX="0" skY="0" scX="3.3333333333333335" y="-91" scY="3.3333333333333335"/>
     <colorTransform bM="100" gO="0" bO="0" aM="0" rM="100" aO="0" gM="100" rO="0"/>
    </frame>
   </timeline>
  </animation>
 </armature>
 <armature name="d2">
  <skin name="default">
   <slot name="d_tx" z="0" parent="d_tx">
    <display name="位图 2" type="image">
     <transform x="-57" pX="0" pY="0" skX="0" skY="0" scX="1" y="-37.5" scY="1"/>
    </display>
    <display name="位图 1" type="image">
     <transform x="-57" pX="0" pY="0" skX="0" skY="0" scX="1" y="-40" scY="1"/>
    </display>
   </slot>
  </skin>
  <bone name="d_tx">
   <transform y="3.95" skY="0" x="2" scX="1" skX="0" scY="1"/>
  </bone>
  <animation name="d2" scale="5" loop="0" duration="2" autoTween="NaN" fadeInTime="0.3" tweenEasing="2">
   <timeline name="d_tx" scale="1" pX="0" pY="0" offset="0">
    <frame z="0" duration="1">
     <transform x="0" pX="0" pY="0" skX="0" skY="0" scX="1" y="0" scY="1"/>
    </frame>
    <frame displayIndex="1" z="0" duration="1">
     <transform x="0" pX="0" pY="0" skX="0" skY="0" scX="1" y="2.5" scY="1"/>
    </frame>
   </timeline>
  </animation>
 </armature>
</root>