<root name="fireball_mc" isGlobal="0" frameRate="30" version="3.0">
 <armature name="fireball_mc">
  <skin name="default">
   <slot name="Layer 2" z="0" parent="Layer 2">
    <display name="__dbTextures/fireball_mc/Layer 2_0" type="image">
     <transform x="-20.1" pX="0" pY="0" skX="0" skY="0" scX="1" y="-14.75" scY="1"/>
    </display>
    <display name="__dbTextures/fireball_mc/Layer 2_3" type="image">
     <transform x="-20.5" pX="0" pY="0" skX="0" skY="0" scX="1" y="-19.05" scY="1"/>
    </display>
    <display name="__dbTextures/fireball_mc/Layer 2_6" type="image">
     <transform x="-20.5" pX="0" pY="0" skX="0" skY="0" scX="1" y="-14.85" scY="1"/>
    </display>
    <display name="__dbTextures/fireball_mc/Layer 2_9" type="image">
     <transform x="-20.1" pX="0" pY="0" skX="0" skY="0" scX="1" y="-14.75" scY="1"/>
    </display>
    <display name="__dbTextures/fireball_mc/Layer 2_11" type="image">
     <transform x="-14.55" pX="0" pY="0" skX="0" skY="0" scX="1" y="-22.55" scY="1"/>
    </display>
    <display name="__dbTextures/fireball_mc/Layer 2_13" type="image">
     <transform x="-15.1" pX="0" pY="0" skX="0" skY="0" scX="1" y="-27.75" scY="1"/>
    </display>
    <display name="__dbTextures/fireball_mc/Layer 2_15" type="image">
     <transform x="-18.05" pX="0" pY="0" skX="0" skY="0" scX="1" y="-33.2" scY="1"/>
    </display>
   </slot>
  </skin>
  <bone name="Layer 2">
   <transform y="0.1" skY="0" x="-4.7" scX="1" skX="0" scY="1"/>
  </bone>
  <animation name="fireball_mc" scale="1" loop="1" duration="10" autoTween="NaN" fadeInTime="0.3" tweenEasing="NaN">
   <timeline name="Layer 2" scale="1" pX="0" pY="0" offset="0">
    <frame z="0" duration="3" tweenEasing="NaN">
     <transform x="0" pX="0" pY="0" skX="0" skY="0" scX="1" y="0" scY="1"/>
    </frame>
    <frame z="0" displayIndex="1" duration="3" tweenEasing="NaN">
     <transform x="-0.39999999999999947" pX="0" pY="0" skX="0" skY="0" scX="1" y="-0.05" scY="1"/>
    </frame>
    <frame z="0" displayIndex="2" duration="3" tweenEasing="NaN">
     <transform x="-0.39999999999999947" pX="0" pY="0" skX="0" skY="0" scX="1" y="-0.25" scY="1"/>
    </frame>
    <frame z="0" displayIndex="3" duration="1" tweenEasing="NaN">
     <transform x="0" pX="0" pY="0" skX="0" skY="0" scX="1" y="0" scY="1"/>
    </frame>
   </timeline>
  </animation>
  <animation name="da" scale="1" loop="1" fadeInTime="0.3" autoTween="NaN" duration="7" tweenEasing="NaN">
   <timeline name="Layer 2" scale="1" pX="0" pY="0" offset="0">
    <frame z="0" displayIndex="3" duration="1" tweenEasing="NaN">
     <transform x="0" pX="0" pY="0" skX="0" skY="0" scX="1" y="0" scY="1"/>
    </frame>
    <frame z="0" displayIndex="4" duration="2" tweenEasing="NaN">
     <transform x="7.5" pX="0" pY="0" skX="0" skY="0" scX="1" y="-0.9" scY="1"/>
    </frame>
    <frame z="0" displayIndex="5" duration="2" tweenEasing="NaN">
     <transform x="6.550000000000001" pX="0" pY="0" skX="0" skY="0" scX="1" y="-1.1500000000000001" scY="1"/>
    </frame>
    <frame z="0" displayIndex="6" duration="2" tweenEasing="NaN">
     <transform x="6.95" pX="0" pY="0" skX="0" skY="0" scX="1" y="-0.2" scY="1"/>
    </frame>
   </timeline>
   <frame duration="6"/>
   <frame duration="1"/>
  </animation>
 </armature>
</root>