<root name="fireball_mc" isGlobal="0" frameRate="30" version="3.0">
 <armature name="fireball_mc">
  <skin name="default">
   <slot name="Layer 2" z="0" parent="Layer 2">
    <display name="__dbTextures/fireball_mc/Layer 2_0" type="image">
     <transform x="-20.1" pX="0" pY="0" skX="0" skY="0" scX="1" y="-14.75" scY="1"/>
    </display>
    <display name="__dbTextures/fireball_mc/Layer 2_3" type="image">
     <transform x="-20.5" pX="0" pY="0" skX="0" skY="0" scX="1" y="-19.05" scY="1"/>
    </display>
    <display name="__dbTextures/fireball_mc/Layer 2_6" type="image">
     <transform x="-20.5" pX="0" pY="0" skX="0" skY="0" scX="1" y="-14.85" scY="1"/>
    </display>
    <display name="__dbTextures/fireball_mc/Layer 2_9" type="image">
     <transform x="-20.1" pX="0" pY="0" skX="0" skY="0" scX="1" y="-14.75" scY="1"/>
    </display>
   </slot>
  </skin>
  <bone name="Layer 2">
   <transform y="0.1" skY="0" x="-4.7" scX="1" skX="0" scY="1"/>
  </bone>
  <animation name="fireball_mc" scale="1" loop="1" duration="10" autoTween="NaN" fadeInTime="0.3" tweenEasing="NaN">
   <timeline name="Layer 2" scale="1" pX="0" pY="0" offset="0">
    <frame z="0" duration="3" tweenEasing="NaN">
     <transform x="0" pX="0" pY="0" skX="0" skY="0" scX="1" y="0" scY="1"/>
    </frame>
    <frame z="0" displayIndex="1" duration="3" tweenEasing="NaN">
     <transform x="-0.39999999999999947" pX="0" pY="0" skX="0" skY="0" scX="1" y="-0.05" scY="1"/>
    </frame>
    <frame z="0" displayIndex="2" duration="3" tweenEasing="NaN">
     <transform x="-0.39999999999999947" pX="0" pY="0" skX="0" skY="0" scX="1" y="-0.25" scY="1"/>
    </frame>
    <frame z="0" displayIndex="3" duration="1" tweenEasing="NaN">
     <transform x="0" pX="0" pY="0" skX="0" skY="0" scX="1" y="0" scY="1"/>
    </frame>
   </timeline>
  </animation>
  <animation name="da" scale="1" loop="1" duration="1" autoTween="NaN" fadeInTime="0.3" tweenEasing="NaN">
   <timeline name="Layer 2" scale="1" pX="0" pY="0" offset="0">
    <frame z="0" displayIndex="3" duration="1" tweenEasing="NaN">
     <transform x="0" pX="0" pY="0" skX="0" skY="0" scX="1" y="0" scY="1"/>
    </frame>
   </timeline>
  </animation>
 </armature>
</root>