<root name="Dress" isGlobal="0" frameRate="30" version="3.0">
 <armature name="Dress">
  <skin name="default">
   <slot name="Layer 18" z="0" parent="Layer 18">
    <display name="Symbol 3042" type="image">
     <transform scX="1" x="0" scY="1" y="0" pX="703" pY="214" skX="0" skY="0"/>
    </display>
   </slot>
   <slot name="Layer 17" z="1" parent="Layer 17">
    <display name="Symbol 3044" type="image">
     <transform scX="1" x="0" scY="1" y="0" pX="67" pY="65.5" skX="0" skY="0"/>
    </display>
   </slot>
   <slot name="scat" z="2" parent="scat">
    <display name="Symbol 3050" type="armature">
     <transform scX="1" x="0" skX="0" scY="1" y="0" skY="0"/>
    </display>
   </slot>
   <slot name="Layer 15" z="3" parent="Layer 15">
    <display name="Symbol 3052" type="image">
     <transform scX="1" x="0" scY="1" y="0" pX="57.6" pY="105.4" skX="0" skY="0"/>
    </display>
   </slot>
   <slot name="cat4" z="4" parent="cat4">
    <display name="cat_drag_mc" type="image">
     <transform scX="1" x="0" scY="1" y="0" pX="19.45" pY="19" skX="0" skY="0"/>
    </display>
   </slot>
   <slot name="cat3" z="5" parent="cat3">
    <display name="cat_drag_mc" type="image">
     <transform scX="1" x="0" scY="1" y="0" pX="19.45" pY="19" skX="0" skY="0"/>
    </display>
   </slot>
   <slot name="cat2" z="6" parent="cat2">
    <display name="cat_drag_mc" type="image">
     <transform scX="1" x="0" scY="1" y="0" pX="19.45" pY="19" skX="0" skY="0"/>
    </display>
   </slot>
   <slot name="cat1" z="7" parent="cat1">
    <display name="cat_drag_mc" type="image">
     <transform scX="1" x="0" scY="1" y="0" pX="19.45" pY="19" skX="0" skY="0"/>
    </display>
   </slot>
   <slot name="panel_cl" z="8" parent="panel_cl">
    <display name="Symbol 3078" type="armature">
     <transform scX="1" x="0" skX="0" scY="1" y="0" skY="0"/>
    </display>
   </slot>
   <slot name="menu_bt_cl" z="9" parent="menu_bt_cl">
    <display name="Symbol 2888" type="image">
     <transform scX="1" x="0" scY="1" y="0" pX="41.15" pY="12.05" skX="0" skY="0"/>
    </display>
   </slot>
   <slot name="back_bt" z="10" parent="back_bt">
    <display name="Symbol 3084" type="image">
     <transform scX="1" x="0" scY="1" y="0" pX="41.4" pY="16.8" skX="0" skY="0"/>
    </display>
   </slot>
   <slot name="train_bt" z="11" parent="train_bt">
    <display name="Symbol 3089" type="image">
     <transform scX="1" x="0" scY="1" y="0" pX="-85.55" pY="33.45" skX="0" skY="0"/>
    </display>
   </slot>
   <slot name="shop_bt" z="12" parent="shop_bt">
    <display name="Symbol 3092" type="image">
     <transform scX="1" x="0" scY="1" y="0" pX="-78.35" pY="4.45" skX="0" skY="0"/>
    </display>
   </slot>
   <slot name="zone_cards_about" z="13" parent="zone_cards_about">
    <display name="Symbol 206" type="image">
     <transform scX="1" x="0" scY="1" y="0" pX="59.4" pY="55" skX="0" skY="0"/>
    </display>
   </slot>
   <slot name="about_cl" z="14" parent="about_cl">
    <display name="Symbol 3103" type="armature">
     <transform scX="1" x="0" skX="0" scY="1" y="0" skY="0"/>
    </display>
   </slot>
   <slot name="shop_cl" z="15" parent="shop_cl">
    <display name="Symbol 3125" type="armature">
     <transform scX="1" x="0" skX="0" scY="1" y="0" skY="0"/>
    </display>
   </slot>
   <slot name="zone_tuto" z="16" parent="zone_tuto">
    <display name="Symbol 206" type="image">
     <transform scX="1" x="0" scY="1" y="0" pX="59.4" pY="55" skX="0" skY="0"/>
    </display>
   </slot>
   <slot name="zone_drag" z="17" parent="zone_drag">
    <display name="Symbol 206" type="image">
     <transform scX="1" x="0" scY="1" y="0" pX="59.4" pY="55" skX="0" skY="0"/>
    </display>
   </slot>
  </skin>
  <bone name="menu_bt_cl">
   <transform scX="1" x="325" skX="0" scY="1" y="11.75" skY="0"/>
  </bone>
  <bone name="Layer 17">
   <transform scX="1" x="80.8" skX="0" scY="1" y="340.65" skY="0"/>
  </bone>
  <bone name="scat">
   <transform scX="1" x="30.85" skX="0" scY="1" y="345.5" skY="0"/>
  </bone>
  <bone name="Layer 15">
   <transform scX="-1" x="555.85" skX="0" scY="1" y="316.85" skY="0"/>
  </bone>
  <bone name="cat4">
   <transform scX="1" x="175.45" skX="0" scY="1" y="366.5" skY="0"/>
  </bone>
  <bone name="cat3">
   <transform scX="1" x="274.3" skX="0" scY="1" y="366.5" skY="0"/>
  </bone>
  <bone name="cat2">
   <transform scX="1" x="372.8" skX="0" scY="1" y="366.5" skY="0"/>
  </bone>
  <bone name="cat1">
   <transform scX="1" x="471.65" skX="0" scY="1" y="366.5" skY="0"/>
  </bone>
  <bone name="panel_cl">
   <transform scX="1" x="40.9" skX="0" scY="1" y="56.25" skY="0"/>
  </bone>
  <bone name="Layer 18">
   <transform scX="1" x="-26.25" skX="0" scY="1" y="86.25" skY="0"/>
  </bone>
  <bone name="back_bt">
   <transform scX="1" x="325.2" skX="0" scY="1" y="440.4" skY="0"/>
  </bone>
  <bone name="train_bt">
   <transform scX="1" x="462.6" skX="0" scY="1" y="397.95" skY="0"/>
  </bone>
  <bone name="shop_bt">
   <transform scX="1" x="-80.75" skX="0" scY="1" y="397.95" skY="0"/>
  </bone>
  <bone name="zone_cards_about">
   <transform scX="1" x="0" skX="0" scY="1" y="0" skY="0"/>
  </bone>
  <bone name="about_cl">
   <transform scX="1" x="319.75" skX="0" scY="1" y="163.55" skY="0"/>
  </bone>
  <bone name="shop_cl">
   <transform scX="1" x="309.95" skX="0" scY="1" y="214.45" skY="0"/>
  </bone>
  <bone name="zone_tuto">
   <transform scX="1" x="0" skX="0" scY="1" y="0" skY="0"/>
  </bone>
  <bone name="zone_drag">
   <transform scX="1" x="0" skX="0" scY="1" y="0" skY="0"/>
  </bone>
  <animation fadeInTime="0.3" scale="1" loop="1" autoTween="NaN" name="Dress" duration="1" tweenEasing="NaN">
   <timeline pX="0" name="Layer 18" pY="0" scale="1" offset="0">
    <frame z="0" duration="1">
     <transform scX="1" x="0" scY="1" y="0" pX="0" pY="0" skX="0" skY="0"/>
    </frame>
   </timeline>
   <timeline pX="0" name="Layer 17" pY="0" scale="1" offset="0">
    <frame z="0" duration="1">
     <transform scX="1" x="0" scY="1" y="0" pX="0" pY="0" skX="0" skY="0"/>
     <colorTransform bM="89" gO="14" bO="5" aM="100" rM="89" aO="0" gM="89" rO="24"/>
    </frame>
   </timeline>
   <timeline pX="0" name="scat" pY="0" scale="1" offset="0">
    <frame z="0" duration="1">
     <transform scX="1" x="0" scY="1" y="0" pX="0" pY="0" skX="0" skY="0"/>
    </frame>
   </timeline>
   <timeline pX="0" name="Layer 15" pY="0" scale="1" offset="0">
    <frame z="0" duration="1">
     <transform scX="1" x="0" scY="1" y="0" pX="0" pY="0" skX="0" skY="0"/>
    </frame>
   </timeline>
   <timeline pX="0" name="cat4" pY="0" scale="1" offset="0">
    <frame z="0" duration="1">
     <transform scX="1" x="0" scY="1" y="0" pX="0" pY="0" skX="0" skY="0"/>
    </frame>
   </timeline>
   <timeline pX="0" name="cat3" pY="0" scale="1" offset="0">
    <frame z="0" duration="1">
     <transform scX="1" x="0" scY="1" y="0" pX="0" pY="0" skX="0" skY="0"/>
    </frame>
   </timeline>
   <timeline pX="0" name="cat2" pY="0" scale="1" offset="0">
    <frame z="0" duration="1">
     <transform scX="1" x="0" scY="1" y="0" pX="0" pY="0" skX="0" skY="0"/>
    </frame>
   </timeline>
   <timeline pX="0" name="cat1" pY="0" scale="1" offset="0">
    <frame z="0" duration="1">
     <transform scX="1" x="0" scY="1" y="0" pX="0" pY="0" skX="0" skY="0"/>
    </frame>
   </timeline>
   <timeline pX="0" name="panel_cl" pY="0" scale="1" offset="0">
    <frame z="0" duration="1">
     <transform scX="1" x="0" scY="1" y="0" pX="0" pY="0" skX="0" skY="0"/>
    </frame>
   </timeline>
   <timeline pX="0" name="menu_bt_cl" pY="0" scale="1" offset="0">
    <frame z="0" duration="1">
     <transform scX="1" x="0" scY="1" y="0" pX="0" pY="0" skX="0" skY="0"/>
    </frame>
   </timeline>
   <timeline pX="0" name="back_bt" pY="0" scale="1" offset="0">
    <frame z="0" duration="1">
     <transform scX="1" x="0" scY="1" y="0" pX="0" pY="0" skX="0" skY="0"/>
    </frame>
   </timeline>
   <timeline pX="0" name="train_bt" pY="0" scale="1" offset="0">
    <frame z="0" duration="1">
     <transform scX="1" x="0" scY="1" y="0" pX="0" pY="0" skX="0" skY="0"/>
    </frame>
   </timeline>
   <timeline pX="0" name="shop_bt" pY="0" scale="1" offset="0">
    <frame z="0" duration="1">
     <transform scX="1" x="0" scY="1" y="0" pX="0" pY="0" skX="0" skY="0"/>
    </frame>
   </timeline>
   <timeline pX="0" name="zone_cards_about" pY="0" scale="1" offset="0">
    <frame z="0" duration="1">
     <transform scX="1" x="0" scY="1" y="0" pX="0" pY="0" skX="0" skY="0"/>
    </frame>
   </timeline>
   <timeline pX="0" name="about_cl" pY="0" scale="1" offset="0">
    <frame z="0" duration="1">
     <transform scX="1" x="0" scY="1" y="0" pX="0" pY="0" skX="0" skY="0"/>
    </frame>
   </timeline>
   <timeline pX="0" name="shop_cl" pY="0" scale="1" offset="0">
    <frame z="0" duration="1">
     <transform scX="1" x="0" scY="1" y="0" pX="0" pY="0" skX="0" skY="0"/>
    </frame>
   </timeline>
   <timeline pX="0" name="zone_tuto" pY="0" scale="1" offset="0">
    <frame z="0" duration="1">
     <transform scX="1" x="0" scY="1" y="0" pX="0" pY="0" skX="0" skY="0"/>
    </frame>
   </timeline>
   <timeline pX="0" name="zone_drag" pY="0" scale="1" offset="0">
    <frame z="0" duration="1">
     <transform scX="1" x="0" scY="1" y="0" pX="0" pY="0" skX="0" skY="0"/>
    </frame>
   </timeline>
  </animation>
 </armature>
 <armature name="Symbol 3050">
  <skin name="default">
   <slot name="Layer 3" z="0" parent="Layer 3">
    <display name="Symbol 3046" type="image">
     <transform scX="1" x="0" scY="1" y="0" pX="19.2" pY="5.85" skX="0" skY="0"/>
    </display>
   </slot>
   <slot name="Layer 2" z="1" parent="Layer 2">
    <display name="Symbol 3047" type="image">
     <transform scX="1" x="0" scY="1" y="0" pX="47.6" pY="-1.1" skX="0" skY="0"/>
    </display>
   </slot>
   <slot name="Layer 1" z="2" parent="Layer 1">
    <display name="Symbol 3049" type="image">
     <transform scX="1" x="0" scY="1" y="0" pX="27" pY="22.95" skX="0" skY="0"/>
    </display>
   </slot>
  </skin>
  <bone name="Layer 3">
   <transform scX="1.11" x="-1.3" skX="0" scY="1.11" y="42" skY="0"/>
  </bone>
  <bone name="Layer 2">
   <transform scX="1" x="0" skX="0" scY="1" y="0" skY="0"/>
  </bone>
  <bone name="Layer 1">
   <transform scX="1" x="0.2" skX="0" scY="1" y="0.15" skY="0"/>
  </bone>
  <animation fadeInTime="0" scale="1" loop="1" autoTween="NaN" name="unnamed" duration="128" tweenEasing="NaN">
   <timeline pX="0" name="Layer 3" pY="0" scale="1" offset="0">
    <frame z="0" duration="128">
     <transform scX="1" x="0" scY="1" y="0" pX="0" pY="0" skX="0" skY="0"/>
    </frame>
   </timeline>
   <timeline pX="0" name="Layer 2" pY="0" scale="1" offset="0">
    <frame z="0" duration="128">
     <transform scX="1" x="0" scY="1" y="0" pX="0" pY="0" skX="0" skY="0"/>
    </frame>
   </timeline>
   <timeline pX="0" name="Layer 1" pY="0" scale="1" offset="0">
    <frame z="0" duration="50">
     <transform scX="1" x="0" scY="1" y="0" pX="0" pY="0" skX="0" skY="0"/>
    </frame>
    <frame z="0" duration="1">
     <transform scX="1" x="-0.15000000000000002" scY="1" y="-0.04999999999999999" pX="0" pY="0" skX="-0.5" skY="-0.5"/>
    </frame>
    <frame z="0" duration="1">
     <transform scX="1" x="-0.30000000000000004" scY="1" y="-0.09999999999999999" pX="0" pY="0" skX="-1.01" skY="-1.01"/>
    </frame>
    <frame z="0" duration="1">
     <transform scX="1" x="-0.4" scY="1" y="-0.15" pX="0" pY="0" skX="-1.51" skY="-1.51"/>
    </frame>
    <frame z="0" duration="1">
     <transform scX="1" x="-0.55" scY="1" y="-0.2" pX="0" pY="0" skX="-2.02" skY="-2.02"/>
    </frame>
    <frame z="0" duration="1">
     <transform scX="1" x="-0.7" scY="1" y="-0.25" pX="0" pY="0" skX="-2.52" skY="-2.52"/>
    </frame>
    <frame z="0" duration="1">
     <transform scX="1" x="-0.8500000000000001" scY="1" y="-0.25" pX="0" pY="0" skX="-3.03" skY="-3.03"/>
    </frame>
    <frame z="0" duration="1">
     <transform scX="1" x="-1" scY="1" y="-0.3" pX="0" pY="0" skX="-3.53" skY="-3.53"/>
    </frame>
    <frame z="0" duration="1">
     <transform scX="1" x="-1.15" scY="1" y="-0.35" pX="0" pY="0" skX="-4.04" skY="-4.04"/>
    </frame>
    <frame z="0" duration="1">
     <transform scX="1" x="-1.25" scY="1" y="-0.4" pX="0" pY="0" skX="-4.54" skY="-4.54"/>
    </frame>
    <frame z="0" duration="1">
     <transform scX="1" x="-1.4" scY="1" y="-0.44999999999999996" pX="0" pY="0" skX="-5.05" skY="-5.05"/>
    </frame>
    <frame z="0" duration="1">
     <transform scX="1" x="-1.5999999999999999" scY="1" y="-0.44999999999999996" pX="0" pY="0" skX="-5.55" skY="-5.55"/>
    </frame>
    <frame z="0" duration="1">
     <transform scX="1" x="-1.8" scY="1" y="-0.55" pX="0" pY="0" skX="-6.22" skY="-6.22"/>
    </frame>
    <frame z="0" duration="48">
     <transform scX="1" x="-1.75" scY="1" y="-0.5" pX="0" pY="0" skX="-6.06" skY="-6.06"/>
    </frame>
    <frame z="0" duration="1">
     <transform scX="1" x="-1.8" scY="1" y="-0.55" pX="0" pY="0" skX="-6.22" skY="-6.22"/>
    </frame>
    <frame z="0" duration="1">
     <transform scX="1" x="-1.7" scY="1" y="-0.44999999999999996" pX="0" pY="0" skX="-5.78" skY="-5.78"/>
    </frame>
    <frame z="0" duration="1">
     <transform scX="1" x="-1.55" scY="1" y="-0.5" pX="0" pY="0" skX="-5.31" skY="-5.31"/>
    </frame>
    <frame z="0" duration="1">
     <transform scX="1" x="-1.5" scY="1" y="-0.44999999999999996" pX="0" pY="0" skX="-5.03" skY="-5.03"/>
    </frame>
    <frame z="0" duration="1">
     <transform scX="1" x="-1.4" scY="1" y="-0.44999999999999996" pX="0" pY="0" skX="-4.75" skY="-4.75"/>
    </frame>
    <frame z="0" duration="1">
     <transform scX="1" x="-1.25" scY="1" y="-0.35" pX="0" pY="0" skX="-4.29" skY="-4.29"/>
    </frame>
    <frame z="0" duration="1">
     <transform scX="1" x="-1.15" scY="1" y="-0.35" pX="0" pY="0" skX="-4.01" skY="-4.01"/>
    </frame>
    <frame z="0" duration="1">
     <transform scX="1" x="-1.05" scY="1" y="-0.25" pX="0" pY="0" skX="-3.54" skY="-3.54"/>
    </frame>
    <frame z="0" duration="1">
     <transform scX="1" x="-0.95" scY="1" y="-0.3" pX="0" pY="0" skX="-3.26" skY="-3.26"/>
    </frame>
    <frame z="0" duration="1">
     <transform scX="1" x="-0.8500000000000001" scY="1" y="-0.25" pX="0" pY="0" skX="-2.79" skY="-2.79"/>
    </frame>
    <frame z="0" duration="1">
     <transform scX="1" x="-0.7" scY="1" y="-0.25" pX="0" pY="0" skX="-2.52" skY="-2.52"/>
    </frame>
    <frame z="0" duration="1">
     <transform scX="1" x="-0.6000000000000001" scY="1" y="-0.15" pX="0" pY="0" skX="-2.05" skY="-2.05"/>
    </frame>
    <frame z="0" duration="1">
     <transform scX="1" x="-0.5" scY="1" y="-0.15" pX="0" pY="0" skX="-1.77" skY="-1.77"/>
    </frame>
    <frame z="0" duration="1">
     <transform scX="1" x="-0.4" scY="1" y="-0.09999999999999999" pX="0" pY="0" skX="-1.3" skY="-1.3"/>
    </frame>
    <frame z="0" duration="1">
     <transform scX="1" x="-0.30000000000000004" scY="1" y="-0.09999999999999999" pX="0" pY="0" skX="-1.02" skY="-1.02"/>
    </frame>
    <frame z="0" duration="1">
     <transform scX="1" x="-0.2" scY="1" y="0" pX="0" pY="0" skX="-0.56" skY="-0.56"/>
    </frame>
    <frame z="0" duration="1">
     <transform scX="1" x="-0.1" scY="1" y="0" pX="0" pY="0" skX="-0.28" skY="-0.28"/>
    </frame>
    <frame z="0" duration="1">
     <transform scX="1" x="0" scY="1" y="0" pX="0" pY="0" skX="0" skY="0"/>
    </frame>
   </timeline>
  </animation>
 </armature>
 <armature name="Symbol 3078">
  <skin name="default">
   <slot name="bg" z="0" parent="bg">
    <display name="Symbol 3053" type="image">
     <transform scX="1" x="0" scY="1" y="0" pX="21.55" pY="49.8" skX="0" skY="0"/>
    </display>
   </slot>
   <slot name="sort_1" z="1" parent="sort_1">
    <display name="Symbol 3056" type="image">
     <transform scX="1" x="0" scY="1" y="0" pX="17.05" pY="13.3" skX="0" skY="0"/>
    </display>
   </slot>
   <slot name="sort_2" z="2" parent="sort_2">
    <display name="Symbol 3059" type="image">
     <transform scX="1" x="0" scY="1" y="0" pX="17.05" pY="13.3" skX="0" skY="0"/>
    </display>
   </slot>
   <slot name="sort_3" z="3" parent="sort_3">
    <display name="Symbol 3062" type="image">
     <transform scX="1" x="0" scY="1" y="0" pX="17.05" pY="13.3" skX="0" skY="0"/>
    </display>
   </slot>
   <slot name="radio_1" z="4" parent="radio_1">
    <display name="radio" type="armature">
     <transform scX="1" x="0" skX="0" scY="1" y="0" skY="0"/>
    </display>
   </slot>
   <slot name="radio_2" z="5" parent="radio_2">
    <display name="radio" type="armature">
     <transform scX="1" x="0" skX="0" scY="1" y="0" skY="0"/>
    </display>
   </slot>
   <slot name="radio_3" z="6" parent="radio_3">
    <display name="radio" type="armature">
     <transform scX="1" x="0" skX="0" scY="1" y="0" skY="0"/>
    </display>
   </slot>
   <slot name="about_bt" z="7" parent="about_bt">
    <display name="Symbol 3071" type="image">
     <transform scX="1" x="0" scY="1" y="0" pX="17.05" pY="13.3" skX="0" skY="0"/>
    </display>
   </slot>
   <slot name="zoom_bt" z="8" parent="zoom_bt">
    <display name="SFKLeague_fla.кнопкалупапримерочная_531" type="armature">
     <transform scX="1" x="0" skX="0" scY="1" y="0" skY="0"/>
    </display>
   </slot>
   <slot name="card_1" z="9" parent="card_1">
    <display name="card_mc" type="image">
     <transform scX="1" x="0" scY="1" y="0" pX="19.45" pY="19.45" skX="0" skY="0"/>
    </display>
   </slot>
   <slot name="card_8" z="10" parent="card_8">
    <display name="card_mc" type="image">
     <transform scX="1" x="0" scY="1" y="0" pX="19.45" pY="19.45" skX="0" skY="0"/>
    </display>
   </slot>
   <slot name="card_2" z="11" parent="card_2">
    <display name="card_mc" type="image">
     <transform scX="1" x="0" scY="1" y="0" pX="19.45" pY="19.45" skX="0" skY="0"/>
    </display>
   </slot>
   <slot name="card_9" z="12" parent="card_9">
    <display name="card_mc" type="image">
     <transform scX="1" x="0" scY="1" y="0" pX="19.45" pY="19.45" skX="0" skY="0"/>
    </display>
   </slot>
   <slot name="card_3" z="13" parent="card_3">
    <display name="card_mc" type="image">
     <transform scX="1" x="0" scY="1" y="0" pX="19.45" pY="19.45" skX="0" skY="0"/>
    </display>
   </slot>
   <slot name="card_10" z="14" parent="card_10">
    <display name="card_mc" type="image">
     <transform scX="1" x="0" scY="1" y="0" pX="19.45" pY="19.45" skX="0" skY="0"/>
    </display>
   </slot>
   <slot name="card_4" z="15" parent="card_4">
    <display name="card_mc" type="image">
     <transform scX="1" x="0" scY="1" y="0" pX="19.45" pY="19.45" skX="0" skY="0"/>
    </display>
   </slot>
   <slot name="card_11" z="16" parent="card_11">
    <display name="card_mc" type="image">
     <transform scX="1" x="0" scY="1" y="0" pX="19.45" pY="19.45" skX="0" skY="0"/>
    </display>
   </slot>
   <slot name="card_5" z="17" parent="card_5">
    <display name="card_mc" type="image">
     <transform scX="1" x="0" scY="1" y="0" pX="19.45" pY="19.45" skX="0" skY="0"/>
    </display>
   </slot>
   <slot name="card_12" z="18" parent="card_12">
    <display name="card_mc" type="image">
     <transform scX="1" x="0" scY="1" y="0" pX="19.45" pY="19.45" skX="0" skY="0"/>
    </display>
   </slot>
   <slot name="card_6" z="19" parent="card_6">
    <display name="card_mc" type="image">
     <transform scX="1" x="0" scY="1" y="0" pX="19.45" pY="19.45" skX="0" skY="0"/>
    </display>
   </slot>
   <slot name="card_13" z="20" parent="card_13">
    <display name="card_mc" type="image">
     <transform scX="1" x="0" scY="1" y="0" pX="19.45" pY="19.45" skX="0" skY="0"/>
    </display>
   </slot>
   <slot name="card_7" z="21" parent="card_7">
    <display name="card_mc" type="image">
     <transform scX="1" x="0" scY="1" y="0" pX="19.45" pY="19.45" skX="0" skY="0"/>
    </display>
   </slot>
   <slot name="card_14" z="22" parent="card_14">
    <display name="card_mc" type="image">
     <transform scX="1" x="0" scY="1" y="0" pX="19.45" pY="19.45" skX="0" skY="0"/>
    </display>
   </slot>
  </skin>
  <bone name="card_2">
   <transform scX="1" x="116.15" skX="0" scY="1" y="44.55" skY="0"/>
  </bone>
  <bone name="sort_1">
   <transform scX="1" x="24.8" skX="0" scY="1" y="-30.8" skY="0"/>
  </bone>
  <bone name="sort_2">
   <transform scX="1" x="59.85" skX="0" scY="1" y="-30.8" skY="0"/>
  </bone>
  <bone name="sort_3">
   <transform scX="1" x="94.85" skX="0" scY="1" y="-30.8" skY="0"/>
  </bone>
  <bone name="radio_1">
   <transform scX="1" x="248.5" skX="0" scY="1" y="211.05" skY="0"/>
  </bone>
  <bone name="radio_2">
   <transform scX="1" x="275.35" skX="0" scY="1" y="211.05" skY="0"/>
  </bone>
  <bone name="radio_3">
   <transform scX="1" x="301.95" skX="0" scY="1" y="211.05" skY="0"/>
  </bone>
  <bone name="about_bt">
   <transform scX="1" x="514.5" skX="0" scY="1" y="-30.8" skY="0"/>
  </bone>
  <bone name="zoom_bt">
   <transform scX="1" x="549.5" skX="0" scY="1" y="-30.8" skY="0"/>
  </bone>
  <bone name="card_1">
   <transform scX="1" x="32.15" skX="0" scY="1" y="44.55" skY="0"/>
  </bone>
  <bone name="card_8">
   <transform scX="1" x="32.15" skX="0" scY="1" y="147.4" skY="0"/>
  </bone>
  <bone name="bg">
   <transform scX="1" x="0" skX="0" scY="1" y="0" skY="0"/>
  </bone>
  <bone name="card_9">
   <transform scX="1" x="116.15" skX="0" scY="1" y="147.4" skY="0"/>
  </bone>
  <bone name="card_3">
   <transform scX="1" x="200.15" skX="0" scY="1" y="44.55" skY="0"/>
  </bone>
  <bone name="card_10">
   <transform scX="1" x="200.15" skX="0" scY="1" y="147.4" skY="0"/>
  </bone>
  <bone name="card_4">
   <transform scX="1" x="284.15" skX="0" scY="1" y="44.55" skY="0"/>
  </bone>
  <bone name="card_11">
   <transform scX="1" x="284.15" skX="0" scY="1" y="147.4" skY="0"/>
  </bone>
  <bone name="card_5">
   <transform scX="1" x="368.15" skX="0" scY="1" y="44.55" skY="0"/>
  </bone>
  <bone name="card_12">
   <transform scX="1" x="368.15" skX="0" scY="1" y="147.4" skY="0"/>
  </bone>
  <bone name="card_6">
   <transform scX="1" x="452.15" skX="0" scY="1" y="44.55" skY="0"/>
  </bone>
  <bone name="card_13">
   <transform scX="1" x="452.15" skX="0" scY="1" y="147.4" skY="0"/>
  </bone>
  <bone name="card_7">
   <transform scX="1" x="536.15" skX="0" scY="1" y="44.55" skY="0"/>
  </bone>
  <bone name="card_14">
   <transform scX="1" x="536.15" skX="0" scY="1" y="147.4" skY="0"/>
  </bone>
  <animation fadeInTime="0.3" scale="1" loop="1" autoTween="NaN" name="panel_cl" duration="1" tweenEasing="NaN">
   <timeline pX="0" name="bg" pY="0" scale="1" offset="0">
    <frame z="0" duration="1">
     <transform scX="1" x="0" scY="1" y="0" pX="0" pY="0" skX="0" skY="0"/>
    </frame>
   </timeline>
   <timeline pX="0" name="sort_1" pY="0" scale="1" offset="0">
    <frame z="0" duration="1">
     <transform scX="1" x="0" scY="1" y="0" pX="0" pY="0" skX="0" skY="0"/>
    </frame>
   </timeline>
   <timeline pX="0" name="sort_2" pY="0" scale="1" offset="0">
    <frame z="0" duration="1">
     <transform scX="1" x="0" scY="1" y="0" pX="0" pY="0" skX="0" skY="0"/>
    </frame>
   </timeline>
   <timeline pX="0" name="sort_3" pY="0" scale="1" offset="0">
    <frame z="0" duration="1">
     <transform scX="1" x="0" scY="1" y="0" pX="0" pY="0" skX="0" skY="0"/>
    </frame>
   </timeline>
   <timeline pX="0" name="radio_1" pY="0" scale="1" offset="0">
    <frame z="0" duration="1">
     <transform scX="1" x="0" scY="1" y="0" pX="0" pY="0" skX="0" skY="0"/>
    </frame>
   </timeline>
   <timeline pX="0" name="radio_2" pY="0" scale="1" offset="0">
    <frame z="0" duration="1">
     <transform scX="1" x="0" scY="1" y="0" pX="0" pY="0" skX="0" skY="0"/>
    </frame>
   </timeline>
   <timeline pX="0" name="radio_3" pY="0" scale="1" offset="0">
    <frame z="0" duration="1">
     <transform scX="1" x="0" scY="1" y="0" pX="0" pY="0" skX="0" skY="0"/>
    </frame>
   </timeline>
   <timeline pX="0" name="about_bt" pY="0" scale="1" offset="0">
    <frame z="0" duration="1">
     <transform scX="1" x="0" scY="1" y="0" pX="0" pY="0" skX="0" skY="0"/>
    </frame>
   </timeline>
   <timeline pX="0" name="zoom_bt" pY="0" scale="1" offset="0">
    <frame z="0" duration="1">
     <transform scX="1" x="0" scY="1" y="0" pX="0" pY="0" skX="0" skY="0"/>
    </frame>
   </timeline>
   <timeline pX="0" name="card_1" pY="0" scale="1" offset="0">
    <frame z="0" duration="1">
     <transform scX="1" x="0" scY="1" y="0" pX="0" pY="0" skX="0" skY="0"/>
    </frame>
   </timeline>
   <timeline pX="0" name="card_8" pY="0" scale="1" offset="0">
    <frame z="0" duration="1">
     <transform scX="1" x="0" scY="1" y="0" pX="0" pY="0" skX="0" skY="0"/>
    </frame>
   </timeline>
   <timeline pX="0" name="card_2" pY="0" scale="1" offset="0">
    <frame z="0" duration="1">
     <transform scX="1" x="0" scY="1" y="0" pX="0" pY="0" skX="0" skY="0"/>
    </frame>
   </timeline>
   <timeline pX="0" name="card_9" pY="0" scale="1" offset="0">
    <frame z="0" duration="1">
     <transform scX="1" x="0" scY="1" y="0" pX="0" pY="0" skX="0" skY="0"/>
    </frame>
   </timeline>
   <timeline pX="0" name="card_3" pY="0" scale="1" offset="0">
    <frame z="0" duration="1">
     <transform scX="1" x="0" scY="1" y="0" pX="0" pY="0" skX="0" skY="0"/>
    </frame>
   </timeline>
   <timeline pX="0" name="card_10" pY="0" scale="1" offset="0">
    <frame z="0" duration="1">
     <transform scX="1" x="0" scY="1" y="0" pX="0" pY="0" skX="0" skY="0"/>
    </frame>
   </timeline>
   <timeline pX="0" name="card_4" pY="0" scale="1" offset="0">
    <frame z="0" duration="1">
     <transform scX="1" x="0" scY="1" y="0" pX="0" pY="0" skX="0" skY="0"/>
    </frame>
   </timeline>
   <timeline pX="0" name="card_11" pY="0" scale="1" offset="0">
    <frame z="0" duration="1">
     <transform scX="1" x="0" scY="1" y="0" pX="0" pY="0" skX="0" skY="0"/>
    </frame>
   </timeline>
   <timeline pX="0" name="card_5" pY="0" scale="1" offset="0">
    <frame z="0" duration="1">
     <transform scX="1" x="0" scY="1" y="0" pX="0" pY="0" skX="0" skY="0"/>
    </frame>
   </timeline>
   <timeline pX="0" name="card_12" pY="0" scale="1" offset="0">
    <frame z="0" duration="1">
     <transform scX="1" x="0" scY="1" y="0" pX="0" pY="0" skX="0" skY="0"/>
    </frame>
   </timeline>
   <timeline pX="0" name="card_6" pY="0" scale="1" offset="0">
    <frame z="0" duration="1">
     <transform scX="1" x="0" scY="1" y="0" pX="0" pY="0" skX="0" skY="0"/>
    </frame>
   </timeline>
   <timeline pX="0" name="card_13" pY="0" scale="1" offset="0">
    <frame z="0" duration="1">
     <transform scX="1" x="0" scY="1" y="0" pX="0" pY="0" skX="0" skY="0"/>
    </frame>
   </timeline>
   <timeline pX="0" name="card_7" pY="0" scale="1" offset="0">
    <frame z="0" duration="1">
     <transform scX="1" x="0" scY="1" y="0" pX="0" pY="0" skX="0" skY="0"/>
    </frame>
   </timeline>
   <timeline pX="0" name="card_14" pY="0" scale="1" offset="0">
    <frame z="0" duration="1">
     <transform scX="1" x="0" scY="1" y="0" pX="0" pY="0" skX="0" skY="0"/>
    </frame>
   </timeline>
  </animation>
 </armature>
 <armature name="Symbol 3103">
  <skin name="default">
   <slot name="Layer 20" z="0" parent="Layer 20">
    <display name="Symbol 2077" type="image">
     <transform scX="1" x="0" scY="1" y="0" pX="325" pY="225" skX="0" skY="0"/>
    </display>
   </slot>
   <slot name="Layer 19" z="1" parent="Layer 19">
    <display name="__dbTextures/Symbol 3103/Layer 19_0" type="image">
     <transform scX="1" x="-306.7" scY="1" y="-194.5" pX="0" pY="0" skX="0" skY="0"/>
    </display>
   </slot>
   <slot name="close_bt" z="2" parent="close_bt">
    <display name="Symbol 3095" type="image">
     <transform scX="1" x="0" scY="1" y="0" pX="1" pY="-5.4" skX="0" skY="0"/>
    </display>
   </slot>
   <slot name="slot_1" z="3" parent="slot_1">
    <display name="Symbol 3100" type="armature">
     <transform scX="1" x="0" skX="0" scY="1" y="0" skY="0"/>
    </display>
   </slot>
   <slot name="slot_9" z="4" parent="slot_9">
    <display name="Symbol 3100" type="armature">
     <transform scX="1" x="0" skX="0" scY="1" y="0" skY="0"/>
    </display>
   </slot>
   <slot name="slot_2" z="5" parent="slot_2">
    <display name="Symbol 3100" type="armature">
     <transform scX="1" x="0" skX="0" scY="1" y="0" skY="0"/>
    </display>
   </slot>
   <slot name="slot_10" z="6" parent="slot_10">
    <display name="Symbol 3100" type="armature">
     <transform scX="1" x="0" skX="0" scY="1" y="0" skY="0"/>
    </display>
   </slot>
   <slot name="slot_3" z="7" parent="slot_3">
    <display name="Symbol 3100" type="armature">
     <transform scX="1" x="0" skX="0" scY="1" y="0" skY="0"/>
    </display>
   </slot>
   <slot name="slot_11" z="8" parent="slot_11">
    <display name="Symbol 3100" type="armature">
     <transform scX="1" x="0" skX="0" scY="1" y="0" skY="0"/>
    </display>
   </slot>
   <slot name="slot_4" z="9" parent="slot_4">
    <display name="Symbol 3100" type="armature">
     <transform scX="1" x="0" skX="0" scY="1" y="0" skY="0"/>
    </display>
   </slot>
   <slot name="slot_12" z="10" parent="slot_12">
    <display name="Symbol 3100" type="armature">
     <transform scX="1" x="0" skX="0" scY="1" y="0" skY="0"/>
    </display>
   </slot>
   <slot name="slot_5" z="11" parent="slot_5">
    <display name="Symbol 3100" type="armature">
     <transform scX="1" x="0" skX="0" scY="1" y="0" skY="0"/>
    </display>
   </slot>
   <slot name="slot_13" z="12" parent="slot_13">
    <display name="Symbol 3100" type="armature">
     <transform scX="1" x="0" skX="0" scY="1" y="0" skY="0"/>
    </display>
   </slot>
   <slot name="slot_6" z="13" parent="slot_6">
    <display name="Symbol 3100" type="armature">
     <transform scX="1" x="0" skX="0" scY="1" y="0" skY="0"/>
    </display>
   </slot>
   <slot name="slot_14" z="14" parent="slot_14">
    <display name="Symbol 3100" type="armature">
     <transform scX="1" x="0" skX="0" scY="1" y="0" skY="0"/>
    </display>
   </slot>
   <slot name="slot_7" z="15" parent="slot_7">
    <display name="Symbol 3100" type="armature">
     <transform scX="1" x="0" skX="0" scY="1" y="0" skY="0"/>
    </display>
   </slot>
   <slot name="slot_15" z="16" parent="slot_15">
    <display name="Symbol 3100" type="armature">
     <transform scX="1" x="0" skX="0" scY="1" y="0" skY="0"/>
    </display>
   </slot>
   <slot name="slot_8" z="17" parent="slot_8">
    <display name="Symbol 3100" type="armature">
     <transform scX="1" x="0" skX="0" scY="1" y="0" skY="0"/>
    </display>
   </slot>
   <slot name="Layer 2" z="18" parent="Layer 2">
    <display name="__dbTextures/Symbol 3103/Layer 2_0" type="image">
     <transform scX="1" x="-49.15" scY="1" y="-14.7" pX="0" pY="0" skX="0" skY="0"/>
    </display>
   </slot>
   <slot name="Layer 1" z="19" parent="Layer 1">
    <display name="位图 6" type="image">
     <transform scX="1" x="-25.5" scY="1" y="-17" pX="0" pY="0" skX="0" skY="0"/>
    </display>
   </slot>
  </skin>
  <bone name="slot_12">
   <transform scX="1" x="129" skX="0" scY="1" y="57.55" skY="0"/>
  </bone>
  <bone name="Layer 19">
   <transform scX="1" x="6" skX="0" scY="1" y="58.25" skY="0"/>
  </bone>
  <bone name="close_bt">
   <transform scX="1" x="294.8" skX="0" scY="1" y="-148.4" skY="0"/>
  </bone>
  <bone name="slot_1">
   <transform scX="1" x="-159" skX="0" scY="1" y="-88.05" skY="0"/>
  </bone>
  <bone name="slot_9">
   <transform scX="1" x="129" skX="0" scY="1" y="-88.05" skY="0"/>
  </bone>
  <bone name="slot_2">
   <transform scX="1" x="-159" skX="0" scY="1" y="-39.85" skY="0"/>
  </bone>
  <bone name="slot_10">
   <transform scX="1" x="129" skX="0" scY="1" y="-39.85" skY="0"/>
  </bone>
  <bone name="slot_3">
   <transform scX="1" x="-159" skX="0" scY="1" y="9.35" skY="0"/>
  </bone>
  <bone name="slot_11">
   <transform scX="1" x="129" skX="0" scY="1" y="9.35" skY="0"/>
  </bone>
  <bone name="slot_4">
   <transform scX="1" x="-159" skX="0" scY="1" y="57.55" skY="0"/>
  </bone>
  <bone name="Layer 20">
   <transform scX="1.16" x="-1.05" skX="0" scY="1.17" y="59.5" skY="0"/>
  </bone>
  <bone name="slot_5">
   <transform scX="1" x="-159" skX="0" scY="1" y="105.4" skY="0"/>
  </bone>
  <bone name="slot_13">
   <transform scX="1" x="129" skX="0" scY="1" y="105.4" skY="0"/>
  </bone>
  <bone name="slot_6">
   <transform scX="1" x="623" skX="0" scY="1" y="402.85" skY="0"/>
  </bone>
  <bone name="slot_14">
   <transform scX="1" x="129" skX="0" scY="1" y="153.6" skY="0"/>
  </bone>
  <bone name="slot_7">
   <transform scX="1" x="-159" skX="0" scY="1" y="153.6" skY="0"/>
  </bone>
  <bone name="slot_15">
   <transform scX="1" x="129" skX="0" scY="1" y="202.8" skY="0"/>
  </bone>
  <bone name="slot_8">
   <transform scX="1" x="-159" skX="0" scY="1" y="202.8" skY="0"/>
  </bone>
  <bone name="Layer 2">
   <transform scX="1" x="5.7" skX="0" scY="1" y="-146.3" skY="0"/>
  </bone>
  <bone name="Layer 1">
   <transform scX="1" x="0.05" skX="0" scY="1" y="-144.5" skY="0"/>
  </bone>
  <animation fadeInTime="0.3" scale="1" loop="1" autoTween="NaN" name="about_cl" duration="1" tweenEasing="NaN">
   <timeline pX="0" name="Layer 20" pY="0" scale="1" offset="0">
    <frame z="0" duration="1">
     <transform scX="1" x="0" scY="1" y="0" pX="0" pY="0" skX="0" skY="0"/>
     <colorTransform bM="100" gO="0" bO="0" aM="50" rM="100" aO="0" gM="100" rO="0"/>
    </frame>
   </timeline>
   <timeline pX="0" name="Layer 19" pY="0" scale="1" offset="0">
    <frame z="0" duration="1" tweenEasing="NaN">
     <transform scX="1" x="0" scY="1" y="0" pX="0" pY="0" skX="0" skY="0"/>
    </frame>
   </timeline>
   <timeline pX="0" name="close_bt" pY="0" scale="1" offset="0">
    <frame z="0" duration="1">
     <transform scX="1" x="0" scY="1" y="0" pX="0" pY="0" skX="0" skY="0"/>
    </frame>
   </timeline>
   <timeline pX="0" name="slot_1" pY="0" scale="1" offset="0">
    <frame z="0" duration="1">
     <transform scX="1" x="0" scY="1" y="0" pX="0" pY="0" skX="0" skY="0"/>
    </frame>
   </timeline>
   <timeline pX="0" name="slot_9" pY="0" scale="1" offset="0">
    <frame z="0" duration="1">
     <transform scX="1" x="0" scY="1" y="0" pX="0" pY="0" skX="0" skY="0"/>
    </frame>
   </timeline>
   <timeline pX="0" name="slot_2" pY="0" scale="1" offset="0">
    <frame z="0" duration="1">
     <transform scX="1" x="0" scY="1" y="0" pX="0" pY="0" skX="0" skY="0"/>
    </frame>
   </timeline>
   <timeline pX="0" name="slot_10" pY="0" scale="1" offset="0">
    <frame z="0" duration="1">
     <transform scX="1" x="0" scY="1" y="0" pX="0" pY="0" skX="0" skY="0"/>
    </frame>
   </timeline>
   <timeline pX="0" name="slot_3" pY="0" scale="1" offset="0">
    <frame z="0" duration="1">
     <transform scX="1" x="0" scY="1" y="0" pX="0" pY="0" skX="0" skY="0"/>
    </frame>
   </timeline>
   <timeline pX="0" name="slot_11" pY="0" scale="1" offset="0">
    <frame z="0" duration="1">
     <transform scX="1" x="0" scY="1" y="0" pX="0" pY="0" skX="0" skY="0"/>
    </frame>
   </timeline>
   <timeline pX="0" name="slot_4" pY="0" scale="1" offset="0">
    <frame z="0" duration="1">
     <transform scX="1" x="0" scY="1" y="0" pX="0" pY="0" skX="0" skY="0"/>
    </frame>
   </timeline>
   <timeline pX="0" name="slot_12" pY="0" scale="1" offset="0">
    <frame z="0" duration="1">
     <transform scX="1" x="0" scY="1" y="0" pX="0" pY="0" skX="0" skY="0"/>
    </frame>
   </timeline>
   <timeline pX="0" name="slot_5" pY="0" scale="1" offset="0">
    <frame z="0" duration="1">
     <transform scX="1" x="0" scY="1" y="0" pX="0" pY="0" skX="0" skY="0"/>
    </frame>
   </timeline>
   <timeline pX="0" name="slot_13" pY="0" scale="1" offset="0">
    <frame z="0" duration="1">
     <transform scX="1" x="0" scY="1" y="0" pX="0" pY="0" skX="0" skY="0"/>
    </frame>
   </timeline>
   <timeline pX="0" name="slot_6" pY="0" scale="1" offset="0">
    <frame z="0" duration="1">
     <transform scX="1" x="0" scY="1" y="0" pX="0" pY="0" skX="0" skY="0"/>
     <colorTransform bM="100" gO="0" bO="0" aM="0" rM="100" aO="0" gM="100" rO="0"/>
    </frame>
   </timeline>
   <timeline pX="0" name="slot_14" pY="0" scale="1" offset="0">
    <frame z="0" duration="1">
     <transform scX="1" x="0" scY="1" y="0" pX="0" pY="0" skX="0" skY="0"/>
    </frame>
   </timeline>
   <timeline pX="0" name="slot_7" pY="0" scale="1" offset="0">
    <frame z="0" duration="1">
     <transform scX="1" x="0" scY="1" y="0" pX="0" pY="0" skX="0" skY="0"/>
    </frame>
   </timeline>
   <timeline pX="0" name="slot_15" pY="0" scale="1" offset="0">
    <frame z="0" duration="1">
     <transform scX="1" x="0" scY="1" y="0" pX="0" pY="0" skX="0" skY="0"/>
    </frame>
   </timeline>
   <timeline pX="0" name="slot_8" pY="0" scale="1" offset="0">
    <frame z="0" duration="1">
     <transform scX="1" x="0" scY="1" y="0" pX="0" pY="0" skX="0" skY="0"/>
    </frame>
   </timeline>
   <timeline pX="0" name="Layer 2" pY="0" scale="1" offset="0">
    <frame z="0" duration="1" tweenEasing="NaN">
     <transform scX="1" x="0" scY="1" y="0" pX="0" pY="0" skX="0" skY="0"/>
    </frame>
   </timeline>
   <timeline pX="0" name="Layer 1" pY="0" scale="1" offset="0">
    <frame z="0" duration="1">
     <transform scX="1" x="0" scY="1" y="0" pX="0" pY="0" skX="0" skY="0"/>
    </frame>
   </timeline>
  </animation>
 </armature>
 <armature name="Symbol 3125">
  <skin name="default">
   <slot name="Layer 23" z="0" parent="Layer 23">
    <display name="Symbol 2077" type="image">
     <transform scX="1" x="0" scY="1" y="0" pX="325" pY="225" skX="0" skY="0"/>
    </display>
   </slot>
   <slot name="Layer 22" z="1" parent="Layer 22">
    <display name="__dbTextures/Symbol 3125/Layer 22_0" type="image">
     <transform scX="1" x="-235.5" scY="1" y="-121.1" pX="0" pY="0" skX="0" skY="0"/>
    </display>
   </slot>
   <slot name="Layer 21" z="2" parent="Layer 21">
    <display name="Symbol 2937" type="image">
     <transform scX="1" x="0" scY="1" y="0" pX="27.15" pY="19" skX="0" skY="0"/>
    </display>
   </slot>
   <slot name="Layer 20" z="3" parent="Layer 20">
    <display name="Symbol 2939" type="image">
     <transform scX="1" x="0" scY="1" y="0" pX="26.4" pY="19" skX="0" skY="0"/>
    </display>
   </slot>
   <slot name="Layer 19" z="4" parent="Layer 19">
    <display name="Symbol 2941" type="image">
     <transform scX="1" x="0" scY="1" y="0" pX="28.8" pY="19" skX="0" skY="0"/>
    </display>
   </slot>
   <slot name="Layer 18" z="5" parent="Layer 18">
    <display name="Symbol 2943" type="image">
     <transform scX="1" x="0" scY="1" y="0" pX="28.8" pY="19" skX="0" skY="0"/>
    </display>
   </slot>
   <slot name="Layer 17" z="6" parent="Layer 17">
    <display name="Symbol 3105" type="image">
     <transform scX="1" x="0" scY="1" y="0" pX="224.95" pY="121" skX="0" skY="0"/>
    </display>
   </slot>
   <slot name="close_bt" z="7" parent="close_bt">
    <display name="Symbol 2945" type="image">
     <transform scX="1" x="0" scY="1" y="0" pX="1" pY="-5.4" skX="0" skY="0"/>
    </display>
   </slot>
   <slot name="zoom_bt" z="8" parent="zoom_bt">
    <display name="Symbol 3077" type="armature">
     <transform scX="1" x="0" skX="0" scY="1" y="0" skY="0"/>
    </display>
   </slot>
   <slot name="Layer 14" z="9" parent="Layer 14">
    <display name="Symbol 2983" type="image">
     <transform scX="1" x="0" scY="1" y="0" pX="51.55" pY="88.35" skX="0" skY="0"/>
    </display>
   </slot>
   <slot name="money_tx" z="10" parent="money_tx">
    <display name="位图 5" type="image">
     <transform scX="1" x="-43.5" scY="1" y="-18" pX="0" pY="0" skX="0" skY="0"/>
    </display>
   </slot>
   <slot name="Layer 12" z="11" parent="Layer 12">
    <display name="Symbol 2931" type="image">
     <transform scX="1" x="0" scY="1" y="0" pX="15.35" pY="8.2" skX="0" skY="0"/>
    </display>
   </slot>
   <slot name="Layer 11" z="12" parent="Layer 11">
    <display name="Symbol 2931" type="image">
     <transform scX="1" x="0" scY="1" y="0" pX="15.35" pY="8.2" skX="0" skY="0"/>
    </display>
   </slot>
   <slot name="Layer 10" z="13" parent="Layer 10">
    <display name="Symbol 3108" type="image">
     <transform scX="1" x="0" scY="1" y="0" pX="43.8" pY="16.95" skX="0" skY="0"/>
    </display>
   </slot>
   <slot name="Layer 9" z="14" parent="Layer 9">
    <display name="Symbol 3109" type="image">
     <transform scX="1" x="0" scY="1" y="0" pX="82.65" pY="132.85" skX="0" skY="0"/>
    </display>
   </slot>
   <slot name="Layer 8" z="15" parent="Layer 8">
    <display name="Symbol 3111" type="image">
     <transform scX="1" x="0" scY="1" y="0" pX="48.5" pY="24.55" skX="0" skY="0"/>
    </display>
   </slot>
   <slot name="Layer 7" z="16" parent="Layer 7">
    <display name="Symbol 3113" type="image">
     <transform scX="1" x="0" scY="1" y="0" pX="115.15" pY="19.95" skX="0" skY="0"/>
    </display>
   </slot>
   <slot name="des_tx" z="17" parent="des_tx">
    <display name="位图 4" type="image">
     <transform scX="1" x="-160.5" scY="1" y="-18" pX="0" pY="0" skX="0" skY="0"/>
    </display>
   </slot>
   <slot name="slot_1" z="18" parent="slot_1">
    <display name="Symbol 3124" type="armature">
     <transform scX="1" x="0" skX="0" scY="1" y="0" skY="0"/>
    </display>
   </slot>
   <slot name="slot_2" z="19" parent="slot_2">
    <display name="Symbol 3124" type="armature">
     <transform scX="1" x="0" skX="0" scY="1" y="0" skY="0"/>
    </display>
   </slot>
   <slot name="slot_3" z="20" parent="slot_3">
    <display name="Symbol 3124" type="armature">
     <transform scX="1" x="0" skX="0" scY="1" y="0" skY="0"/>
    </display>
   </slot>
   <slot name="slot_4" z="21" parent="slot_4">
    <display name="Symbol 3124" type="armature">
     <transform scX="1" x="0" skX="0" scY="1" y="0" skY="0"/>
    </display>
   </slot>
   <slot name="slot_5" z="22" parent="slot_5">
    <display name="Symbol 3124" type="armature">
     <transform scX="1" x="0" skX="0" scY="1" y="0" skY="0"/>
    </display>
   </slot>
  </skin>
  <bone name="Layer 12">
   <transform scX="-1" x="-28.35" skX="-32.47" scY="1" y="-75.3" skY="-32.47"/>
  </bone>
  <bone name="Layer 22">
   <transform scX="1" x="14.75" skX="0" scY="1" y="39.75" skY="0"/>
  </bone>
  <bone name="Layer 21">
   <transform scX="-1.33" x="-90.6" skX="-6.05" scY="1.33" y="-115.75" skY="-6.05"/>
  </bone>
  <bone name="Layer 20">
   <transform scX="-1.33" x="-12.1" skX="0" scY="1.33" y="-138.45" skY="0"/>
  </bone>
  <bone name="Layer 19">
   <transform scX="1.33" x="117.55" skX="12.23" scY="1.33" y="-117.9" skY="12.23"/>
  </bone>
  <bone name="Layer 18">
   <transform scX="1.33" x="60.7" skX="0" scY="1.33" y="-151.45" skY="0"/>
  </bone>
  <bone name="Layer 17">
   <transform scX="1" x="0" skX="0" scY="1" y="0" skY="0"/>
  </bone>
  <bone name="close_bt">
   <transform scX="1" x="235.4" skX="0" scY="1" y="-103.9" skY="0"/>
  </bone>
  <bone name="zoom_bt">
   <transform scX="1.11" x="219.25" skX="0" scY="1.11" y="129.45" skY="0"/>
  </bone>
  <bone name="Layer 14">
   <transform scX="1" x="0" skX="0" scY="1" y="0" skY="0"/>
  </bone>
  <bone name="money_tx">
   <transform scX="1" x="42.35" skX="0" scY="1" y="-70" skY="0"/>
  </bone>
  <bone name="Layer 23">
   <transform scX="1.16" x="-2.05" skX="0" scY="1.17" y="5.5" skY="0"/>
  </bone>
  <bone name="Layer 11">
   <transform scX="-1" x="-21.35" skX="-10.97" scY="1" y="-70.9" skY="-10.97"/>
  </bone>
  <bone name="Layer 10">
   <transform scX="1" x="16.85" skX="0" scY="1" y="-109.8" skY="0"/>
  </bone>
  <bone name="Layer 9">
   <transform scX="1" x="0" skX="0" scY="1" y="0" skY="0"/>
  </bone>
  <bone name="Layer 8">
   <transform scX="1" x="-186.55" skX="0" scY="1" y="131.45" skY="0"/>
  </bone>
  <bone name="Layer 7">
   <transform scX="1" x="-43.05" skX="0" scY="1" y="133.6" skY="0"/>
  </bone>
  <bone name="des_tx">
   <transform scX="1" x="-19.6" skX="0" scY="1" y="132.85" skY="0"/>
  </bone>
  <bone name="slot_1">
   <transform scX="1" x="-163.45" skX="0" scY="1" y="-3.05" skY="0"/>
  </bone>
  <bone name="slot_2">
   <transform scX="1" x="-75" skX="0" scY="1" y="-3.05" skY="0"/>
  </bone>
  <bone name="slot_3">
   <transform scX="1" x="13" skX="0" scY="1" y="-3.05" skY="0"/>
  </bone>
  <bone name="slot_4">
   <transform scX="1" x="101" skX="0" scY="1" y="-3.05" skY="0"/>
  </bone>
  <bone name="slot_5">
   <transform scX="1" x="189" skX="0" scY="1" y="-3.05" skY="0"/>
  </bone>
  <animation fadeInTime="0.3" scale="1" loop="1" autoTween="NaN" name="shop_cl" duration="1" tweenEasing="NaN">
   <timeline pX="0" name="Layer 23" pY="0" scale="1" offset="0">
    <frame z="0" duration="1">
     <transform scX="1" x="0" scY="1" y="0" pX="0" pY="0" skX="0" skY="0"/>
     <colorTransform bM="100" gO="0" bO="0" aM="50" rM="100" aO="0" gM="100" rO="0"/>
    </frame>
   </timeline>
   <timeline pX="0" name="Layer 22" pY="0" scale="1" offset="0">
    <frame z="0" duration="1" tweenEasing="NaN">
     <transform scX="1" x="0" scY="1" y="0" pX="0" pY="0" skX="0" skY="0"/>
    </frame>
   </timeline>
   <timeline pX="0" name="Layer 21" pY="0" scale="1" offset="0">
    <frame z="0" duration="1">
     <transform scX="1" x="0" scY="1" y="0" pX="0" pY="0" skX="0" skY="0"/>
    </frame>
   </timeline>
   <timeline pX="0" name="Layer 20" pY="0" scale="1" offset="0">
    <frame z="0" duration="1">
     <transform scX="1" x="0" scY="1" y="0" pX="0" pY="0" skX="0" skY="0"/>
    </frame>
   </timeline>
   <timeline pX="0" name="Layer 19" pY="0" scale="1" offset="0">
    <frame z="0" duration="1">
     <transform scX="1" x="0" scY="1" y="0" pX="0" pY="0" skX="0" skY="0"/>
    </frame>
   </timeline>
   <timeline pX="0" name="Layer 18" pY="0" scale="1" offset="0">
    <frame z="0" duration="1">
     <transform scX="1" x="0" scY="1" y="0" pX="0" pY="0" skX="0" skY="0"/>
    </frame>
   </timeline>
   <timeline pX="0" name="Layer 17" pY="0" scale="1" offset="0">
    <frame z="0" duration="1">
     <transform scX="1" x="0" scY="1" y="0" pX="0" pY="0" skX="0" skY="0"/>
    </frame>
   </timeline>
   <timeline pX="0" name="close_bt" pY="0" scale="1" offset="0">
    <frame z="0" duration="1">
     <transform scX="1" x="0" scY="1" y="0" pX="0" pY="0" skX="0" skY="0"/>
    </frame>
   </timeline>
   <timeline pX="0" name="zoom_bt" pY="0" scale="1" offset="0">
    <frame z="0" duration="1">
     <transform scX="1" x="0" scY="1" y="0" pX="0" pY="0" skX="0" skY="0"/>
    </frame>
   </timeline>
   <timeline pX="0" name="Layer 14" pY="0" scale="1" offset="0">
    <frame z="0" duration="1">
     <transform scX="1" x="0" scY="1" y="0" pX="0" pY="0" skX="0" skY="0"/>
    </frame>
   </timeline>
   <timeline pX="0" name="money_tx" pY="0" scale="1" offset="0">
    <frame z="0" duration="1">
     <transform scX="1" x="0" scY="1" y="0" pX="0" pY="0" skX="0" skY="0"/>
    </frame>
   </timeline>
   <timeline pX="0" name="Layer 12" pY="0" scale="1" offset="0">
    <frame z="0" duration="1">
     <transform scX="1" x="0" scY="1" y="0" pX="0" pY="0" skX="0" skY="0"/>
    </frame>
   </timeline>
   <timeline pX="0" name="Layer 11" pY="0" scale="1" offset="0">
    <frame z="0" duration="1">
     <transform scX="1" x="0" scY="1" y="0" pX="0" pY="0" skX="0" skY="0"/>
    </frame>
   </timeline>
   <timeline pX="0" name="Layer 10" pY="0" scale="1" offset="0">
    <frame z="0" duration="1">
     <transform scX="1" x="0" scY="1" y="0" pX="0" pY="0" skX="0" skY="0"/>
    </frame>
   </timeline>
   <timeline pX="0" name="Layer 9" pY="0" scale="1" offset="0">
    <frame z="0" duration="1">
     <transform scX="1" x="0" scY="1" y="0" pX="0" pY="0" skX="0" skY="0"/>
    </frame>
   </timeline>
   <timeline pX="0" name="Layer 8" pY="0" scale="1" offset="0">
    <frame z="0" duration="1">
     <transform scX="1" x="0" scY="1" y="0" pX="0" pY="0" skX="0" skY="0"/>
    </frame>
   </timeline>
   <timeline pX="0" name="Layer 7" pY="0" scale="1" offset="0">
    <frame z="0" duration="1">
     <transform scX="1" x="0" scY="1" y="0" pX="0" pY="0" skX="0" skY="0"/>
    </frame>
   </timeline>
   <timeline pX="0" name="des_tx" pY="0" scale="1" offset="0">
    <frame z="0" duration="1">
     <transform scX="1" x="0" scY="1" y="0" pX="0" pY="0" skX="0" skY="0"/>
    </frame>
   </timeline>
   <timeline pX="0" name="slot_1" pY="0" scale="1" offset="0">
    <frame z="0" duration="1">
     <transform scX="1" x="0" scY="1" y="0" pX="0" pY="0" skX="0" skY="0"/>
    </frame>
   </timeline>
   <timeline pX="0" name="slot_2" pY="0" scale="1" offset="0">
    <frame z="0" duration="1">
     <transform scX="1" x="0" scY="1" y="0" pX="0" pY="0" skX="0" skY="0"/>
    </frame>
   </timeline>
   <timeline pX="0" name="slot_3" pY="0" scale="1" offset="0">
    <frame z="0" duration="1">
     <transform scX="1" x="0" scY="1" y="0" pX="0" pY="0" skX="0" skY="0"/>
    </frame>
   </timeline>
   <timeline pX="0" name="slot_4" pY="0" scale="1" offset="0">
    <frame z="0" duration="1">
     <transform scX="1" x="0" scY="1" y="0" pX="0" pY="0" skX="0" skY="0"/>
    </frame>
   </timeline>
   <timeline pX="0" name="slot_5" pY="0" scale="1" offset="0">
    <frame z="0" duration="1">
     <transform scX="1" x="0" scY="1" y="0" pX="0" pY="0" skX="0" skY="0"/>
    </frame>
   </timeline>
  </animation>
 </armature>
 <armature name="radio">
  <skin name="default">
   <slot name="Layer 4" z="0" parent="Layer 4">
    <display name="__dbTextures/radio/Layer 4_0" type="image">
     <transform scX="1" x="-10.2" scY="1" y="-10.25" pX="0" pY="0" skX="0" skY="0"/>
    </display>
    <display name="__dbTextures/radio/Layer 4_1" type="image">
     <transform scX="1" x="-10.2" scY="1" y="-10.25" pX="0" pY="0" skX="0" skY="0"/>
    </display>
   </slot>
   <slot name="n_tx" z="1" parent="n_tx">
    <display name="位图 8" type="image">
     <transform scX="1" x="-10.5" scY="1" y="-14" pX="0" pY="0" skX="0" skY="0"/>
    </display>
   </slot>
   <slot name="Layer 2" z="2" parent="Layer 2">
    <display name="Symbol 2695" type="image">
     <transform scX="1" x="0" scY="1" y="0" pX="50.95" pY="42.5" skX="0" skY="0"/>
    </display>
   </slot>
   <slot name="none_page_cl" z="3" parent="none_page_cl">
    <display name="Symbol 3066" type="image">
     <transform scX="1" x="0" scY="1" y="0" pX="10.2" pY="10.25" skX="0" skY="0"/>
    </display>
   </slot>
  </skin>
  <bone name="Layer 2">
   <transform scX="0.21" x="8.9" skX="0" scY="0.26" y="8.4" skY="0"/>
  </bone>
  <bone name="n_tx">
   <transform scX="1" x="8.9" skX="0" scY="1" y="8.4" skY="0"/>
  </bone>
  <bone name="Layer 4">
   <transform scX="1" x="8.85" skX="0" scY="1" y="8.35" skY="0"/>
  </bone>
  <bone name="none_page_cl">
   <transform scX="1.05" x="8.85" skX="0" scY="1.05" y="8.35" skY="0"/>
  </bone>
  <animation fadeInTime="0.3" scale="5" loop="0" autoTween="NaN" name="radio_3" duration="2" tweenEasing="2">
   <timeline pX="0" name="Layer 4" pY="0" scale="1" offset="0">
    <frame z="0" duration="1" tweenEasing="NaN">
     <transform scX="1" x="0" scY="1" y="0" pX="0" pY="0" skX="0" skY="0"/>
    </frame>
    <frame z="0" displayIndex="1" duration="1" tweenEasing="NaN">
     <transform scX="1" x="0" scY="1" y="0" pX="0" pY="0" skX="0" skY="0"/>
    </frame>
   </timeline>
   <timeline pX="0" name="n_tx" pY="0" scale="1" offset="0">
    <frame z="0" duration="2">
     <transform scX="1" x="0" scY="1" y="0" pX="0" pY="0" skX="0" skY="0"/>
    </frame>
   </timeline>
   <timeline pX="0" name="Layer 2" pY="0" scale="1" offset="0">
    <frame z="0" duration="2">
     <transform scX="1" x="0" scY="1" y="0" pX="0" pY="0" skX="0" skY="0"/>
    </frame>
   </timeline>
   <timeline pX="0" name="none_page_cl" pY="0" scale="1" offset="0">
    <frame z="0" duration="2">
     <transform scX="1" x="0" scY="1" y="0" pX="0" pY="0" skX="0" skY="0"/>
    </frame>
   </timeline>
  </animation>
 </armature>
 <armature name="SFKLeague_fla.кнопкалупапримерочная_531">
  <skin name="default">
   <slot name="zoom_bt" z="0" parent="zoom_bt">
    <display name="Symbol 3073" type="image">
     <transform scX="1" x="0" scY="1" y="0" pX="15.5" pY="15.15" skX="0" skY="0"/>
    </display>
    <display name="Symbol 3076" type="image">
     <transform scX="1" x="0" scY="1" y="0" pX="15.5" pY="15.15" skX="0" skY="0"/>
    </display>
   </slot>
  </skin>
  <bone name="zoom_bt">
   <transform scX="1" x="-1.65" skX="0" scY="1" y="1.75" skY="0"/>
  </bone>
  <animation fadeInTime="0.3" scale="5" loop="0" autoTween="NaN" name="zoom_bt" duration="2" tweenEasing="2">
   <timeline pX="0" name="zoom_bt" pY="0" scale="1" offset="0">
    <frame z="0" duration="1">
     <transform scX="1" x="0" scY="1" y="0" pX="0" pY="0" skX="0" skY="0"/>
    </frame>
    <frame displayIndex="1" z="0" duration="1">
     <transform scX="1" x="0" scY="1" y="0" pX="0" pY="0" skX="0" skY="0"/>
    </frame>
   </timeline>
  </animation>
 </armature>
 <armature name="Symbol 3100">
  <skin name="default">
   <slot name="Layer 4" z="0" parent="Layer 4">
    <display name="__dbTextures/Symbol 3100/Layer 4_0" type="image">
     <transform scX="1" x="-110.05" scY="1" y="-22.75" pX="0" pY="0" skX="0" skY="0"/>
    </display>
   </slot>
   <slot name="Layer 3" z="1" parent="Layer 3">
    <display name="Symbol 3098" type="image">
     <transform scX="1" x="0" scY="1" y="0" pX="24.75" pY="22.85" skX="0" skY="0"/>
    </display>
   </slot>
   <slot name="des_tx" z="2" parent="des_tx">
    <display name="位图 7" type="image">
     <transform scX="1" x="-104.5" scY="1" y="-23" pX="0" pY="0" skX="0" skY="0"/>
    </display>
   </slot>
   <slot name="icon_cl" z="3" parent="icon_cl">
    <display name="Symbol 2238" type="armature">
     <transform scX="1" x="0" skX="0" scY="1" y="0" skY="0"/>
    </display>
   </slot>
  </skin>
  <bone name="des_tx">
   <transform scX="1" x="32.7" skX="0" scY="1" y="-1.1" skY="0"/>
  </bone>
  <bone name="Layer 3">
   <transform scX="1" x="-91.3" skX="0" scY="1" y="-0.45" skY="0"/>
  </bone>
  <bone name="Layer 4">
   <transform scX="1" x="45.8" skX="0" scY="1" y="-0.3" skY="0"/>
  </bone>
  <bone name="icon_cl">
   <transform scX="1" x="-92.85" skX="0" scY="1" y="-0.05" skY="0"/>
  </bone>
  <animation fadeInTime="0.3" scale="1" loop="1" autoTween="NaN" name="aboutSlot" duration="1" tweenEasing="NaN">
   <timeline pX="0" name="Layer 4" pY="0" scale="1" offset="0">
    <frame z="0" duration="1" tweenEasing="NaN">
     <transform scX="1" x="0" scY="1" y="0" pX="0" pY="0" skX="0" skY="0"/>
    </frame>
   </timeline>
   <timeline pX="0" name="Layer 3" pY="0" scale="1" offset="0">
    <frame z="0" duration="1">
     <transform scX="1" x="0" scY="1" y="0" pX="0" pY="0" skX="0" skY="0"/>
    </frame>
   </timeline>
   <timeline pX="0" name="des_tx" pY="0" scale="1" offset="0">
    <frame z="0" duration="1">
     <transform scX="1" x="0" scY="1" y="0" pX="0" pY="0" skX="0" skY="0"/>
    </frame>
   </timeline>
   <timeline pX="0" name="icon_cl" pY="0" scale="1" offset="0">
    <frame z="0" duration="1">
     <transform scX="1" x="0" scY="1" y="0" pX="0" pY="0" skX="0" skY="0"/>
    </frame>
   </timeline>
  </animation>
 </armature>
 <armature name="Symbol 3077">
  <skin name="default">
   <slot name="zoom_bt" z="0" parent="zoom_bt">
    <display name="Button/button 3073" type="image">
     <transform scX="1" x="0" scY="1" y="0" pX="15.5" pY="15.15" skX="0" skY="0"/>
    </display>
    <display name="Button/button 3076" type="image">
     <transform scX="1" x="0" scY="1" y="0" pX="15.5" pY="15.15" skX="0" skY="0"/>
    </display>
   </slot>
  </skin>
  <bone name="zoom_bt">
   <transform scX="1" x="-1.65" skX="0" scY="1" y="1.75" skY="0"/>
  </bone>
  <animation fadeInTime="0.3" scale="5" loop="0" autoTween="NaN" name="zoom_bt" duration="2" tweenEasing="2">
   <timeline pX="0" name="zoom_bt" pY="0" scale="1" offset="0">
    <frame z="0" duration="1">
     <transform scX="1" x="0" scY="1" y="0" pX="0" pY="0" skX="0" skY="0"/>
    </frame>
    <frame displayIndex="1" z="0" duration="1">
     <transform scX="1" x="0" scY="1" y="0" pX="0" pY="0" skX="0" skY="0"/>
    </frame>
   </timeline>
  </animation>
 </armature>
 <armature name="Symbol 3124">
  <skin name="default">
   <slot name="card_cl" z="0" parent="card_cl">
    <display name="card_mc" type="image">
     <transform scX="1" x="0" scY="1" y="0" pX="19.45" pY="19.45" skX="0" skY="0"/>
    </display>
    <display name="位图 1" type="image">
     <transform scX="1" x="-23" scY="1" y="-16.5" pX="0" pY="0" skX="0" skY="0"/>
    </display>
   </slot>
   <slot name="buy_bt" z="1" parent="buy_bt">
    <display name="Symbol 3118" type="armature">
     <transform scX="1" x="0" skX="0" scY="1" y="0" skY="0"/>
    </display>
   </slot>
   <slot name="price_tx" z="2" parent="price_tx">
    <display name="位图 3" type="image">
     <transform scX="1" x="-36" scY="1" y="-17.5" pX="0" pY="0" skX="0" skY="0"/>
    </display>
   </slot>
   <slot name="Layer 2" z="3" parent="Layer 2">
    <display name="Symbol 3120" type="image">
     <transform scX="1" x="0" scY="1" y="0" pX="15.35" pY="8.2" skX="0" skY="0"/>
    </display>
   </slot>
   <slot name="sold_cl" z="4" parent="sold_cl">
    <display name="Symbol 3122" type="image">
     <transform scX="1" x="0" scY="1" y="0" pX="25.65" pY="10.55" skX="0" skY="0"/>
    </display>
   </slot>
  </skin>
  <bone name="price_tx">
   <transform scX="1" x="20.55" skX="0" scY="1" y="65.65" skY="0"/>
  </bone>
  <bone name="buy_bt">
   <transform scX="1" x="14" skX="0" scY="1" y="91.95" skY="0"/>
  </bone>
  <bone name="card_cl">
   <transform scX="1" x="3.3" skX="0" scY="1" y="0" skY="0"/>
  </bone>
  <bone name="Layer 2">
   <transform scX="-0.88" x="-24" skX="-47.45" scY="0.88" y="62.75" skY="-47.45"/>
  </bone>
  <bone name="sold_cl">
   <transform scX="1" x="3" skX="-20.21" scY="1" y="0" skY="-20.21"/>
  </bone>
  <animation fadeInTime="0.3" scale="5" loop="0" autoTween="NaN" name="shopSlot" duration="2" tweenEasing="2">
   <timeline pX="0" name="card_cl" pY="0" scale="1" offset="0">
    <frame z="0" duration="1">
     <transform scX="1" x="0" scY="1" y="0" pX="0" pY="0" skX="0" skY="0"/>
    </frame>
    <frame displayIndex="1" z="0" duration="1">
     <transform scX="1" x="-22.05" scY="1" y="-7.45" pX="0" pY="0" skX="0" skY="0"/>
    </frame>
   </timeline>
   <timeline pX="0" name="buy_bt" pY="0" scale="1" offset="0">
    <frame z="0" duration="1">
     <transform scX="1" x="0" scY="1" y="0" pX="0" pY="0" skX="0" skY="0"/>
    </frame>
    <frame displayIndex="-1" duration="1"/>
   </timeline>
   <timeline pX="0" name="price_tx" pY="0" scale="1" offset="0">
    <frame z="0" duration="1">
     <transform scX="1" x="0" scY="1" y="0" pX="0" pY="0" skX="0" skY="0"/>
    </frame>
    <frame displayIndex="-1" duration="1"/>
   </timeline>
   <timeline pX="0" name="Layer 2" pY="0" scale="1" offset="0">
    <frame z="0" duration="1">
     <transform scX="1" x="0" scY="1" y="0" pX="0" pY="0" skX="0" skY="0"/>
    </frame>
    <frame displayIndex="-1" duration="1"/>
   </timeline>
   <timeline pX="0" name="sold_cl" pY="0" scale="1" offset="0">
    <frame z="0" duration="1">
     <transform scX="1" x="0" scY="1" y="0" pX="0" pY="0" skX="0" skY="0"/>
    </frame>
    <frame displayIndex="-1" duration="1"/>
   </timeline>
  </animation>
 </armature>
 <armature name="Symbol 2238">
  <skin name="default">
   <slot name="Layer 1" z="0" parent="Layer 1">
    <display name="Symbol 2208" type="image">
     <transform scX="1" x="0" scY="1" y="0" pX="19" pY="14.4" skX="0" skY="0"/>
    </display>
    <display name="Symbol 2210" type="image">
     <transform scX="1" x="0" scY="1" y="0" pX="14.45" pY="16.3" skX="0" skY="0"/>
    </display>
    <display name="Symbol 2212" type="image">
     <transform scX="1" x="0" scY="1" y="0" pX="15.05" pY="15.45" skX="0" skY="0"/>
    </display>
    <display name="Symbol 2217" type="image">
     <transform scX="1" x="0" scY="1" y="0" pX="12.8" pY="13.4" skX="0" skY="0"/>
    </display>
    <display name="Symbol 2219" type="image">
     <transform scX="1" x="0" scY="1" y="0" pX="4.85" pY="5.9" skX="0" skY="0"/>
    </display>
    <display name="Symbol 2221" type="image">
     <transform scX="1" x="0" scY="1" y="0" pX="14.6" pY="16.9" skX="0" skY="0"/>
    </display>
    <display name="Symbol 2223" type="image">
     <transform scX="1" x="0" scY="1" y="0" pX="14.6" pY="16.8" skX="0" skY="0"/>
    </display>
    <display name="Symbol 2225" type="image">
     <transform scX="1" x="0" scY="1" y="0" pX="4.85" pY="5.9" skX="0" skY="0"/>
    </display>
    <display name="Symbol 2227" type="image">
     <transform scX="1" x="0" scY="1" y="0" pX="7.95" pY="3.1" skX="0" skY="0"/>
    </display>
    <display name="Symbol 2229" type="image">
     <transform scX="1" x="0" scY="1" y="0" pX="5.45" pY="6.3" skX="0" skY="0"/>
    </display>
    <display name="Symbol 2231" type="image">
     <transform scX="1" x="0" scY="1" y="0" pX="5.45" pY="6.3" skX="0" skY="0"/>
    </display>
    <display name="Symbol 2233" type="image">
     <transform scX="1" x="0" scY="1" y="0" pX="5.45" pY="6.3" skX="0" skY="0"/>
    </display>
    <display name="Symbol 2235" type="image">
     <transform scX="1" x="0" scY="1" y="0" pX="4.65" pY="5.65" skX="0" skY="0"/>
    </display>
    <display name="Symbol 2237" type="image">
     <transform scX="1" x="0" scY="1" y="0" pX="14.05" pY="15.8" skX="0" skY="0"/>
    </display>
   </slot>
  </skin>
  <bone name="Layer 1">
   <transform scX="1" x="-1.15" skX="0" scY="1" y="0.35" skY="0"/>
  </bone>
  <animation fadeInTime="0.3" scale="1" loop="1" autoTween="NaN" name="icon_cl" duration="15" tweenEasing="NaN">
   <timeline pX="0" name="Layer 1" pY="0" scale="1" offset="0">
    <frame z="0" duration="1">
     <transform scX="1" x="0" scY="1" y="0" pX="0" pY="0" skX="0" skY="0"/>
    </frame>
    <frame displayIndex="1" z="0" duration="1">
     <transform scX="1" x="0" scY="1" y="0" pX="0" pY="0" skX="0" skY="0"/>
    </frame>
    <frame displayIndex="2" z="0" duration="1">
     <transform scX="1" x="0" scY="1" y="0" pX="0" pY="0" skX="0" skY="0"/>
    </frame>
    <frame displayIndex="3" z="0" duration="1">
     <transform scX="1" x="0.1499999999999999" scY="1" y="0.5" pX="0" pY="0" skX="0" skY="0"/>
    </frame>
    <frame displayIndex="4" z="0" duration="1">
     <transform scX="1" x="-8.1" scY="1" y="-8.05" pX="0" pY="0" skX="0" skY="0"/>
    </frame>
    <frame displayIndex="-1" duration="1"/>
    <frame displayIndex="5" z="0" duration="1">
     <transform scX="0.83" x="-2.1" scY="0.83" y="-0.35" pX="0" pY="0" skX="0" skY="0"/>
    </frame>
    <frame displayIndex="6" z="0" duration="1">
     <transform scX="0.83" x="-1.9500000000000002" scY="0.83" y="0.55" pX="0" pY="0" skX="0" skY="0"/>
    </frame>
    <frame displayIndex="7" z="0" duration="1">
     <transform scX="1" x="-8.4" scY="1" y="-8.65" pX="0" pY="0" skX="0" skY="0"/>
    </frame>
    <frame displayIndex="8" z="0" duration="1">
     <transform scX="1" x="-7.6" scY="1" y="-7.8" pX="0" pY="0" skX="0" skY="0"/>
    </frame>
    <frame displayIndex="9" z="0" duration="1">
     <transform scX="1" x="-7.6" scY="1" y="-7.8" pX="0" pY="0" skX="0" skY="0"/>
    </frame>
    <frame displayIndex="10" z="0" duration="1">
     <transform scX="1" x="-7.6" scY="1" y="-7.8" pX="0" pY="0" skX="0" skY="0"/>
    </frame>
    <frame displayIndex="11" z="0" duration="1">
     <transform scX="1" x="-7.6" scY="1" y="-7.8" pX="0" pY="0" skX="0" skY="0"/>
    </frame>
    <frame displayIndex="12" z="0" duration="1">
     <transform scX="1" x="-8.4" scY="1" y="-8.65" pX="0" pY="0" skX="0" skY="0"/>
    </frame>
    <frame displayIndex="13" z="0" duration="1">
     <transform scX="1" x="0.1499999999999999" scY="1" y="0.5" pX="0" pY="0" skX="0" skY="0"/>
    </frame>
   </timeline>
  </animation>
 </armature>
 <armature name="Symbol 3118">
  <skin name="default">
   <slot name="buy_bt" z="0" parent="buy_bt">
    <display name="Symbol 3116" type="image">
     <transform scX="1" x="0" scY="1" y="0" pX="37.95" pY="14.55" skX="0" skY="0"/>
    </display>
    <display name="__dbTextures/Symbol 3118/buy_bt_1" type="image">
     <transform scX="1" x="-37.9" scY="1" y="-14.55" pX="0" pY="0" skX="0" skY="0"/>
    </display>
   </slot>
   <slot name="Layer 1" z="1" parent="Layer 1">
    <display name="位图 2" type="image">
     <transform scX="1" x="-18" scY="1" y="-10" pX="0" pY="0" skX="0" skY="0"/>
    </display>
   </slot>
  </skin>
  <bone name="buy_bt">
   <transform scX="1" x="-10.85" skX="0" scY="1" y="2.3" skY="0"/>
  </bone>
  <bone name="Layer 1">
   <transform scX="1" x="-10.2" skX="0" scY="1" y="-1.9" skY="0"/>
  </bone>
  <animation fadeInTime="0.3" scale="5" loop="0" autoTween="NaN" name="buy_bt" duration="2" tweenEasing="2">
   <timeline pX="0" name="buy_bt" pY="0" scale="1" offset="0">
    <frame z="0" duration="1">
     <transform scX="1" x="0" scY="1" y="0" pX="0" pY="0" skX="0" skY="0"/>
    </frame>
    <frame z="0" displayIndex="1" duration="1" tweenEasing="NaN">
     <transform scX="1" x="-0.05000000000000071" scY="1" y="0" pX="0" pY="0" skX="0" skY="0"/>
    </frame>
   </timeline>
   <timeline pX="0" name="Layer 1" pY="0" scale="1" offset="0">
    <frame displayIndex="-1" duration="1"/>
    <frame z="0" duration="1">
     <transform scX="1" x="0" scY="1" y="0" pX="0" pY="0" skX="0" skY="0"/>
    </frame>
   </timeline>
  </animation>
 </armature>
</root>