<root name="pre_battle_mc" isGlobal="0" frameRate="30" version="3.0">
 <armature name="pre_battle_mc">
  <skin name="default">
   <slot name="Layer 7" z="0" parent="Layer 7">
    <display name="Symbol 2093" type="image">
     <transform x="0" pX="42.3" pY="29.65" skX="0" skY="0" scX="1" y="0" scY="1"/>
    </display>
   </slot>
   <slot name="Layer 6" z="1" parent="Layer 6">
    <display name="Symbol 1691" type="image">
     <transform x="0" pX="88.85" pY="-19.25" skX="0" skY="0" scX="1" y="0" scY="1"/>
    </display>
   </slot>
   <slot name="Layer 5" z="2" parent="Layer 5">
    <display name="位图 24" type="image">
     <transform x="-69.5" pX="0" pY="0" skX="0" skY="0" scX="1" y="-27" scY="1"/>
    </display>
    <display name="位图 1" type="image">
     <transform x="-76" pX="0" pY="0" skX="0" skY="0" scX="1" y="-26" scY="1"/>
    </display>
   </slot>
   <slot name="yes" z="3" parent="yes">
    <display name="yes" type="armature">
     <transform scY="1" skY="0" x="0" scX="1" skX="0" y="0"/>
    </display>
   </slot>
   <slot name="no" z="4" parent="no">
    <display name="no" type="armature">
     <transform scY="1" skY="0" x="0" scX="1" skX="0" y="0"/>
    </display>
   </slot>
   <slot name="Layer 2" z="5" parent="Layer 2">
    <display name="Symbol 1694" type="image">
     <transform x="0" pX="10.55" pY="8.85" skX="0" skY="0" scX="1" y="0" scY="1"/>
    </display>
   </slot>
   <slot name="Layer 1" z="6" parent="Layer 1">
    <display name="__dbTextures/pre_battle_mc/Layer 1_0" type="image">
     <transform x="-6.35" pX="1" pY="1" skX="0" skY="0" scX="1" y="-8.3" scY="1"/>
    </display>
   </slot>
  </skin>
  <bone name="yes">
   <transform y="88.6" skY="0" x="-78.85" scX="0.88" skX="0" scY="0.88"/>
  </bone>
  <bone name="Layer 6">
   <transform y="0" skY="0" x="0" scX="1" skX="0" scY="1"/>
  </bone>
  <bone name="Layer 5">
   <transform y="46.85" skY="0" x="-7.45" scX="1" skX="0" scY="1"/>
  </bone>
  <bone name="Layer 7">
   <transform y="-3.35" skY="0" x="6.4" scX="-1" skX="0" scY="1"/>
  </bone>
  <bone name="no">
   <transform y="89" skY="0" x="34.25" scX="0.88" skX="0" scY="0.88"/>
  </bone>
  <bone name="Layer 2">
   <transform y="19.8" skY="0" x="-87.05" scX="1" skX="0" scY="1"/>
  </bone>
  <bone name="Layer 1">
   <transform y="21.1" skY="0" x="20.9" scX="1" skX="0" scY="1"/>
  </bone>
  <animation name="pre_battle_mc" scale="5" loop="0" duration="2" autoTween="NaN" fadeInTime="0.3" tweenEasing="2">
   <timeline name="Layer 7" scale="1" pX="0" pY="0" offset="0">
    <frame z="0" duration="2">
     <transform x="0" pX="0" pY="0" skX="0" skY="0" scX="1" y="0" scY="1"/>
    </frame>
   </timeline>
   <timeline name="Layer 6" scale="1" pX="0" pY="0" offset="0">
    <frame z="0" duration="2">
     <transform x="0" pX="0" pY="0" skX="0" skY="0" scX="1" y="0" scY="1"/>
    </frame>
   </timeline>
   <timeline name="Layer 5" scale="1" pX="0" pY="0" offset="0">
    <frame z="0" duration="1">
     <transform x="0" pX="0" pY="0" skX="0" skY="0" scX="1" y="0" scY="1"/>
    </frame>
    <frame displayIndex="1" z="0" duration="1">
     <transform x="10.6" pX="0" pY="0" skX="0" skY="0" scX="1" y="-1" scY="1"/>
    </frame>
   </timeline>
   <timeline name="yes" scale="1" pX="0" pY="0" offset="0">
    <frame z="0" duration="2">
     <transform x="0" pX="0" pY="0" skX="0" skY="0" scX="1" y="0" scY="1"/>
    </frame>
   </timeline>
   <timeline name="no" scale="1" pX="0" pY="0" offset="0">
    <frame z="0" duration="2">
     <transform x="0" pX="0" pY="0" skX="0" skY="0" scX="1" y="0" scY="1"/>
    </frame>
   </timeline>
   <timeline name="Layer 2" scale="1" pX="0" pY="0" offset="0">
    <frame z="0" duration="2">
     <transform x="0" pX="0" pY="0" skX="0" skY="0" scX="1" y="0" scY="1"/>
    </frame>
   </timeline>
   <timeline name="Layer 1" scale="1" pX="0" pY="0" offset="0">
    <frame z="0" duration="2" tweenEasing="NaN">
     <transform x="0" pX="0" pY="0" skX="0" skY="0" scX="1" y="0" scY="1"/>
    </frame>
   </timeline>
  </animation>
 </armature>
 <armature name="yes">
  <skin name="default">
   <slot name="Layer 2" z="0" parent="Layer 2">
    <display name="Symbol 1695" type="image">
     <transform x="0" pX="0" pY="-3" skX="0" skY="0" scX="1" y="0" scY="1"/>
    </display>
   </slot>
   <slot name="Layer 1" z="1" parent="Layer 1">
    <display name="位图 25" type="image">
     <transform x="-20" pX="0" pY="0" skX="0" skY="0" scX="1" y="-20" scY="1"/>
    </display>
    <display name="位图 26" type="image">
     <transform x="-21.5" pX="0" pY="0" skX="0" skY="0" scX="1" y="-21.5" scY="1"/>
    </display>
    <display name="位图 27" type="image">
     <transform x="-20" pX="0" pY="0" skX="0" skY="0" scX="1" y="-20" scY="1"/>
    </display>
    <display name="位图 28" type="image">
     <transform x="-20" pX="0" pY="0" skX="0" skY="0" scX="1" y="-20" scY="1"/>
    </display>
   </slot>
  </skin>
  <bone name="Layer 2">
   <transform y="0" skY="0" x="0" scX="1" skX="0" scY="1"/>
  </bone>
  <bone name="Layer 1">
   <transform y="16.5" skY="0" x="22.5" scX="1" skX="0" scY="1"/>
  </bone>
  <animation name="yes" scale="1" loop="1" duration="4" autoTween="NaN" fadeInTime="0.3" tweenEasing="NaN">
   <timeline name="Layer 2" scale="1" pX="0" pY="0" offset="0">
    <frame z="0" duration="1">
     <transform x="0" pX="0" pY="0" skX="0" skY="0" scX="1" y="0" scY="1"/>
    </frame>
    <frame z="0" duration="1">
     <transform x="-2.1" pX="0" pY="0" skX="0" skY="0" scX="1.08" y="-1.7" scY="1.08"/>
    </frame>
    <frame z="0" duration="1">
     <transform x="0" pX="0" pY="0" skX="0" skY="0" scX="1" y="0" scY="1"/>
    </frame>
    <frame z="0" duration="1">
     <transform x="0" pX="0" pY="0" skX="0" skY="0" scX="1" y="0" scY="1"/>
    </frame>
   </timeline>
   <timeline name="Layer 1" scale="1" pX="0" pY="0" offset="0">
    <frame z="0" duration="1">
     <transform x="0" pX="0" pY="0" skX="0" skY="0" scX="1" y="0" scY="1"/>
    </frame>
    <frame displayIndex="1" z="0" duration="1">
     <transform x="-0.14999999999999858" pX="0" pY="0" skX="0" skY="0" scX="1" y="-0.25" scY="1"/>
    </frame>
    <frame displayIndex="2" z="0" duration="1">
     <transform x="0" pX="0" pY="0" skX="0" skY="0" scX="1" y="0" scY="1"/>
    </frame>
    <frame displayIndex="3" z="0" duration="1">
     <transform x="0" pX="0" pY="0" skX="0" skY="0" scX="1" y="0" scY="1"/>
    </frame>
   </timeline>
  </animation>
 </armature>
 <armature name="no">
  <skin name="default">
   <slot name="Layer 2" z="0" parent="Layer 2">
    <display name="Symbol 1695" type="image">
     <transform x="0" pX="0" pY="-3" skX="0" skY="0" scX="1" y="0" scY="1"/>
    </display>
   </slot>
   <slot name="Layer 1" z="1" parent="Layer 1">
    <display name="位图 29" type="image">
     <transform x="-21" pX="0" pY="0" skX="0" skY="0" scX="1" y="-22.5" scY="1"/>
    </display>
    <display name="位图 30" type="image">
     <transform x="-22" pX="0" pY="0" skX="0" skY="0" scX="1" y="-23.5" scY="1"/>
    </display>
    <display name="位图 31" type="image">
     <transform x="-21" pX="0" pY="0" skX="0" skY="0" scX="1" y="-22.5" scY="1"/>
    </display>
    <display name="位图 32" type="image">
     <transform x="-21" pX="0" pY="0" skX="0" skY="0" scX="1" y="-22.5" scY="1"/>
    </display>
   </slot>
  </skin>
  <bone name="Layer 2">
   <transform y="0" skY="0" x="0" scX="1" skX="0" scY="1"/>
  </bone>
  <bone name="Layer 1">
   <transform y="16.4" skY="0" x="26.85" scX="1" skX="0" scY="1"/>
  </bone>
  <animation name="no" scale="1" loop="1" duration="4" autoTween="NaN" fadeInTime="0.3" tweenEasing="NaN">
   <timeline name="Layer 2" scale="1" pX="0" pY="0" offset="0">
    <frame z="0" duration="1">
     <transform x="0" pX="0" pY="0" skX="0" skY="0" scX="1" y="0" scY="1"/>
    </frame>
    <frame z="0" duration="1">
     <transform x="-2.1" pX="0" pY="0" skX="0" skY="0" scX="1.08" y="-1.6" scY="1.08"/>
    </frame>
    <frame z="0" duration="1">
     <transform x="0" pX="0" pY="0" skX="0" skY="0" scX="1" y="0" scY="1"/>
    </frame>
    <frame z="0" duration="1">
     <transform x="0" pX="0" pY="0" skX="0" skY="0" scX="1" y="0" scY="1"/>
    </frame>
   </timeline>
   <timeline name="Layer 1" scale="1" pX="0" pY="0" offset="0">
    <frame z="0" duration="1">
     <transform x="0" pX="0" pY="0" skX="0" skY="0" scX="1" y="0" scY="1"/>
    </frame>
    <frame displayIndex="1" z="0" duration="1">
     <transform x="-0.40000000000000213" pX="0" pY="0" skX="0" skY="0" scX="1" y="-0.7999999999999989" scY="1"/>
    </frame>
    <frame displayIndex="2" z="0" duration="1">
     <transform x="0" pX="0" pY="0" skX="0" skY="0" scX="1" y="0" scY="1"/>
    </frame>
    <frame displayIndex="3" z="0" duration="1">
     <transform x="0" pX="0" pY="0" skX="0" skY="0" scX="1" y="0" scY="1"/>
    </frame>
   </timeline>
  </animation>
 </armature>
</root>