<TextureAtlas name="pre_battle_mc" imagePath="texture.png">
 <SubTexture name="Symbol 2093" x="180" y="0" width="69" height="78"/>
 <SubTexture name="Symbol 1691" x="0" y="0" width="179" height="86"/>
 <SubTexture name="位图 24" x="0" y="142" width="139" height="54"/>
 <SubTexture name="位图 1" x="0" y="88" width="152" height="52"/>
 <SubTexture name="Symbol 1694" x="154" y="88" width="22" height="22"/>
 <SubTexture name="__dbTextures/pre_battle_mc/Layer 1_0" x="234" y="79" width="15" height="19"/>
 <SubTexture name="Symbol 1695" x="180" y="79" width="53" height="40"/>
 <SubTexture name="位图 25" x="87" y="198" width="40" height="40"/>
 <SubTexture name="位图 26" x="0" y="198" width="43" height="43"/>
 <SubTexture name="位图 27" x="185" y="214" width="40" height="40"/>
 <SubTexture name="位图 28" x="45" y="198" width="40" height="40"/>
 <SubTexture name="位图 29" x="141" y="169" width="42" height="45"/>
 <SubTexture name="位图 30" x="154" y="120" width="44" height="47"/>
 <SubTexture name="位图 31" x="200" y="120" width="42" height="45"/>
 <SubTexture name="位图 32" x="200" y="167" width="42" height="45"/>
</TextureAtlas>