<root name="Menu" isGlobal="0" frameRate="30" version="3.0">
 <armature name="Menu">
  <skin name="default">
   <slot name="bg" z="0" parent="bg">
    <display name="bg" type="image">
     <transform scX="1" x="-428.25" scY="1" y="-261.55" pX="187.2" pY="49.95" skX="0" skY="0"/>
    </display>
   </slot>
   <slot name="clear_cl" z="1" parent="clear_cl">
    <display name="Symbol 2685" type="armature">
     <transform scX="1" x="0" skX="0" scY="1" y="0" skY="0"/>
    </display>
   </slot>
   <slot name="Layer 18" z="2" parent="Layer 18">
    <display name="Symbol 1940" type="image">
     <transform scX="1" x="0" scY="1" y="0" pX="251" pY="53.85" skX="0" skY="0"/>
    </display>
   </slot>
   <slot name="play_cl" z="3" parent="play_cl">
    <display name="play_cl" type="armature">
     <transform scX="1" x="0" skX="0" scY="1" y="0" skY="0"/>
    </display>
   </slot>
   <slot name="sounds_control_cl" z="4" parent="sounds_control_cl">
    <display name="Buttons_sounds2" type="image">
     <transform scX="1" x="0" scY="1" y="0" pX="19.45" pY="19.45" skX="0" skY="0"/>
    </display>
   </slot>
   <slot name="deqaf_bt" z="5" parent="deqaf_bt">
    <display name="Symbol 1903" type="armature">
     <transform scX="1" x="0" skX="0" scY="1" y="0" skY="0"/>
    </display>
   </slot>
   <slot name="cat1" z="6" parent="cat1">
    <display name="cat_mc" type="image">
     <transform scX="1" x="0" scY="1" y="0" pX="19.45" pY="19.45" skX="0" skY="0"/>
    </display>
   </slot>
   <slot name="cat2" z="7" parent="cat2">
    <display name="cat_mc" type="image">
     <transform scX="1" x="0" scY="1" y="0" pX="19.45" pY="19.45" skX="0" skY="0"/>
    </display>
   </slot>
   <slot name="cup_5" z="8" parent="cup_5">
    <display name="Symbol 187" type="image">
     <transform scX="1" x="0" scY="1" y="0" pX="17.2" pY="31.2" skX="0" skY="0"/>
    </display>
   </slot>
   <slot name="cup_4" z="9" parent="cup_4">
    <display name="Symbol 185" type="image">
     <transform scX="1" x="0" scY="1" y="0" pX="20.3" pY="27.5" skX="0" skY="0"/>
    </display>
   </slot>
   <slot name="cup_3" z="10" parent="cup_3">
    <display name="Symbol 183" type="image">
     <transform scX="1" x="0" scY="1" y="0" pX="19.75" pY="24.8" skX="0" skY="0"/>
    </display>
   </slot>
   <slot name="cup_2" z="11" parent="cup_2">
    <display name="Symbol 181" type="image">
     <transform scX="1" x="0" scY="1" y="0" pX="25.45" pY="25.7" skX="0" skY="0"/>
    </display>
   </slot>
   <slot name="cup_1" z="12" parent="cup_1">
    <display name="Symbol 189" type="image">
     <transform scX="1" x="0" scY="1" y="0" pX="22.45" pY="28.15" skX="0" skY="0"/>
    </display>
   </slot>
   <slot name="Layer 7" z="13" parent="Layer 7">
    <display name="Symbol 2687" type="image">
     <transform scX="1" x="0" scY="1" y="0" pX="60.8" pY="6.05" skX="0" skY="0"/>
    </display>
   </slot>
   <slot name="face_bt" z="14" parent="face_bt">
    <display name="Symbol 2692" type="armature">
     <transform scX="1" x="0" skX="0" scY="1" y="0" skY="0"/>
    </display>
   </slot>
   <slot name="go_sfk1" z="15" parent="go_sfk1">
    <display name="Symbol 2696" type="armature">
     <transform scX="1" x="0" skX="0" scY="1" y="0" skY="0"/>
    </display>
   </slot>
   <slot name="go_sfk2" z="16" parent="go_sfk2">
    <display name="Symbol 2700" type="armature">
     <transform scX="1" x="0" skX="0" scY="1" y="0" skY="0"/>
    </display>
   </slot>
   <slot name="go_sfk3" z="17" parent="go_sfk3">
    <display name="Symbol 2703" type="armature">
     <transform scX="1" x="0" skX="0" scY="1" y="0" skY="0"/>
    </display>
   </slot>
   <slot name="zone_panel" z="18" parent="zone_panel">
    <display name="Symbol 206" type="image">
     <transform scX="1" x="0" scY="1" y="0" pX="59.4" pY="55" skX="0" skY="0"/>
    </display>
   </slot>
  </skin>
  <bone name="cup_4">
   <transform scX="1" x="617.6" skX="0" scY="1" y="264.25" skY="0"/>
  </bone>
  <bone name="clear_cl">
   <transform scX="1" x="-7.25" skX="0" scY="1" y="401.1" skY="0"/>
  </bone>
  <bone name="Layer 18">
   <transform scX="1" x="331.65" skX="0" scY="1" y="81.4" skY="0"/>
  </bone>
  <bone name="play_cl">
   <transform scX="1" x="325" skX="0" scY="1" y="368.8" skY="0"/>
  </bone>
  <bone name="sounds_control_cl">
   <transform scX="1" x="592.4" skX="0" scY="1" y="2" skY="0"/>
  </bone>
  <bone name="deqaf_bt">
   <transform scX="0.92" x="4.95" skX="0" scY="0.92" y="4.6" skY="0"/>
  </bone>
  <bone name="cat1">
   <transform scX="0.67" x="205" skX="0" scY="0.67" y="290.9" skY="0"/>
  </bone>
  <bone name="cat2">
   <transform scX="0.67" x="435" skX="0" scY="0.67" y="290.2" skY="0"/>
  </bone>
  <bone name="cup_5">
   <transform scX="1" x="617.5" skX="0" scY="1" y="334.45" skY="0"/>
  </bone>
  <bone name="bg">
   <transform scX="1" x="428.25" skX="0" scY="1" y="261.55" skY="0"/>
  </bone>
  <bone name="cup_3">
   <transform scX="1" x="617.65" skX="0" scY="1" y="197.3" skY="0"/>
  </bone>
  <bone name="cup_2">
   <transform scX="1" x="617.5" skX="0" scY="1" y="133.5" skY="0"/>
  </bone>
  <bone name="cup_1">
   <transform scX="1" x="618.3" skX="0" scY="1" y="67.2" skY="0"/>
  </bone>
  <bone name="Layer 7">
   <transform scX="1" x="451.5" skX="0" scY="1" y="388.2" skY="0"/>
  </bone>
  <bone name="face_bt">
   <transform scX="1" x="195.25" skX="0" scY="1" y="392.9" skY="0"/>
  </bone>
  <bone name="go_sfk1">
   <transform scX="1" x="35.5" skX="0" scY="1" y="79.95" skY="0"/>
  </bone>
  <bone name="go_sfk2">
   <transform scX="1" x="38.1" skX="0" scY="1" y="152" skY="0"/>
  </bone>
  <bone name="go_sfk3">
   <transform scX="1" x="38" skX="0" scY="1" y="226.55" skY="0"/>
  </bone>
  <bone name="zone_panel">
   <transform scX="1" x="0" skX="0" scY="1" y="0" skY="0"/>
  </bone>
  <animation fadeInTime="0.3" scale="1" loop="1" autoTween="NaN" name="Menu" duration="1" tweenEasing="NaN">
   <timeline pX="0" name="bg" pY="0" scale="1" offset="0">
    <frame z="0" duration="1">
     <transform scX="1" x="0" scY="1" y="0" pX="0" pY="0" skX="0" skY="0"/>
    </frame>
   </timeline>
   <timeline pX="0" name="clear_cl" pY="0" scale="1" offset="0">
    <frame z="0" duration="1">
     <transform scX="1" x="0" scY="1" y="0" pX="0" pY="0" skX="0" skY="0"/>
    </frame>
   </timeline>
   <timeline pX="0" name="Layer 18" pY="0" scale="1" offset="0">
    <frame z="0" duration="1">
     <transform scX="1" x="0" scY="1" y="0" pX="0" pY="0" skX="0" skY="0"/>
    </frame>
   </timeline>
   <timeline pX="0" name="play_cl" pY="0" scale="1" offset="0">
    <frame z="0" duration="1">
     <transform scX="1" x="0" scY="1" y="0" pX="0" pY="0" skX="0" skY="0"/>
    </frame>
   </timeline>
   <timeline pX="0" name="sounds_control_cl" pY="0" scale="1" offset="0">
    <frame z="0" duration="1">
     <transform scX="1" x="0" scY="1" y="0" pX="0" pY="0" skX="0" skY="0"/>
    </frame>
   </timeline>
   <timeline pX="0" name="deqaf_bt" pY="0" scale="1" offset="0">
    <frame z="0" duration="1">
     <transform scX="1" x="0" scY="1" y="0" pX="0" pY="0" skX="0" skY="0"/>
    </frame>
   </timeline>
   <timeline pX="0" name="cat1" pY="0" scale="1" offset="0">
    <frame z="0" duration="1">
     <transform scX="1" x="0" scY="1" y="0" pX="0" pY="0" skX="0" skY="0"/>
    </frame>
   </timeline>
   <timeline pX="0" name="cat2" pY="0" scale="1" offset="0">
    <frame z="0" duration="1">
     <transform scX="1" x="0" scY="1" y="0" pX="0" pY="0" skX="0" skY="0"/>
    </frame>
   </timeline>
   <timeline pX="0" name="cup_5" pY="0" scale="1" offset="0">
    <frame z="0" duration="1">
     <transform scX="1" x="0" scY="1" y="0" pX="0" pY="0" skX="0" skY="0"/>
    </frame>
   </timeline>
   <timeline pX="0" name="cup_4" pY="0" scale="1" offset="0">
    <frame z="0" duration="1">
     <transform scX="1" x="0" scY="1" y="0" pX="0" pY="0" skX="0" skY="0"/>
    </frame>
   </timeline>
   <timeline pX="0" name="cup_3" pY="0" scale="1" offset="0">
    <frame z="0" duration="1">
     <transform scX="1" x="0" scY="1" y="0" pX="0" pY="0" skX="0" skY="0"/>
    </frame>
   </timeline>
   <timeline pX="0" name="cup_2" pY="0" scale="1" offset="0">
    <frame z="0" duration="1">
     <transform scX="1" x="0" scY="1" y="0" pX="0" pY="0" skX="0" skY="0"/>
    </frame>
   </timeline>
   <timeline pX="0" name="cup_1" pY="0" scale="1" offset="0">
    <frame z="0" duration="1">
     <transform scX="1" x="0" scY="1" y="0" pX="0" pY="0" skX="0" skY="0"/>
    </frame>
   </timeline>
   <timeline pX="0" name="Layer 7" pY="0" scale="1" offset="0">
    <frame z="0" duration="1">
     <transform scX="1" x="0" scY="1" y="0" pX="0" pY="0" skX="0" skY="0"/>
    </frame>
   </timeline>
   <timeline pX="0" name="face_bt" pY="0" scale="1" offset="0">
    <frame z="0" duration="1">
     <transform scX="1" x="0" scY="1" y="0" pX="0" pY="0" skX="0" skY="0"/>
    </frame>
   </timeline>
   <timeline pX="0" name="go_sfk1" pY="0" scale="1" offset="0">
    <frame z="0" duration="1">
     <transform scX="1" x="0" scY="1" y="0" pX="0" pY="0" skX="0" skY="0"/>
    </frame>
   </timeline>
   <timeline pX="0" name="go_sfk2" pY="0" scale="1" offset="0">
    <frame z="0" duration="1">
     <transform scX="1" x="0" scY="1" y="0" pX="0" pY="0" skX="0" skY="0"/>
    </frame>
   </timeline>
   <timeline pX="0" name="go_sfk3" pY="0" scale="1" offset="0">
    <frame z="0" duration="1">
     <transform scX="1" x="0" scY="1" y="0" pX="0" pY="0" skX="0" skY="0"/>
    </frame>
   </timeline>
   <timeline pX="0" name="zone_panel" pY="0" scale="1" offset="0">
    <frame z="0" duration="1">
     <transform scX="1" x="0" scY="1" y="0" pX="0" pY="0" skX="0" skY="0"/>
    </frame>
   </timeline>
  </animation>
 </armature>
 <armature name="Symbol 2685">
  <skin name="default">
   <slot name="Layer 2" z="0" parent="Layer 2">
    <display name="Symbol 2682" type="image">
     <transform scX="1" x="0" scY="1" y="0" pX="-11" pY="-9" skX="0" skY="0"/>
    </display>
   </slot>
   <slot name="Layer 1" z="1" parent="Layer 1">
    <display name="Symbol 2684" type="image">
     <transform scX="1" x="0" scY="1" y="0" pX="10.9" pY="13.45" skX="0" skY="0"/>
    </display>
    <display name="__dbTextures/Symbol 2685/Layer 1_3" type="image">
     <transform scX="1" x="-10.9" scY="1" y="-13.05" pX="0" pY="0" skX="0" skY="0"/>
    </display>
   </slot>
  </skin>
  <bone name="Layer 2">
   <transform scX="1" x="0" skX="0" scY="1" y="0" skY="0"/>
  </bone>
  <bone name="Layer 1">
   <transform scX="0.88" x="32.05" skX="0" scY="0.88" y="26.75" skY="0"/>
  </bone>
  <animation fadeInTime="0.3" scale="1" loop="1" autoTween="NaN" name="clear_cl" duration="4" tweenEasing="NaN">
   <timeline pX="0" name="Layer 2" pY="0" scale="1" offset="0">
    <frame z="0" duration="1">
     <transform scX="1" x="0" scY="1" y="0" pX="0" pY="0" skX="0" skY="0"/>
    </frame>
    <frame z="0" duration="1">
     <transform scX="1.07" x="-2.25" scY="1.07" y="-1.8" pX="0" pY="0" skX="0" skY="0"/>
    </frame>
    <frame z="0" duration="1">
     <transform scX="1" x="0" scY="1" y="0" pX="0" pY="0" skX="0" skY="0"/>
    </frame>
    <frame z="0" duration="1">
     <transform scX="1" x="0" scY="1" y="0" pX="0" pY="0" skX="0" skY="0"/>
    </frame>
   </timeline>
   <timeline pX="0" name="Layer 1" pY="0" scale="1" offset="0">
    <frame z="0" duration="1">
     <transform scX="1" x="0" scY="1" y="0" pX="0" pY="0" skX="0" skY="0"/>
    </frame>
    <frame z="0" duration="1">
     <transform scX="1.0681818181818181" x="0" scY="1.0681818181818181" y="0" pX="0" pY="0" skX="0" skY="0"/>
    </frame>
    <frame z="0" duration="1">
     <transform scX="1" x="0" scY="1" y="0" pX="0" pY="0" skX="0" skY="0"/>
    </frame>
    <frame z="0" displayIndex="1" duration="1" tweenEasing="NaN">
     <transform scX="1.1363636363636365" x="-32.05" scY="1.1363636363636365" y="-27.15" pX="0" pY="0" skX="0" skY="0"/>
    </frame>
   </timeline>
  </animation>
 </armature>
 <armature name="play_cl">
  <skin name="default">
   <slot name="Layer 10" z="0" parent="Layer 10">
    <display name="Symbol 169" type="image">
     <transform scX="1" x="0" scY="1" y="0" pX="40.25" pY="39.9" skX="0" skY="0"/>
    </display>
    <display name="Symbol 176" type="image">
     <transform scX="1" x="0" scY="1" y="0" pX="44.45" pY="44.1" skX="0" skY="0"/>
    </display>
    <display name="Symbol 177" type="image">
     <transform scX="1" x="0" scY="1" y="0" pX="39.1" pY="38.75" skX="0" skY="0"/>
    </display>
   </slot>
   <slot name="Layer 9" z="1" parent="Layer 9">
    <display name="Symbol 171" type="image">
     <transform scX="1" x="0" scY="1" y="0" pX="10.75" pY="10.25" skX="0" skY="0"/>
    </display>
    <display name="__dbTextures/play_cl/Layer 9_3" type="image">
     <transform scX="1" x="-10.75" scY="1" y="-10.25" pX="0" pY="0" skX="0" skY="0"/>
    </display>
   </slot>
   <slot name="Layer 8" z="2" parent="Layer 8">
    <display name="__dbTextures/play_cl/Layer 8_3" type="image">
     <transform scX="1" x="-10.75" scY="1" y="-10.25" pX="0" pY="0" skX="0" skY="0"/>
    </display>
   </slot>
   <slot name="Layer 7" z="3" parent="Layer 7">
    <display name="Symbol 171" type="image">
     <transform scX="1" x="0" scY="1" y="0" pX="10.75" pY="10.25" skX="0" skY="0"/>
    </display>
    <display name="__dbTextures/play_cl/Layer 7_3" type="image">
     <transform scX="1" x="-10.75" scY="1" y="-10.25" pX="0" pY="0" skX="0" skY="0"/>
    </display>
   </slot>
   <slot name="Layer 6" z="4" parent="Layer 6">
    <display name="__dbTextures/play_cl/Layer 6_3" type="image">
     <transform scX="1" x="-20.8" scY="1" y="-25.7" pX="0" pY="0" skX="0" skY="0"/>
    </display>
   </slot>
   <slot name="Layer 5" z="5" parent="Layer 5">
    <display name="Symbol 171" type="image">
     <transform scX="1" x="0" scY="1" y="0" pX="10.75" pY="10.25" skX="0" skY="0"/>
    </display>
    <display name="Symbol 174" type="image">
     <transform scX="1" x="0" scY="1" y="0" pX="17.95" pY="17.95" skX="0" skY="0"/>
    </display>
   </slot>
   <slot name="Layer 3" z="6" parent="Layer 3">
    <display name="Symbol 173" type="image">
     <transform scX="1" x="0" scY="1" y="0" pX="1.5" pY="1.45" skX="0" skY="0"/>
    </display>
   </slot>
   <slot name="Layer 1" z="7" parent="Layer 1">
    <display name="Symbol 175" type="image">
     <transform scX="1" x="0" scY="1" y="0" pX="23.3" pY="23.3" skX="0" skY="0"/>
    </display>
   </slot>
  </skin>
  <bone name="Layer 6">
   <transform scX="1" x="19.3" skX="0" scY="1" y="24.25" skY="0"/>
  </bone>
  <bone name="Layer 9">
   <transform scX="0.52" x="15.2" skX="30" scY="0.52" y="-19.8" skY="30"/>
  </bone>
  <bone name="Layer 8">
   <transform scX="1" x="0" skX="0" scY="1" y="0" skY="0"/>
  </bone>
  <bone name="Layer 7">
   <transform scX="0.52" x="14" skX="-75" scY="0.52" y="20.9" skY="-75"/>
  </bone>
  <bone name="Layer 10">
   <transform scX="1" x="0" skX="0" scY="1" y="0" skY="0"/>
  </bone>
  <bone name="Layer 5">
   <transform scX="0.52" x="-14.8" skX="45" scY="0.52" y="1" skY="45"/>
  </bone>
  <bone name="Layer 3">
   <transform scX="0.9" x="-12.9" skX="0" scY="0.9" y="-21.1" skY="0"/>
  </bone>
  <bone name="Layer 1">
   <transform scX="0.49" x="-2.75" skX="0" scY="0.49" y="-10.9" skY="0"/>
  </bone>
  <animation fadeInTime="0.3" scale="1" loop="1" autoTween="NaN" name="play_cl" duration="4" tweenEasing="NaN">
   <timeline pX="0" name="Layer 10" pY="0" scale="1" offset="0">
    <frame z="0" duration="1">
     <transform scX="1" x="0" scY="1" y="0" pX="0" pY="0" skX="0" skY="0"/>
    </frame>
    <frame displayIndex="1" z="0" duration="1">
     <transform scX="1" x="0" scY="1" y="0" pX="0" pY="0" skX="0" skY="0"/>
    </frame>
    <frame displayIndex="2" z="0" duration="1">
     <transform scX="1" x="0" scY="1" y="0" pX="0" pY="0" skX="0" skY="0"/>
    </frame>
    <frame z="0" duration="1">
     <transform scX="1" x="0" scY="1" y="0" pX="0" pY="0" skX="0" skY="0"/>
    </frame>
   </timeline>
   <timeline pX="0" name="Layer 9" pY="0" scale="1" offset="0">
    <frame z="0" duration="1">
     <transform scX="1" x="0" scY="1" y="0" pX="0" pY="0" skX="0" skY="0"/>
     <colorTransform bM="5" gO="121" bO="0" aM="100" rM="5" aO="0" gM="5" rO="219"/>
    </frame>
    <frame z="0" duration="1">
     <transform scX="1.1153846153846152" x="1.6999999999999993" scY="1.1153846153846152" y="-2.1999999999999993" pX="0" pY="0" skX="0" skY="0"/>
     <colorTransform bM="5" gO="121" bO="0" aM="100" rM="5" aO="0" gM="5" rO="219"/>
    </frame>
    <frame z="0" duration="1">
     <transform scX="0.9807692307692307" x="-0.4499999999999993" scY="0.9807692307692307" y="0.6000000000000014" pX="0" pY="0" skX="0" skY="0"/>
     <colorTransform bM="5" gO="121" bO="0" aM="100" rM="5" aO="0" gM="5" rO="219"/>
    </frame>
    <frame z="0" displayIndex="1" duration="1" tweenEasing="NaN">
     <transform scX="1.923076923076923" x="-15.2" scY="1.923076923076923" y="19.8" pX="0" pY="0" skX="-30" skY="-30"/>
    </frame>
   </timeline>
   <timeline pX="0" name="Layer 8" pY="0" scale="1" offset="0">
    <frame displayIndex="-1" duration="3"/>
    <frame z="0" duration="1" tweenEasing="NaN">
     <transform scX="1" x="0" scY="1" y="0" pX="0" pY="0" skX="0" skY="0"/>
    </frame>
   </timeline>
   <timeline pX="0" name="Layer 7" pY="0" scale="1" offset="0">
    <frame z="0" duration="1">
     <transform scX="1" x="0" scY="1" y="0" pX="0" pY="0" skX="0" skY="0"/>
     <colorTransform bM="5" gO="121" bO="0" aM="100" rM="5" aO="0" gM="5" rO="219"/>
    </frame>
    <frame z="0" duration="1">
     <transform scX="1.1153846153846152" x="1.5999999999999996" scY="1.1153846153846152" y="2.3000000000000007" pX="0" pY="0" skX="0" skY="0"/>
     <colorTransform bM="5" gO="121" bO="0" aM="100" rM="5" aO="0" gM="5" rO="219"/>
    </frame>
    <frame z="0" duration="1">
     <transform scX="0.9807692307692307" x="-0.40000000000000036" scY="0.9807692307692307" y="-0.6499999999999986" pX="0" pY="0" skX="0" skY="0"/>
     <colorTransform bM="5" gO="121" bO="0" aM="100" rM="5" aO="0" gM="5" rO="219"/>
    </frame>
    <frame z="0" displayIndex="1" duration="1" tweenEasing="NaN">
     <transform scX="1.923076923076923" x="-14" scY="1.923076923076923" y="-20.9" pX="0" pY="0" skX="75" skY="75"/>
    </frame>
   </timeline>
   <timeline pX="0" name="Layer 6" pY="0" scale="1" offset="0">
    <frame displayIndex="-1" duration="3"/>
    <frame z="0" duration="1" tweenEasing="NaN">
     <transform scX="1" x="0" scY="1" y="0" pX="0" pY="0" skX="0" skY="0"/>
    </frame>
   </timeline>
   <timeline pX="0" name="Layer 5" pY="0" scale="1" offset="0">
    <frame z="0" duration="1">
     <transform scX="1" x="0" scY="1" y="0" pX="0" pY="0" skX="0" skY="0"/>
     <colorTransform bM="5" gO="121" bO="0" aM="100" rM="5" aO="0" gM="5" rO="219"/>
    </frame>
    <frame z="0" duration="1">
     <transform scX="1.1153846153846152" x="-1.5999999999999979" scY="1.1153846153846152" y="0.10000000000000009" pX="0" pY="0" skX="0" skY="0"/>
     <colorTransform bM="5" gO="121" bO="0" aM="100" rM="5" aO="0" gM="5" rO="219"/>
    </frame>
    <frame z="0" duration="1">
     <transform scX="0.9807692307692307" x="0.45000000000000107" scY="0.9807692307692307" y="-0.050000000000000044" pX="0" pY="0" skX="0" skY="0"/>
     <colorTransform bM="5" gO="121" bO="0" aM="100" rM="5" aO="0" gM="5" rO="219"/>
    </frame>
    <frame z="0" displayIndex="1" duration="1">
     <transform scX="1.2307692307692308" x="12.05" scY="1.2307692307692308" y="-11.9" pX="0" pY="0" skX="-45" skY="-45"/>
     <colorTransform bM="100" gO="0" bO="0" aM="65" rM="100" aO="0" gM="100" rO="0"/>
    </frame>
   </timeline>
   <timeline pX="0" name="Layer 3" pY="0" scale="1" offset="0">
    <frame z="0" duration="1">
     <transform scX="1" x="0" scY="1" y="0" pX="0" pY="0" skX="0" skY="0"/>
    </frame>
    <frame z="0" duration="1">
     <transform scX="1.1111111111111112" x="-1.3499999999999996" scY="1.1111111111111112" y="-2.299999999999997" pX="0" pY="0" skX="0" skY="0"/>
    </frame>
    <frame z="0" duration="1">
     <transform scX="0.9666666666666667" x="0.40000000000000036" scY="0.9666666666666667" y="0.6500000000000021" pX="0" pY="0" skX="0" skY="0"/>
    </frame>
    <frame displayIndex="-1" duration="1"/>
   </timeline>
   <timeline pX="0" name="Layer 1" pY="0" scale="1" offset="0">
    <frame z="0" duration="1">
     <transform scX="1" x="0" scY="1" y="0" pX="0" pY="0" skX="0" skY="0"/>
     <colorTransform bM="100" gO="0" bO="0" aM="65" rM="100" aO="0" gM="100" rO="0"/>
    </frame>
    <frame z="0" duration="1">
     <transform scX="1.1224489795918369" x="-0.25" scY="1.1224489795918369" y="-1.1999999999999993" pX="0" pY="0" skX="0" skY="0"/>
     <colorTransform bM="100" gO="0" bO="0" aM="65" rM="100" aO="0" gM="100" rO="0"/>
    </frame>
    <frame z="0" duration="1">
     <transform scX="0.9795918367346939" x="0.10000000000000009" scY="0.9795918367346939" y="0.34999999999999964" pX="0" pY="0" skX="0" skY="0"/>
     <colorTransform bM="100" gO="0" bO="0" aM="65" rM="100" aO="0" gM="100" rO="0"/>
    </frame>
    <frame displayIndex="-1" duration="1"/>
   </timeline>
  </animation>
 </armature>
 <armature name="Symbol 1903">
  <skin name="default">
   <slot name="Layer 1" z="0" parent="Layer 1">
    <display name="Symbol 1898" type="image">
     <transform scX="1" x="0" scY="1" y="0" pX="1" pY="1" skX="0" skY="0"/>
    </display>
    <display name="Symbol 1899" type="image">
     <transform scX="1" x="0" scY="1" y="0" pX="2.35" pY="2.4" skX="0" skY="0"/>
    </display>
    <display name="Symbol 1901" type="image">
     <transform scX="1" x="0" scY="1" y="0" pX="11.45" pY="8.55" skX="0" skY="0"/>
    </display>
   </slot>
  </skin>
  <bone name="Layer 1">
   <transform scX="1" x="0" skX="0" scY="1" y="0" skY="0"/>
  </bone>
  <animation fadeInTime="0.3" scale="1" loop="1" autoTween="NaN" name="deqaf_bt" duration="4" tweenEasing="NaN">
   <timeline pX="0" name="Layer 1" pY="0" scale="1" offset="0">
    <frame z="0" duration="1">
     <transform scX="1" x="0" scY="1" y="0" pX="0" pY="0" skX="0" skY="0"/>
    </frame>
    <frame displayIndex="1" z="0" duration="1">
     <transform scX="1" x="0" scY="1" y="0" pX="0" pY="0" skX="0" skY="0"/>
    </frame>
    <frame z="0" duration="1">
     <transform scX="1" x="0" scY="1" y="0" pX="0" pY="0" skX="0" skY="0"/>
    </frame>
    <frame displayIndex="2" z="0" duration="1">
     <transform scX="1" x="0" scY="1" y="0" pX="0" pY="0" skX="0" skY="0"/>
    </frame>
   </timeline>
  </animation>
 </armature>
 <armature name="Symbol 2692">
  <skin name="default">
   <slot name="Layer 2" z="0" parent="Layer 2">
    <display name="__dbTextures/Symbol 2692/Layer 2_0" type="image">
     <transform scX="1" x="-61.6" scY="1" y="-21.95" pX="0" pY="0" skX="0" skY="0"/>
    </display>
   </slot>
   <slot name="face_bt" z="1" parent="face_bt">
    <display name="Symbol 2691" type="armature">
     <transform scX="1" x="0" skX="0" scY="1" y="0" skY="0"/>
    </display>
   </slot>
  </skin>
  <bone name="Layer 2">
   <transform scX="1" x="0" skX="0" scY="1" y="25.25" skY="0"/>
  </bone>
  <bone name="face_bt">
   <transform scX="0.51" x="-38.5" skX="0" scY="0.51" y="24.5" skY="0"/>
  </bone>
  <animation fadeInTime="0.3" scale="1" loop="1" autoTween="NaN" name="face_bt" duration="1" tweenEasing="NaN">
   <timeline pX="0" name="Layer 2" pY="0" scale="1" offset="0">
    <frame z="0" duration="1" tweenEasing="NaN">
     <transform scX="1" x="0" scY="1" y="0" pX="0" pY="0" skX="0" skY="0"/>
    </frame>
   </timeline>
   <timeline pX="0" name="face_bt" pY="0" scale="1" offset="0">
    <frame z="0" duration="1">
     <transform scX="1" x="0" scY="1" y="0" pX="0" pY="0" skX="0" skY="0"/>
    </frame>
   </timeline>
  </animation>
 </armature>
 <armature name="Symbol 2696">
  <skin name="default">
   <slot name="Layer 2" z="0" parent="Layer 2">
    <display name="__dbTextures/Symbol 2696/Layer 2_0" type="image">
     <transform scX="1" x="-30" scY="1" y="-30" pX="0" pY="0" skX="0" skY="0"/>
    </display>
   </slot>
   <slot name="Layer 1" z="1" parent="Layer 1">
    <display name="Symbol 2695" type="image">
     <transform scX="1" x="0" scY="1" y="0" pX="50.95" pY="42.5" skX="0" skY="0"/>
    </display>
   </slot>
  </skin>
  <bone name="Layer 2">
   <transform scX="1" x="0" skX="0" scY="1" y="0" skY="0"/>
  </bone>
  <bone name="Layer 1">
   <transform scX="0.59" x="0" skX="0" scY="0.71" y="0" skY="0"/>
  </bone>
  <animation fadeInTime="0.3" scale="1" loop="1" autoTween="NaN" name="go_sfk1" duration="1" tweenEasing="NaN">
   <timeline pX="0" name="Layer 2" pY="0" scale="1" offset="0">
    <frame z="0" duration="1" tweenEasing="NaN">
     <transform scX="1" x="0" scY="1" y="0" pX="0" pY="0" skX="0" skY="0"/>
    </frame>
   </timeline>
   <timeline pX="0" name="Layer 1" pY="0" scale="1" offset="0">
    <frame z="0" duration="1">
     <transform scX="1" x="0" scY="1" y="0" pX="0" pY="0" skX="0" skY="0"/>
    </frame>
   </timeline>
  </animation>
 </armature>
 <armature name="Symbol 2700">
  <skin name="default">
   <slot name="bg" z="0" parent="bg">
    <display name="__dbTextures/Symbol 2700/bg_0" type="image">
     <transform scX="1" x="-30" scY="1" y="-30" pX="0" pY="0" skX="0" skY="0"/>
    </display>
   </slot>
   <slot name="mask" z="1" parent="mask">
    <display name="Symbol 2697" type="image">
     <transform scX="1" x="0" scY="1" y="0" pX="30.25" pY="30.25" skX="0" skY="0"/>
    </display>
   </slot>
   <slot name="Layer 1" z="2" parent="Layer 1">
    <display name="Symbol 2695" type="image">
     <transform scX="1" x="0" scY="1" y="0" pX="50.95" pY="42.5" skX="0" skY="0"/>
    </display>
   </slot>
  </skin>
  <bone name="bg">
   <transform scX="1" x="0" skX="0" scY="1" y="0" skY="0"/>
  </bone>
  <bone name="mask">
   <transform scX="1" x="0" skX="0" scY="1" y="0" skY="0"/>
  </bone>
  <bone name="Layer 1">
   <transform scX="0.59" x="0" skX="0" scY="0.71" y="0" skY="0"/>
  </bone>
  <animation fadeInTime="0.3" scale="1" loop="1" autoTween="NaN" name="go_sfk2" duration="1" tweenEasing="NaN">
   <timeline pX="0" name="bg" pY="0" scale="1" offset="0">
    <frame z="0" duration="1" tweenEasing="NaN">
     <transform scX="1" x="0" scY="1" y="0" pX="0" pY="0" skX="0" skY="0"/>
    </frame>
   </timeline>
   <timeline pX="0" name="mask" pY="0" scale="1" offset="0">
    <frame z="0" duration="1">
     <transform scX="1" x="0" scY="1" y="0" pX="0" pY="0" skX="0" skY="0"/>
    </frame>
   </timeline>
   <timeline pX="0" name="Layer 1" pY="0" scale="1" offset="0">
    <frame z="0" duration="1">
     <transform scX="1" x="0" scY="1" y="0" pX="0" pY="0" skX="0" skY="0"/>
    </frame>
   </timeline>
  </animation>
 </armature>
 <armature name="Symbol 2703">
  <skin name="default">
   <slot name="bg" z="0" parent="bg">
    <display name="__dbTextures/Symbol 2703/bg_0" type="image">
     <transform scX="1" x="-30" scY="1" y="-30" pX="0" pY="0" skX="0" skY="0"/>
    </display>
   </slot>
   <slot name="mask" z="1" parent="mask">
    <display name="Symbol 2697" type="image">
     <transform scX="1" x="0" scY="1" y="0" pX="30.25" pY="30.25" skX="0" skY="0"/>
    </display>
   </slot>
   <slot name="Layer 1" z="2" parent="Layer 1">
    <display name="Symbol 2695" type="image">
     <transform scX="1" x="0" scY="1" y="0" pX="50.95" pY="42.5" skX="0" skY="0"/>
    </display>
   </slot>
  </skin>
  <bone name="bg">
   <transform scX="1" x="0" skX="0" scY="1" y="0" skY="0"/>
  </bone>
  <bone name="mask">
   <transform scX="1" x="0" skX="0" scY="1" y="0" skY="0"/>
  </bone>
  <bone name="Layer 1">
   <transform scX="0.59" x="0" skX="0" scY="0.71" y="0" skY="0"/>
  </bone>
  <animation fadeInTime="0.3" scale="1" loop="1" autoTween="NaN" name="go_sfk3" duration="1" tweenEasing="NaN">
   <timeline pX="0" name="bg" pY="0" scale="1" offset="0">
    <frame z="0" duration="1" tweenEasing="NaN">
     <transform scX="1" x="0" scY="1" y="0" pX="0" pY="0" skX="0" skY="0"/>
    </frame>
   </timeline>
   <timeline pX="0" name="mask" pY="0" scale="1" offset="0">
    <frame z="0" duration="1">
     <transform scX="1" x="0" scY="1" y="0" pX="0" pY="0" skX="0" skY="0"/>
    </frame>
   </timeline>
   <timeline pX="0" name="Layer 1" pY="0" scale="1" offset="0">
    <frame z="0" duration="1">
     <transform scX="1" x="0" scY="1" y="0" pX="0" pY="0" skX="0" skY="0"/>
    </frame>
   </timeline>
  </animation>
 </armature>
 <armature name="Symbol 2691">
  <skin name="default">
   <slot name="Layer 4" z="0" parent="Layer 4">
    <display name="Symbol 1879" type="image">
     <transform scX="1" x="0" scY="1" y="0" pX="31.5" pY="31.5" skX="0" skY="0"/>
    </display>
    <display name="Symbol 1881" type="image">
     <transform scX="1" x="0" scY="1" y="0" pX="34.7" pY="32.6" skX="0" skY="0"/>
    </display>
    <display name="Symbol 1882" type="image">
     <transform scX="1" x="0" scY="1" y="0" pX="30.35" pY="31.05" skX="0" skY="0"/>
    </display>
   </slot>
   <slot name="Layer 3" z="1" parent="Layer 3">
    <display name="Symbol 1880" type="image">
     <transform scX="1" x="0" scY="1" y="0" pX="17.95" pY="17.95" skX="0" skY="0"/>
    </display>
    <display name="Symbol 2690" type="image">
     <transform scX="1" x="0" scY="1" y="0" pX="42.35" pY="40.05" skX="0" skY="0"/>
    </display>
   </slot>
   <slot name="Layer 2" z="2" parent="Layer 2">
    <display name="Symbol 174" type="image">
     <transform scX="1" x="0" scY="1" y="0" pX="17.95" pY="17.95" skX="0" skY="0"/>
    </display>
   </slot>
   <slot name="Layer 1" z="3" parent="Layer 1">
    <display name="位图 1" type="image">
     <transform scX="1" x="-76" scY="1" y="-29.5" pX="0" pY="0" skX="0" skY="0"/>
    </display>
    <display name="text" type="text">
     <transform scX="1" x="-2" skX="0" scY="1" y="-2" skY="0"/>
     <text alignH="left" size="15" textType="static" text="点赞!" alignV="top" lineType="single line" width="54" bold="0" face="FrLt DFGirl Regular" height="21" italic="0">
      <color g="238" r="255" b="150" a="255"/>
     </text>
    </display>
   </slot>
  </skin>
  <bone name="Layer 2">
   <transform scX="0.46" x="8.95" skX="0" scY="0.46" y="-17.2" skY="0"/>
  </bone>
  <bone name="Layer 3">
   <transform scX="0.43" x="8.95" skX="0" scY="0.43" y="-17.2" skY="0"/>
  </bone>
  <bone name="Layer 4">
   <transform scX="1" x="0" skX="0" scY="1" y="0" skY="0"/>
  </bone>
  <bone name="Layer 1">
   <transform scX="1" x="110.9" skX="0" scY="1" y="-1.5" skY="0"/>
  </bone>
  <animation fadeInTime="0.3" scale="1" loop="1" autoTween="NaN" name="face_bt" duration="4" tweenEasing="NaN">
   <timeline pX="0" name="Layer 4" pY="0" scale="1" offset="0">
    <frame z="0" duration="1">
     <transform scX="1" x="0" scY="1" y="0" pX="0" pY="0" skX="0" skY="0"/>
    </frame>
    <frame displayIndex="1" z="0" duration="1">
     <transform scX="1" x="0" scY="1" y="0" pX="0" pY="0" skX="0" skY="0"/>
    </frame>
    <frame displayIndex="2" z="0" duration="1">
     <transform scX="1" x="0" scY="1" y="0" pX="0" pY="0" skX="0" skY="0"/>
    </frame>
    <frame displayIndex="-1" duration="1"/>
   </timeline>
   <timeline pX="0" name="Layer 3" pY="0" scale="1" offset="0">
    <frame z="0" duration="1">
     <transform scX="1" x="0" scY="1" y="0" pX="0" pY="0" skX="0" skY="0"/>
     <colorTransform bM="100" gO="0" bO="0" aM="80" rM="100" aO="0" gM="100" rO="0"/>
    </frame>
    <frame z="0" duration="1">
     <transform scX="1.0697674418604652" x="0" scY="1.0697674418604652" y="0" pX="0" pY="0" skX="0" skY="0"/>
     <colorTransform bM="100" gO="0" bO="0" aM="80" rM="100" aO="0" gM="100" rO="0"/>
    </frame>
    <frame z="0" duration="1">
     <transform scX="0.9767441860465116" x="0" scY="0.9767441860465116" y="0" pX="0" pY="0" skX="0" skY="0"/>
     <colorTransform bM="100" gO="0" bO="0" aM="80" rM="100" aO="0" gM="100" rO="0"/>
    </frame>
    <frame displayIndex="1" z="0" duration="1">
     <transform scX="2.3255813953488373" x="-8.95" scY="2.3255813953488373" y="17.2" pX="0" pY="0" skX="0" skY="0"/>
    </frame>
   </timeline>
   <timeline pX="0" name="Layer 2" pY="0" scale="1" offset="0">
    <frame displayIndex="-1" duration="3"/>
    <frame z="0" duration="1">
     <transform scX="1" x="0" scY="1" y="0" pX="0" pY="0" skX="0" skY="0"/>
     <colorTransform bM="100" gO="0" bO="0" aM="80" rM="100" aO="0" gM="100" rO="0"/>
    </frame>
   </timeline>
   <timeline pX="0" name="Layer 1" pY="0" scale="1" offset="0">
    <frame z="0" duration="1">
     <transform scX="1" x="0" scY="1" y="0" pX="0" pY="0" skX="0" skY="0"/>
    </frame>
    <frame displayIndex="1" z="0" duration="1">
     <transform scX="2.65" x="-2.3500000000000085" scY="2.36" y="-2" pX="0" pY="0" skX="0" skY="0"/>
    </frame>
    <frame displayIndex="1" z="0" duration="1">
     <transform scX="2.65" x="-2.3500000000000085" scY="2.36" y="-2" pX="0" pY="0" skX="0" skY="0"/>
    </frame>
    <frame displayIndex="1" z="0" duration="1">
     <transform scX="2.65" x="-2.3500000000000085" scY="2.36" y="-2" pX="0" pY="0" skX="0" skY="0"/>
    </frame>
   </timeline>
  </animation>
 </armature>
</root>