<root name="Menu" isGlobal="0" frameRate="30" version="3.0">
 <armature name="Menu">
  <skin name="default">
   <slot name="bg" z="0" parent="bg">
    <display name="bg" type="image">
     <transform x="-428.25" pX="187.2" pY="49.95" skX="0" skY="0" scX="1" y="-261.55" scY="1"/>
    </display>
   </slot>
   <slot name="Layer 18" z="1" parent="Layer 18">
    <display name="Symbol 1940" type="image">
     <transform x="0" pX="251" pY="53.85" skX="0" skY="0" scX="1" y="0" scY="1"/>
    </display>
   </slot>
   <slot name="play_cl" z="2" parent="play_cl">
    <display name="play_cl" type="armature">
     <transform scY="1" skY="0" x="0" scX="1" skX="0" y="0"/>
    </display>
   </slot>
   <slot name="sounds_control_cl" z="3" parent="sounds_control_cl">
    <display name="Buttons_sounds2" type="image">
     <transform x="0" pX="19.45" pY="19.45" skX="0" skY="0" scX="1" y="0" scY="1"/>
    </display>
   </slot>
   <slot name="deqaf_bt" z="4" parent="deqaf_bt">
    <display name="Symbol 1903" type="image">
     <transform x="0" pX="1" pY="1" skX="0" skY="0" scX="1" y="0" scY="1"/>
    </display>
   </slot>
   <slot name="cat1" z="5" parent="cat1">
    <display name="cat_mc" type="image">
     <transform x="0" pX="19.45" pY="19.45" skX="0" skY="0" scX="1" y="0" scY="1"/>
    </display>
   </slot>
   <slot name="cat2" z="6" parent="cat2">
    <display name="cat_mc" type="image">
     <transform x="0" pX="19.45" pY="19.45" skX="0" skY="0" scX="1" y="0" scY="1"/>
    </display>
   </slot>
   <slot name="cup_5" z="7" parent="cup_5">
    <display name="Symbol 187" type="image">
     <transform x="0" pX="17.2" pY="31.2" skX="0" skY="0" scX="1" y="0" scY="1"/>
    </display>
   </slot>
   <slot name="cup_4" z="8" parent="cup_4">
    <display name="Symbol 185" type="image">
     <transform x="0" pX="20.3" pY="27.5" skX="0" skY="0" scX="1" y="0" scY="1"/>
    </display>
   </slot>
   <slot name="cup_3" z="9" parent="cup_3">
    <display name="Symbol 183" type="image">
     <transform x="0" pX="19.75" pY="24.8" skX="0" skY="0" scX="1" y="0" scY="1"/>
    </display>
   </slot>
   <slot name="cup_2" z="10" parent="cup_2">
    <display name="Symbol 181" type="image">
     <transform x="0" pX="25.45" pY="25.7" skX="0" skY="0" scX="1" y="0" scY="1"/>
    </display>
   </slot>
   <slot name="cup_1" z="11" parent="cup_1">
    <display name="Symbol 189" type="image">
     <transform x="0" pX="22.45" pY="28.15" skX="0" skY="0" scX="1" y="0" scY="1"/>
    </display>
   </slot>
   <slot name="Layer 7" z="12" parent="Layer 7">
    <display name="Symbol 2687" type="image">
     <transform x="0" pX="60.8" pY="6.05" skX="0" skY="0" scX="1" y="0" scY="1"/>
    </display>
   </slot>
   <slot name="face_bt" z="13" parent="face_bt">
    <display name="Symbol 2692" type="armature">
     <transform scY="1" skY="0" x="0" scX="1" skX="0" y="0"/>
    </display>
   </slot>
   <slot name="go_sfk1" z="14" parent="go_sfk1">
    <display name="Symbol 2696" type="armature">
     <transform scY="1" skY="0" x="0" scX="1" skX="0" y="0"/>
    </display>
   </slot>
   <slot name="go_sfk2" z="15" parent="go_sfk2">
    <display name="Symbol 2700" type="armature">
     <transform scY="1" skY="0" x="0" scX="1" skX="0" y="0"/>
    </display>
   </slot>
   <slot name="go_sfk3" z="16" parent="go_sfk3">
    <display name="Symbol 2703" type="armature">
     <transform scY="1" skY="0" x="0" scX="1" skX="0" y="0"/>
    </display>
   </slot>
   <slot name="zone_panel" z="17" parent="zone_panel">
    <display name="Symbol 206" type="image">
     <transform x="0" pX="59.4" pY="55" skX="0" skY="0" scX="1" y="0" scY="1"/>
    </display>
   </slot>
  </skin>
  <bone name="cup_3">
   <transform y="197.3" skY="0" x="617.65" scX="1" skX="0" scY="1"/>
  </bone>
  <bone name="Layer 18">
   <transform y="81.4" skY="0" x="331.65" scX="1" skX="0" scY="1"/>
  </bone>
  <bone name="play_cl">
   <transform y="368.8" skY="0" x="325" scX="1" skX="0" scY="1"/>
  </bone>
  <bone name="sounds_control_cl">
   <transform y="2" skY="0" x="592.4" scX="1" skX="0" scY="1"/>
  </bone>
  <bone name="deqaf_bt">
   <transform y="4.6" skY="0" x="4.95" scX="0.92" skX="0" scY="0.92"/>
  </bone>
  <bone name="cat1">
   <transform y="290.9" skY="0" x="205" scX="0.67" skX="0" scY="0.67"/>
  </bone>
  <bone name="cat2">
   <transform y="290.2" skY="0" x="435" scX="0.67" skX="0" scY="0.67"/>
  </bone>
  <bone name="cup_5">
   <transform y="334.45" skY="0" x="617.5" scX="1" skX="0" scY="1"/>
  </bone>
  <bone name="cup_4">
   <transform y="264.25" skY="0" x="617.6" scX="1" skX="0" scY="1"/>
  </bone>
  <bone name="bg">
   <transform y="261.55" skY="0" x="428.25" scX="1" skX="0" scY="1"/>
  </bone>
  <bone name="cup_2">
   <transform y="133.5" skY="0" x="617.5" scX="1" skX="0" scY="1"/>
  </bone>
  <bone name="cup_1">
   <transform y="67.2" skY="0" x="618.3" scX="1" skX="0" scY="1"/>
  </bone>
  <bone name="Layer 7">
   <transform y="388.2" skY="0" x="451.5" scX="1" skX="0" scY="1"/>
  </bone>
  <bone name="face_bt">
   <transform y="392.9" skY="0" x="195.25" scX="1" skX="0" scY="1"/>
  </bone>
  <bone name="go_sfk1">
   <transform y="79.95" skY="0" x="35.5" scX="1" skX="0" scY="1"/>
  </bone>
  <bone name="go_sfk2">
   <transform y="152" skY="0" x="38.1" scX="1" skX="0" scY="1"/>
  </bone>
  <bone name="go_sfk3">
   <transform y="226.55" skY="0" x="38" scX="1" skX="0" scY="1"/>
  </bone>
  <bone name="zone_panel">
   <transform y="0" skY="0" x="0" scX="1" skX="0" scY="1"/>
  </bone>
  <animation name="Menu" scale="1" loop="1" duration="1" autoTween="NaN" fadeInTime="0.3" tweenEasing="NaN">
   <timeline name="bg" scale="1" pX="0" pY="0" offset="0">
    <frame z="0" duration="1">
     <transform x="0" pX="0" pY="0" skX="0" skY="0" scX="1" y="0" scY="1"/>
    </frame>
   </timeline>
   <timeline name="Layer 18" scale="1" pX="0" pY="0" offset="0">
    <frame z="0" duration="1">
     <transform x="0" pX="0" pY="0" skX="0" skY="0" scX="1" y="0" scY="1"/>
    </frame>
   </timeline>
   <timeline name="play_cl" scale="1" pX="0" pY="0" offset="0">
    <frame z="0" duration="1">
     <transform x="0" pX="0" pY="0" skX="0" skY="0" scX="1" y="0" scY="1"/>
    </frame>
   </timeline>
   <timeline name="sounds_control_cl" scale="1" pX="0" pY="0" offset="0">
    <frame z="0" duration="1">
     <transform x="0" pX="0" pY="0" skX="0" skY="0" scX="1" y="0" scY="1"/>
    </frame>
   </timeline>
   <timeline name="deqaf_bt" scale="1" pX="0" pY="0" offset="0">
    <frame z="0" duration="1">
     <transform x="0" pX="0" pY="0" skX="0" skY="0" scX="1" y="0" scY="1"/>
    </frame>
   </timeline>
   <timeline name="cat1" scale="1" pX="0" pY="0" offset="0">
    <frame z="0" duration="1">
     <transform x="0" pX="0" pY="0" skX="0" skY="0" scX="1" y="0" scY="1"/>
    </frame>
   </timeline>
   <timeline name="cat2" scale="1" pX="0" pY="0" offset="0">
    <frame z="0" duration="1">
     <transform x="0" pX="0" pY="0" skX="0" skY="0" scX="1" y="0" scY="1"/>
    </frame>
   </timeline>
   <timeline name="cup_5" scale="1" pX="0" pY="0" offset="0">
    <frame z="0" duration="1">
     <transform x="0" pX="0" pY="0" skX="0" skY="0" scX="1" y="0" scY="1"/>
    </frame>
   </timeline>
   <timeline name="cup_4" scale="1" pX="0" pY="0" offset="0">
    <frame z="0" duration="1">
     <transform x="0" pX="0" pY="0" skX="0" skY="0" scX="1" y="0" scY="1"/>
    </frame>
   </timeline>
   <timeline name="cup_3" scale="1" pX="0" pY="0" offset="0">
    <frame z="0" duration="1">
     <transform x="0" pX="0" pY="0" skX="0" skY="0" scX="1" y="0" scY="1"/>
    </frame>
   </timeline>
   <timeline name="cup_2" scale="1" pX="0" pY="0" offset="0">
    <frame z="0" duration="1">
     <transform x="0" pX="0" pY="0" skX="0" skY="0" scX="1" y="0" scY="1"/>
    </frame>
   </timeline>
   <timeline name="cup_1" scale="1" pX="0" pY="0" offset="0">
    <frame z="0" duration="1">
     <transform x="0" pX="0" pY="0" skX="0" skY="0" scX="1" y="0" scY="1"/>
    </frame>
   </timeline>
   <timeline name="Layer 7" scale="1" pX="0" pY="0" offset="0">
    <frame z="0" duration="1">
     <transform x="0" pX="0" pY="0" skX="0" skY="0" scX="1" y="0" scY="1"/>
    </frame>
   </timeline>
   <timeline name="face_bt" scale="1" pX="0" pY="0" offset="0">
    <frame z="0" duration="1">
     <transform x="0" pX="0" pY="0" skX="0" skY="0" scX="1" y="0" scY="1"/>
    </frame>
   </timeline>
   <timeline name="go_sfk1" scale="1" pX="0" pY="0" offset="0">
    <frame z="0" duration="1">
     <transform x="0" pX="0" pY="0" skX="0" skY="0" scX="1" y="0" scY="1"/>
    </frame>
   </timeline>
   <timeline name="go_sfk2" scale="1" pX="0" pY="0" offset="0">
    <frame z="0" duration="1">
     <transform x="0" pX="0" pY="0" skX="0" skY="0" scX="1" y="0" scY="1"/>
    </frame>
   </timeline>
   <timeline name="go_sfk3" scale="1" pX="0" pY="0" offset="0">
    <frame z="0" duration="1">
     <transform x="0" pX="0" pY="0" skX="0" skY="0" scX="1" y="0" scY="1"/>
    </frame>
   </timeline>
   <timeline name="zone_panel" scale="1" pX="0" pY="0" offset="0">
    <frame z="0" duration="1">
     <transform x="0" pX="0" pY="0" skX="0" skY="0" scX="1" y="0" scY="1"/>
    </frame>
   </timeline>
  </animation>
 </armature>
 <armature name="play_cl">
  <skin name="default">
   <slot name="Layer 10" z="0" parent="Layer 10">
    <display name="Symbol 169" type="image">
     <transform x="0" pX="40.25" pY="39.9" skX="0" skY="0" scX="1" y="0" scY="1"/>
    </display>
    <display name="Symbol 176" type="image">
     <transform x="0" pX="44.45" pY="44.1" skX="0" skY="0" scX="1" y="0" scY="1"/>
    </display>
    <display name="Symbol 177" type="image">
     <transform x="0" pX="39.1" pY="38.75" skX="0" skY="0" scX="1" y="0" scY="1"/>
    </display>
   </slot>
   <slot name="Layer 9" z="1" parent="Layer 9">
    <display name="Symbol 171" type="image">
     <transform x="0" pX="10.75" pY="10.25" skX="0" skY="0" scX="1" y="0" scY="1"/>
    </display>
    <display name="__dbTextures/play_cl/Layer 9_3" type="image">
     <transform x="-10.75" pX="0" pY="0" skX="0" skY="0" scX="1" y="-10.25" scY="1"/>
    </display>
   </slot>
   <slot name="Layer 8" z="2" parent="Layer 8">
    <display name="__dbTextures/play_cl/Layer 8_3" type="image">
     <transform x="-10.75" pX="0" pY="0" skX="0" skY="0" scX="1" y="-10.25" scY="1"/>
    </display>
   </slot>
   <slot name="Layer 7" z="3" parent="Layer 7">
    <display name="Symbol 171" type="image">
     <transform x="0" pX="10.75" pY="10.25" skX="0" skY="0" scX="1" y="0" scY="1"/>
    </display>
    <display name="__dbTextures/play_cl/Layer 7_3" type="image">
     <transform x="-10.75" pX="0" pY="0" skX="0" skY="0" scX="1" y="-10.25" scY="1"/>
    </display>
   </slot>
   <slot name="Layer 6" z="4" parent="Layer 6">
    <display name="__dbTextures/play_cl/Layer 6_3" type="image">
     <transform x="-20.8" pX="0" pY="0" skX="0" skY="0" scX="1" y="-25.7" scY="1"/>
    </display>
   </slot>
   <slot name="Layer 5" z="5" parent="Layer 5">
    <display name="Symbol 171" type="image">
     <transform x="0" pX="10.75" pY="10.25" skX="0" skY="0" scX="1" y="0" scY="1"/>
    </display>
    <display name="Symbol 174" type="image">
     <transform x="0" pX="17.95" pY="17.95" skX="0" skY="0" scX="1" y="0" scY="1"/>
    </display>
   </slot>
   <slot name="Layer 3" z="6" parent="Layer 3">
    <display name="Symbol 173" type="image">
     <transform x="0" pX="1.5" pY="1.45" skX="0" skY="0" scX="1" y="0" scY="1"/>
    </display>
   </slot>
   <slot name="Layer 1" z="7" parent="Layer 1">
    <display name="Symbol 175" type="image">
     <transform x="0" pX="23.3" pY="23.3" skX="0" skY="0" scX="1" y="0" scY="1"/>
    </display>
   </slot>
  </skin>
  <bone name="Layer 6">
   <transform y="24.25" skY="0" x="19.3" scX="1" skX="0" scY="1"/>
  </bone>
  <bone name="Layer 9">
   <transform y="-19.8" skY="30" x="15.2" scX="0.52" skX="30" scY="0.52"/>
  </bone>
  <bone name="Layer 8">
   <transform y="0" skY="0" x="0" scX="1" skX="0" scY="1"/>
  </bone>
  <bone name="Layer 7">
   <transform y="20.9" skY="-75" x="14" scX="0.52" skX="-75" scY="0.52"/>
  </bone>
  <bone name="Layer 10">
   <transform y="0" skY="0" x="0" scX="1" skX="0" scY="1"/>
  </bone>
  <bone name="Layer 5">
   <transform y="1" skY="45" x="-14.8" scX="0.52" skX="45" scY="0.52"/>
  </bone>
  <bone name="Layer 3">
   <transform y="-21.1" skY="0" x="-12.9" scX="0.9" skX="0" scY="0.9"/>
  </bone>
  <bone name="Layer 1">
   <transform y="-10.9" skY="0" x="-2.75" scX="0.49" skX="0" scY="0.49"/>
  </bone>
  <animation name="play_cl" scale="1" loop="1" duration="4" autoTween="NaN" fadeInTime="0.3" tweenEasing="NaN">
   <timeline name="Layer 10" scale="1" pX="0" pY="0" offset="0">
    <frame z="0" duration="1">
     <transform x="0" pX="0" pY="0" skX="0" skY="0" scX="1" y="0" scY="1"/>
    </frame>
    <frame displayIndex="1" z="0" duration="1">
     <transform x="0" pX="0" pY="0" skX="0" skY="0" scX="1" y="0" scY="1"/>
    </frame>
    <frame displayIndex="2" z="0" duration="1">
     <transform x="0" pX="0" pY="0" skX="0" skY="0" scX="1" y="0" scY="1"/>
    </frame>
    <frame z="0" duration="1">
     <transform x="0" pX="0" pY="0" skX="0" skY="0" scX="1" y="0" scY="1"/>
    </frame>
   </timeline>
   <timeline name="Layer 9" scale="1" pX="0" pY="0" offset="0">
    <frame z="0" duration="1">
     <transform x="0" pX="0" pY="0" skX="0" skY="0" scX="1" y="0" scY="1"/>
     <colorTransform bM="5" gO="121" bO="0" aM="100" rM="5" aO="0" gM="5" rO="219"/>
    </frame>
    <frame z="0" duration="1">
     <transform x="1.6999999999999993" pX="0" pY="0" skX="0" skY="0" scX="1.1153846153846152" y="-2.1999999999999993" scY="1.1153846153846152"/>
     <colorTransform bM="5" gO="121" bO="0" aM="100" rM="5" aO="0" gM="5" rO="219"/>
    </frame>
    <frame z="0" duration="1">
     <transform x="-0.4499999999999993" pX="0" pY="0" skX="0" skY="0" scX="0.9807692307692307" y="0.6000000000000014" scY="0.9807692307692307"/>
     <colorTransform bM="5" gO="121" bO="0" aM="100" rM="5" aO="0" gM="5" rO="219"/>
    </frame>
    <frame z="0" displayIndex="1" duration="1" tweenEasing="NaN">
     <transform x="-15.2" pX="0" pY="0" skX="-30" skY="-30" scX="1.923076923076923" y="19.8" scY="1.923076923076923"/>
    </frame>
   </timeline>
   <timeline name="Layer 8" scale="1" pX="0" pY="0" offset="0">
    <frame displayIndex="-1" duration="3"/>
    <frame z="0" duration="1" tweenEasing="NaN">
     <transform x="0" pX="0" pY="0" skX="0" skY="0" scX="1" y="0" scY="1"/>
    </frame>
   </timeline>
   <timeline name="Layer 7" scale="1" pX="0" pY="0" offset="0">
    <frame z="0" duration="1">
     <transform x="0" pX="0" pY="0" skX="0" skY="0" scX="1" y="0" scY="1"/>
     <colorTransform bM="5" gO="121" bO="0" aM="100" rM="5" aO="0" gM="5" rO="219"/>
    </frame>
    <frame z="0" duration="1">
     <transform x="1.5999999999999996" pX="0" pY="0" skX="0" skY="0" scX="1.1153846153846152" y="2.3000000000000007" scY="1.1153846153846152"/>
     <colorTransform bM="5" gO="121" bO="0" aM="100" rM="5" aO="0" gM="5" rO="219"/>
    </frame>
    <frame z="0" duration="1">
     <transform x="-0.40000000000000036" pX="0" pY="0" skX="0" skY="0" scX="0.9807692307692307" y="-0.6499999999999986" scY="0.9807692307692307"/>
     <colorTransform bM="5" gO="121" bO="0" aM="100" rM="5" aO="0" gM="5" rO="219"/>
    </frame>
    <frame z="0" displayIndex="1" duration="1" tweenEasing="NaN">
     <transform x="-14" pX="0" pY="0" skX="75" skY="75" scX="1.923076923076923" y="-20.9" scY="1.923076923076923"/>
    </frame>
   </timeline>
   <timeline name="Layer 6" scale="1" pX="0" pY="0" offset="0">
    <frame displayIndex="-1" duration="3"/>
    <frame z="0" duration="1" tweenEasing="NaN">
     <transform x="0" pX="0" pY="0" skX="0" skY="0" scX="1" y="0" scY="1"/>
    </frame>
   </timeline>
   <timeline name="Layer 5" scale="1" pX="0" pY="0" offset="0">
    <frame z="0" duration="1">
     <transform x="0" pX="0" pY="0" skX="0" skY="0" scX="1" y="0" scY="1"/>
     <colorTransform bM="5" gO="121" bO="0" aM="100" rM="5" aO="0" gM="5" rO="219"/>
    </frame>
    <frame z="0" duration="1">
     <transform x="-1.5999999999999979" pX="0" pY="0" skX="0" skY="0" scX="1.1153846153846152" y="0.10000000000000009" scY="1.1153846153846152"/>
     <colorTransform bM="5" gO="121" bO="0" aM="100" rM="5" aO="0" gM="5" rO="219"/>
    </frame>
    <frame z="0" duration="1">
     <transform x="0.45000000000000107" pX="0" pY="0" skX="0" skY="0" scX="0.9807692307692307" y="-0.050000000000000044" scY="0.9807692307692307"/>
     <colorTransform bM="5" gO="121" bO="0" aM="100" rM="5" aO="0" gM="5" rO="219"/>
    </frame>
    <frame z="0" displayIndex="1" duration="1">
     <transform x="12.05" pX="0" pY="0" skX="-45" skY="-45" scX="1.2307692307692308" y="-11.9" scY="1.2307692307692308"/>
     <colorTransform bM="100" gO="0" bO="0" aM="65" rM="100" aO="0" gM="100" rO="0"/>
    </frame>
   </timeline>
   <timeline name="Layer 3" scale="1" pX="0" pY="0" offset="0">
    <frame z="0" duration="1">
     <transform x="0" pX="0" pY="0" skX="0" skY="0" scX="1" y="0" scY="1"/>
    </frame>
    <frame z="0" duration="1">
     <transform x="-1.3499999999999996" pX="0" pY="0" skX="0" skY="0" scX="1.1111111111111112" y="-2.299999999999997" scY="1.1111111111111112"/>
    </frame>
    <frame z="0" duration="1">
     <transform x="0.40000000000000036" pX="0" pY="0" skX="0" skY="0" scX="0.9666666666666667" y="0.6500000000000021" scY="0.9666666666666667"/>
    </frame>
    <frame displayIndex="-1" duration="1"/>
   </timeline>
   <timeline name="Layer 1" scale="1" pX="0" pY="0" offset="0">
    <frame z="0" duration="1">
     <transform x="0" pX="0" pY="0" skX="0" skY="0" scX="1" y="0" scY="1"/>
     <colorTransform bM="100" gO="0" bO="0" aM="65" rM="100" aO="0" gM="100" rO="0"/>
    </frame>
    <frame z="0" duration="1">
     <transform x="-0.25" pX="0" pY="0" skX="0" skY="0" scX="1.1224489795918369" y="-1.1999999999999993" scY="1.1224489795918369"/>
     <colorTransform bM="100" gO="0" bO="0" aM="65" rM="100" aO="0" gM="100" rO="0"/>
    </frame>
    <frame z="0" duration="1">
     <transform x="0.10000000000000009" pX="0" pY="0" skX="0" skY="0" scX="0.9795918367346939" y="0.34999999999999964" scY="0.9795918367346939"/>
     <colorTransform bM="100" gO="0" bO="0" aM="65" rM="100" aO="0" gM="100" rO="0"/>
    </frame>
    <frame displayIndex="-1" duration="1"/>
   </timeline>
  </animation>
 </armature>
 <armature name="Symbol 2692">
  <skin name="default">
   <slot name="Layer 2" z="0" parent="Layer 2">
    <display name="__dbTextures/Symbol 2692/Layer 2_0" type="image">
     <transform x="-61.6" pX="0" pY="0" skX="0" skY="0" scX="1" y="-21.95" scY="1"/>
    </display>
   </slot>
   <slot name="face_bt" z="1" parent="face_bt">
    <display name="Symbol 2691" type="image">
     <transform x="0" pX="31.5" pY="31.5" skX="0" skY="0" scX="1" y="0" scY="1"/>
    </display>
   </slot>
  </skin>
  <bone name="Layer 2">
   <transform y="25.25" skY="0" x="0" scX="1" skX="0" scY="1"/>
  </bone>
  <bone name="face_bt">
   <transform y="24.5" skY="0" x="-38.5" scX="0.51" skX="0" scY="0.51"/>
  </bone>
  <animation name="face_bt" scale="1" loop="1" duration="1" autoTween="NaN" fadeInTime="0.3" tweenEasing="NaN">
   <timeline name="Layer 2" scale="1" pX="0" pY="0" offset="0">
    <frame z="0" duration="1" tweenEasing="NaN">
     <transform x="0" pX="0" pY="0" skX="0" skY="0" scX="1" y="0" scY="1"/>
    </frame>
   </timeline>
   <timeline name="face_bt" scale="1" pX="0" pY="0" offset="0">
    <frame z="0" duration="1">
     <transform x="0" pX="0" pY="0" skX="0" skY="0" scX="1" y="0" scY="1"/>
    </frame>
   </timeline>
  </animation>
 </armature>
 <armature name="Symbol 2696">
  <skin name="default">
   <slot name="Layer 2" z="0" parent="Layer 2">
    <display name="__dbTextures/Symbol 2696/Layer 2_0" type="image">
     <transform x="-30" pX="0" pY="0" skX="0" skY="0" scX="1" y="-30" scY="1"/>
    </display>
   </slot>
   <slot name="Layer 1" z="1" parent="Layer 1">
    <display name="Symbol 2695" type="image">
     <transform x="0" pX="50.95" pY="42.5" skX="0" skY="0" scX="1" y="0" scY="1"/>
    </display>
   </slot>
  </skin>
  <bone name="Layer 2">
   <transform y="0" skY="0" x="0" scX="1" skX="0" scY="1"/>
  </bone>
  <bone name="Layer 1">
   <transform y="0" skY="0" x="0" scX="0.59" skX="0" scY="0.71"/>
  </bone>
  <animation name="go_sfk1" scale="1" loop="1" duration="1" autoTween="NaN" fadeInTime="0.3" tweenEasing="NaN">
   <timeline name="Layer 2" scale="1" pX="0" pY="0" offset="0">
    <frame z="0" duration="1" tweenEasing="NaN">
     <transform x="0" pX="0" pY="0" skX="0" skY="0" scX="1" y="0" scY="1"/>
    </frame>
   </timeline>
   <timeline name="Layer 1" scale="1" pX="0" pY="0" offset="0">
    <frame z="0" duration="1">
     <transform x="0" pX="0" pY="0" skX="0" skY="0" scX="1" y="0" scY="1"/>
    </frame>
   </timeline>
  </animation>
 </armature>
 <armature name="Symbol 2700">
  <skin name="default">
   <slot name="bg" z="0" parent="bg">
    <display name="__dbTextures/Symbol 2700/bg_0" type="image">
     <transform x="-30" pX="0" pY="0" skX="0" skY="0" scX="1" y="-30" scY="1"/>
    </display>
   </slot>
   <slot name="mask" z="1" parent="mask">
    <display name="Symbol 2697" type="image">
     <transform x="0" pX="30.25" pY="30.25" skX="0" skY="0" scX="1" y="0" scY="1"/>
    </display>
   </slot>
   <slot name="Layer 1" z="2" parent="Layer 1">
    <display name="Symbol 2695" type="image">
     <transform x="0" pX="50.95" pY="42.5" skX="0" skY="0" scX="1" y="0" scY="1"/>
    </display>
   </slot>
  </skin>
  <bone name="bg">
   <transform y="0" skY="0" x="0" scX="1" skX="0" scY="1"/>
  </bone>
  <bone name="mask">
   <transform y="0" skY="0" x="0" scX="1" skX="0" scY="1"/>
  </bone>
  <bone name="Layer 1">
   <transform y="0" skY="0" x="0" scX="0.59" skX="0" scY="0.71"/>
  </bone>
  <animation name="go_sfk2" scale="1" loop="1" duration="1" autoTween="NaN" fadeInTime="0.3" tweenEasing="NaN">
   <timeline name="bg" scale="1" pX="0" pY="0" offset="0">
    <frame z="0" duration="1" tweenEasing="NaN">
     <transform x="0" pX="0" pY="0" skX="0" skY="0" scX="1" y="0" scY="1"/>
    </frame>
   </timeline>
   <timeline name="mask" scale="1" pX="0" pY="0" offset="0">
    <frame z="0" duration="1">
     <transform x="0" pX="0" pY="0" skX="0" skY="0" scX="1" y="0" scY="1"/>
    </frame>
   </timeline>
   <timeline name="Layer 1" scale="1" pX="0" pY="0" offset="0">
    <frame z="0" duration="1">
     <transform x="0" pX="0" pY="0" skX="0" skY="0" scX="1" y="0" scY="1"/>
    </frame>
   </timeline>
  </animation>
 </armature>
 <armature name="Symbol 2703">
  <skin name="default">
   <slot name="bg" z="0" parent="bg">
    <display name="__dbTextures/Symbol 2703/bg_0" type="image">
     <transform x="-30" pX="0" pY="0" skX="0" skY="0" scX="1" y="-30" scY="1"/>
    </display>
   </slot>
   <slot name="mask" z="1" parent="mask">
    <display name="Symbol 2697" type="image">
     <transform x="0" pX="30.25" pY="30.25" skX="0" skY="0" scX="1" y="0" scY="1"/>
    </display>
   </slot>
   <slot name="Layer 1" z="2" parent="Layer 1">
    <display name="Symbol 2695" type="image">
     <transform x="0" pX="50.95" pY="42.5" skX="0" skY="0" scX="1" y="0" scY="1"/>
    </display>
   </slot>
  </skin>
  <bone name="bg">
   <transform y="0" skY="0" x="0" scX="1" skX="0" scY="1"/>
  </bone>
  <bone name="mask">
   <transform y="0" skY="0" x="0" scX="1" skX="0" scY="1"/>
  </bone>
  <bone name="Layer 1">
   <transform y="0" skY="0" x="0" scX="0.59" skX="0" scY="0.71"/>
  </bone>
  <animation name="go_sfk3" scale="1" loop="1" duration="1" autoTween="NaN" fadeInTime="0.3" tweenEasing="NaN">
   <timeline name="bg" scale="1" pX="0" pY="0" offset="0">
    <frame z="0" duration="1" tweenEasing="NaN">
     <transform x="0" pX="0" pY="0" skX="0" skY="0" scX="1" y="0" scY="1"/>
    </frame>
   </timeline>
   <timeline name="mask" scale="1" pX="0" pY="0" offset="0">
    <frame z="0" duration="1">
     <transform x="0" pX="0" pY="0" skX="0" skY="0" scX="1" y="0" scY="1"/>
    </frame>
   </timeline>
   <timeline name="Layer 1" scale="1" pX="0" pY="0" offset="0">
    <frame z="0" duration="1">
     <transform x="0" pX="0" pY="0" skX="0" skY="0" scX="1" y="0" scY="1"/>
    </frame>
   </timeline>
  </animation>
 </armature>
</root>