<TextureAtlas name="aby_mc" imagePath="texture.png">
 <SubTexture name="Symbol 3131" x="337" y="149" width="61" height="33"/>
 <SubTexture name="__dbTextures/aby_mc/bg_0" x="209" y="174" width="72" height="13"/>
 <SubTexture name="Symbol 3143" x="440" y="60" width="59" height="59"/>
 <SubTexture name="tail_cl" x="0" y="159" width="39" height="39"/>
 <SubTexture name="cloak_cl" x="160" y="183" width="39" height="39"/>
 <SubTexture name="hand_l_cl" x="40" y="178" width="39" height="39"/>
 <SubTexture name="foot_cl" x="282" y="174" width="39" height="39"/>
 <SubTexture name="body_cl" x="440" y="180" width="39" height="39"/>
 <SubTexture name="skirt_cl" x="400" y="180" width="39" height="39"/>
 <SubTexture name="head_cl" x="120" y="183" width="39" height="39"/>
 <SubTexture name="hand_r_cl" x="80" y="178" width="39" height="39"/>
 <SubTexture name="位图 1" x="0" y="0" width="129" height="97"/>
 <SubTexture name="Symbol 3160" x="40" y="159" width="89" height="17"/>
 <SubTexture name="Symbol 2860" x="130" y="174" width="78" height="8"/>
 <SubTexture name="Symbol 1945" x="234" y="0" width="102" height="85"/>
 <SubTexture name="__dbTextures/bt_telo/bt_telo_0" x="131" y="0" width="102" height="85"/>
 <SubTexture name="__dbTextures/bt_telo/bt_telo_1" x="337" y="0" width="102" height="85"/>
 <SubTexture name="__dbTextures/bt_telo/bt_telo_2" x="234" y="87" width="102" height="85"/>
 <SubTexture name="__dbTextures/bt_telo/bt_telo_3" x="131" y="87" width="102" height="85"/>
 <SubTexture name="__dbTextures/Symbol 3138/Layer 2_0" x="60" y="99" width="59" height="59"/>
 <SubTexture name="__dbTextures/Symbol 3138/Layer 2_1" x="0" y="99" width="59" height="59"/>
 <SubTexture name="Symbol 3136" x="337" y="87" width="83" height="61"/>
 <SubTexture name="__dbTextures/Symbol 3138/Layer 1_2" x="421" y="120" width="59" height="59"/>
 <SubTexture name="Symbol 2208" x="234" y="188" width="37" height="26"/>
 <SubTexture name="Symbol 2210" x="200" y="188" width="33" height="33"/>
 <SubTexture name="Symbol 2212" x="0" y="199" width="32" height="30"/>
 <SubTexture name="Symbol 2217" x="92" y="218" width="27" height="28"/>
 <SubTexture name="Symbol 2219" x="33" y="218" width="29" height="28"/>
 <SubTexture name="Symbol 2221" x="322" y="183" width="36" height="36"/>
 <SubTexture name="Symbol 2223" x="359" y="183" width="36" height="35"/>
 <SubTexture name="Symbol 2225" x="272" y="214" width="29" height="29"/>
 <SubTexture name="Symbol 2227" x="234" y="215" width="33" height="24"/>
 <SubTexture name="Symbol 2229" x="481" y="149" width="29" height="28"/>
 <SubTexture name="Symbol 2231" x="481" y="120" width="29" height="28"/>
 <SubTexture name="Symbol 2233" x="481" y="178" width="29" height="28"/>
 <SubTexture name="Symbol 2235" x="63" y="218" width="28" height="28"/>
 <SubTexture name="Symbol 2237" x="480" y="207" width="31" height="31"/>
 <SubTexture name="__dbTextures/Symbol 3140/bg_0" x="440" y="0" width="59" height="59"/>
</TextureAtlas>