<root name="Buttons_sounds2" isGlobal="0" frameRate="30" version="3.0">
 <armature name="Buttons_sounds2">
  <skin name="default">
   <slot name="sfx_bt" z="0" parent="sfx_bt">
    <display name="Symbol 1891" type="armature">
     <transform scX="1" x="0" skX="0" scY="1" y="0" skY="0"/>
    </display>
   </slot>
   <slot name="music_bt" z="1" parent="music_bt">
    <display name="Symbol 1896" type="armature">
     <transform scX="1" x="0" skX="0" scY="1" y="0" skY="0"/>
    </display>
   </slot>
  </skin>
  <bone name="sfx_bt">
   <transform scX="1" x="13.7" skX="24.95" scY="1" y="4" skY="24.95"/>
  </bone>
  <bone name="music_bt">
   <transform scX="1" x="43.15" skX="24.95" scY="1" y="3.55" skY="24.95"/>
  </bone>
  <animation fadeInTime="0.3" scale="1" loop="1" autoTween="NaN" name="Buttons_sounds2" duration="1" tweenEasing="NaN">
   <timeline pX="0" name="sfx_bt" pY="0" scale="1" offset="0">
    <frame z="0" duration="1">
     <transform scX="1" x="0" scY="1" y="0" pX="0" pY="0" skX="0" skY="0"/>
    </frame>
   </timeline>
   <timeline pX="0" name="music_bt" pY="0" scale="1" offset="0">
    <frame z="0" duration="1">
     <transform scX="1" x="0" scY="1" y="0" pX="0" pY="0" skX="0" skY="0"/>
    </frame>
   </timeline>
  </animation>
 </armature>
 <armature name="Symbol 1891">
  <skin name="default">
   <slot name="sfx_bt" z="0" parent="sfx_bt">
    <display name="Symbol 1890" type="image">
     <transform scX="1" x="0" scY="1" y="0" pX="0" pY="0" skX="0" skY="0"/>
    </display>
   </slot>
  </skin>
  <bone name="sfx_bt">
   <transform scX="1" x="-6.6" skX="0" scY="1" y="-1.3" skY="0"/>
  </bone>
  <animation fadeInTime="0.3" scale="5" loop="0" autoTween="NaN" name="sfx_bt" duration="2" tweenEasing="2">
   <timeline pX="0" name="sfx_bt" pY="0" scale="1" offset="0">
    <frame z="0" duration="1">
     <transform scX="1" x="0" scY="1" y="0" pX="0" pY="0" skX="0" skY="0"/>
    </frame>
    <frame z="0" duration="1">
     <transform scX="1" x="0" scY="1" y="0" pX="0" pY="0" skX="0" skY="0"/>
     <colorTransform bM="100" gO="0" bO="0" aM="50" rM="100" aO="0" gM="100" rO="0"/>
    </frame>
   </timeline>
  </animation>
 </armature>
 <armature name="Symbol 1896">
  <skin name="default">
   <slot name="music_bt" z="0" parent="music_bt">
    <display name="Symbol 1895" type="image">
     <transform scX="1" x="0" scY="1" y="0" pX="0.8" pY="1.55" skX="0" skY="0"/>
    </display>
   </slot>
  </skin>
  <bone name="music_bt">
   <transform scX="1" x="-0.8" skX="0" scY="1" y="-1.55" skY="0"/>
  </bone>
  <animation fadeInTime="0.3" scale="5" loop="0" autoTween="NaN" name="music_bt" duration="2" tweenEasing="2">
   <timeline pX="0" name="music_bt" pY="0" scale="1" offset="0">
    <frame z="0" duration="1">
     <transform scX="1" x="0" scY="1" y="0" pX="0" pY="0" skX="0" skY="0"/>
    </frame>
    <frame z="0" duration="1">
     <transform scX="1" x="0" scY="1" y="0" pX="0" pY="0" skX="0" skY="0"/>
     <colorTransform bM="100" gO="0" bO="0" aM="50" rM="100" aO="0" gM="100" rO="0"/>
    </frame>
   </timeline>
  </animation>
 </armature>
</root>