<root name="Comics" isGlobal="0" frameRate="30" version="3.0">
 <armature name="Comics">
  <skin name="default">
   <slot name="Layer 11" z="0" parent="Layer 11">
    <display name="Symbol 1926" type="image">
     <transform scX="1" x="0" scY="1" y="0" pX="0" pY="0" skX="0" skY="0"/>
    </display>
   </slot>
   <slot name="Layer 10" z="1" parent="Layer 10">
    <display name="Symbol 3211" type="image">
     <transform scX="1" x="0" scY="1" y="0" pX="105.5" pY="105.55" skX="0" skY="0"/>
    </display>
   </slot>
   <slot name="Layer 9" z="2" parent="Layer 9">
    <display name="Symbol 3228" type="image">
     <transform scX="1" x="0" scY="1" y="0" pX="60.5" pY="106" skX="0" skY="0"/>
    </display>
   </slot>
   <slot name="Layer 8" z="3" parent="Layer 8">
    <display name="Symbol 3231" type="image">
     <transform scX="1" x="0" scY="1" y="0" pX="0" pY="0" skX="0" skY="0"/>
    </display>
   </slot>
   <slot name="Layer 7" z="4" parent="Layer 7">
    <display name="Symbol 3222" type="image">
     <transform scX="1" x="0" scY="1" y="0" pX="0" pY="0" skX="0" skY="0"/>
    </display>
   </slot>
   <slot name="Layer 6" z="5" parent="Layer 6">
    <display name="Symbol 3219" type="image">
     <transform scX="1" x="0" scY="1" y="0" pX="0" pY="0" skX="0" skY="0"/>
    </display>
   </slot>
   <slot name="Layer 5" z="6" parent="Layer 5">
    <display name="Symbol 3225" type="image">
     <transform scX="1" x="0" scY="1" y="0" pX="0" pY="0" skX="0" skY="0"/>
    </display>
   </slot>
   <slot name="Layer 4" z="7" parent="Layer 4">
    <display name="Symbol 3234" type="image">
     <transform scX="1" x="0" scY="1" y="0" pX="0" pY="0" skX="0" skY="0"/>
    </display>
   </slot>
   <slot name="Layer 3" z="8" parent="Layer 3">
    <display name="Symbol 3237" type="image">
     <transform scX="1" x="0" scY="1" y="0" pX="0" pY="0" skX="0" skY="0"/>
    </display>
   </slot>
   <slot name="sounds_control_cl" z="9" parent="sounds_control_cl">
    <display name="com.code.Buttons_sounds2" type="image">
     <transform scX="1" x="0" scY="1" y="0" pX="19.45" pY="19.45" skX="0" skY="0"/>
    </display>
   </slot>
   <slot name="play_bt" z="10" parent="play_bt">
    <display name="Symbol 3216" type="image">
     <transform scX="1" x="0" scY="1" y="0" pX="-4.45" pY="-5.7" skX="0" skY="0"/>
    </display>
   </slot>
  </skin>
  <bone name="Layer 6">
   <transform scX="1" x="177" skX="0" scY="1" y="8.95" skY="0"/>
  </bone>
  <bone name="Layer 10">
   <transform scX="1" x="97.45" skX="0" scY="1" y="114.5" skY="0"/>
  </bone>
  <bone name="Layer 9">
   <transform scX="1" x="184" skX="0" scY="1" y="335.8" skY="0"/>
  </bone>
  <bone name="Layer 8">
   <transform scX="1" x="250.95" skX="0" scY="1" y="230.9" skY="0"/>
  </bone>
  <bone name="Layer 7">
   <transform scX="1" x="400" skX="0" scY="1" y="-9.05" skY="0"/>
  </bone>
  <bone name="Layer 11">
   <transform scX="1" x="0" skX="0" scY="1" y="0" skY="0"/>
  </bone>
  <bone name="Layer 5">
   <transform scX="1" x="8.95" skX="0" scY="1" y="229.9" skY="0"/>
  </bone>
  <bone name="Layer 4">
   <transform scX="1" x="366.95" skX="0" scY="1" y="190.9" skY="0"/>
  </bone>
  <bone name="Layer 3">
   <transform scX="1" x="519.95" skX="0" scY="1" y="168.95" skY="0"/>
  </bone>
  <bone name="sounds_control_cl">
   <transform scX="1" x="592.4" skX="0" scY="1" y="2" skY="0"/>
  </bone>
  <bone name="play_bt">
   <transform scX="1" x="607.6" skX="0" scY="1" y="399.75" skY="0"/>
  </bone>
  <animation fadeInTime="0.3" scale="1" loop="1" autoTween="NaN" name="Comics" duration="609" tweenEasing="NaN">
   <timeline pX="0" name="Layer 11" pY="0" scale="1" offset="0">
    <frame z="0" duration="609">
     <transform scX="1" x="0" scY="1" y="0" pX="0" pY="0" skX="0" skY="0"/>
    </frame>
   </timeline>
   <timeline pX="0" name="Layer 10" pY="0" scale="1" offset="0">
    <frame z="0" duration="1">
     <transform scX="1" x="0" scY="1" y="0" pX="0" pY="0" skX="0" skY="0"/>
     <colorTransform bM="100" gO="0" bO="0" aM="0" rM="100" aO="0" gM="100" rO="0"/>
    </frame>
    <frame z="0" duration="1">
     <transform scX="1" x="0" scY="1" y="0" pX="0" pY="0" skX="0" skY="0"/>
     <colorTransform bM="100" gO="0" bO="0" aM="3" rM="100" aO="0" gM="100" rO="0"/>
    </frame>
    <frame z="0" duration="1">
     <transform scX="1" x="0" scY="1" y="0" pX="0" pY="0" skX="0" skY="0"/>
     <colorTransform bM="100" gO="0" bO="0" aM="6" rM="100" aO="0" gM="100" rO="0"/>
    </frame>
    <frame z="0" duration="1">
     <transform scX="1" x="0" scY="1" y="0" pX="0" pY="0" skX="0" skY="0"/>
     <colorTransform bM="100" gO="0" bO="0" aM="9" rM="100" aO="0" gM="100" rO="0"/>
    </frame>
    <frame z="0" duration="1">
     <transform scX="1" x="0" scY="1" y="0" pX="0" pY="0" skX="0" skY="0"/>
     <colorTransform bM="100" gO="0" bO="0" aM="12" rM="100" aO="0" gM="100" rO="0"/>
    </frame>
    <frame z="0" duration="1">
     <transform scX="1" x="0" scY="1" y="0" pX="0" pY="0" skX="0" skY="0"/>
     <colorTransform bM="100" gO="0" bO="0" aM="15" rM="100" aO="0" gM="100" rO="0"/>
    </frame>
    <frame z="0" duration="1">
     <transform scX="1" x="0" scY="1" y="0" pX="0" pY="0" skX="0" skY="0"/>
     <colorTransform bM="100" gO="0" bO="0" aM="18" rM="100" aO="0" gM="100" rO="0"/>
    </frame>
    <frame z="0" duration="1">
     <transform scX="1" x="0" scY="1" y="0" pX="0" pY="0" skX="0" skY="0"/>
     <colorTransform bM="100" gO="0" bO="0" aM="21" rM="100" aO="0" gM="100" rO="0"/>
    </frame>
    <frame z="0" duration="1">
     <transform scX="1" x="0" scY="1" y="0" pX="0" pY="0" skX="0" skY="0"/>
     <colorTransform bM="100" gO="0" bO="0" aM="24" rM="100" aO="0" gM="100" rO="0"/>
    </frame>
    <frame z="0" duration="1">
     <transform scX="1" x="0" scY="1" y="0" pX="0" pY="0" skX="0" skY="0"/>
     <colorTransform bM="100" gO="0" bO="0" aM="27" rM="100" aO="0" gM="100" rO="0"/>
    </frame>
    <frame z="0" duration="1">
     <transform scX="1" x="0" scY="1" y="0" pX="0" pY="0" skX="0" skY="0"/>
     <colorTransform bM="100" gO="0" bO="0" aM="30" rM="100" aO="0" gM="100" rO="0"/>
    </frame>
    <frame z="0" duration="1">
     <transform scX="1" x="0" scY="1" y="0" pX="0" pY="0" skX="0" skY="0"/>
     <colorTransform bM="100" gO="0" bO="0" aM="33" rM="100" aO="0" gM="100" rO="0"/>
    </frame>
    <frame z="0" duration="1">
     <transform scX="1" x="0" scY="1" y="0" pX="0" pY="0" skX="0" skY="0"/>
     <colorTransform bM="100" gO="0" bO="0" aM="36" rM="100" aO="0" gM="100" rO="0"/>
    </frame>
    <frame z="0" duration="1">
     <transform scX="1" x="0" scY="1" y="0" pX="0" pY="0" skX="0" skY="0"/>
     <colorTransform bM="100" gO="0" bO="0" aM="39" rM="100" aO="0" gM="100" rO="0"/>
    </frame>
    <frame z="0" duration="1">
     <transform scX="1" x="0" scY="1" y="0" pX="0" pY="0" skX="0" skY="0"/>
     <colorTransform bM="100" gO="0" bO="0" aM="43" rM="100" aO="0" gM="100" rO="0"/>
    </frame>
    <frame z="0" duration="1">
     <transform scX="1" x="0" scY="1" y="0" pX="0" pY="0" skX="0" skY="0"/>
     <colorTransform bM="100" gO="0" bO="0" aM="45" rM="100" aO="0" gM="100" rO="0"/>
    </frame>
    <frame z="0" duration="1">
     <transform scX="1" x="0" scY="1" y="0" pX="0" pY="0" skX="0" skY="0"/>
     <colorTransform bM="100" gO="0" bO="0" aM="48" rM="100" aO="0" gM="100" rO="0"/>
    </frame>
    <frame z="0" duration="1">
     <transform scX="1" x="0" scY="1" y="0" pX="0" pY="0" skX="0" skY="0"/>
     <colorTransform bM="100" gO="0" bO="0" aM="52" rM="100" aO="0" gM="100" rO="0"/>
    </frame>
    <frame z="0" duration="1">
     <transform scX="1" x="0" scY="1" y="0" pX="0" pY="0" skX="0" skY="0"/>
     <colorTransform bM="100" gO="0" bO="0" aM="55" rM="100" aO="0" gM="100" rO="0"/>
    </frame>
    <frame z="0" duration="1">
     <transform scX="1" x="0" scY="1" y="0" pX="0" pY="0" skX="0" skY="0"/>
     <colorTransform bM="100" gO="0" bO="0" aM="57" rM="100" aO="0" gM="100" rO="0"/>
    </frame>
    <frame z="0" duration="1">
     <transform scX="1" x="0" scY="1" y="0" pX="0" pY="0" skX="0" skY="0"/>
     <colorTransform bM="100" gO="0" bO="0" aM="61" rM="100" aO="0" gM="100" rO="0"/>
    </frame>
    <frame z="0" duration="1">
     <transform scX="1" x="0" scY="1" y="0" pX="0" pY="0" skX="0" skY="0"/>
     <colorTransform bM="100" gO="0" bO="0" aM="64" rM="100" aO="0" gM="100" rO="0"/>
    </frame>
    <frame z="0" duration="1">
     <transform scX="1" x="0" scY="1" y="0" pX="0" pY="0" skX="0" skY="0"/>
     <colorTransform bM="100" gO="0" bO="0" aM="67" rM="100" aO="0" gM="100" rO="0"/>
    </frame>
    <frame z="0" duration="1">
     <transform scX="1" x="0" scY="1" y="0" pX="0" pY="0" skX="0" skY="0"/>
     <colorTransform bM="100" gO="0" bO="0" aM="70" rM="100" aO="0" gM="100" rO="0"/>
    </frame>
    <frame z="0" duration="1">
     <transform scX="1" x="0" scY="1" y="0" pX="0" pY="0" skX="0" skY="0"/>
     <colorTransform bM="100" gO="0" bO="0" aM="73" rM="100" aO="0" gM="100" rO="0"/>
    </frame>
    <frame z="0" duration="1">
     <transform scX="1" x="0" scY="1" y="0" pX="0" pY="0" skX="0" skY="0"/>
     <colorTransform bM="100" gO="0" bO="0" aM="76" rM="100" aO="0" gM="100" rO="0"/>
    </frame>
    <frame z="0" duration="1">
     <transform scX="1" x="0" scY="1" y="0" pX="0" pY="0" skX="0" skY="0"/>
     <colorTransform bM="100" gO="0" bO="0" aM="79" rM="100" aO="0" gM="100" rO="0"/>
    </frame>
    <frame z="0" duration="1">
     <transform scX="1" x="0" scY="1" y="0" pX="0" pY="0" skX="0" skY="0"/>
     <colorTransform bM="100" gO="0" bO="0" aM="82" rM="100" aO="0" gM="100" rO="0"/>
    </frame>
    <frame z="0" duration="1">
     <transform scX="1" x="0" scY="1" y="0" pX="0" pY="0" skX="0" skY="0"/>
     <colorTransform bM="100" gO="0" bO="0" aM="85" rM="100" aO="0" gM="100" rO="0"/>
    </frame>
    <frame z="0" duration="1">
     <transform scX="1" x="0" scY="1" y="0" pX="0" pY="0" skX="0" skY="0"/>
     <colorTransform bM="100" gO="0" bO="0" aM="88" rM="100" aO="0" gM="100" rO="0"/>
    </frame>
    <frame z="0" duration="1">
     <transform scX="1" x="0" scY="1" y="0" pX="0" pY="0" skX="0" skY="0"/>
     <colorTransform bM="100" gO="0" bO="0" aM="91" rM="100" aO="0" gM="100" rO="0"/>
    </frame>
    <frame z="0" duration="1">
     <transform scX="1" x="0" scY="1" y="0" pX="0" pY="0" skX="0" skY="0"/>
     <colorTransform bM="100" gO="0" bO="0" aM="94" rM="100" aO="0" gM="100" rO="0"/>
    </frame>
    <frame z="0" duration="1">
     <transform scX="1" x="0" scY="1" y="0" pX="0" pY="0" skX="0" skY="0"/>
     <colorTransform bM="100" gO="0" bO="0" aM="97" rM="100" aO="0" gM="100" rO="0"/>
    </frame>
    <frame z="0" duration="576">
     <transform scX="1" x="0" scY="1" y="0" pX="0" pY="0" skX="0" skY="0"/>
    </frame>
   </timeline>
   <timeline pX="0" name="Layer 9" pY="0" scale="1" offset="0">
    <frame displayIndex="-1" duration="371"/>
    <frame z="0" duration="1">
     <transform scX="1" x="0" scY="1" y="0" pX="0" pY="0" skX="0" skY="0"/>
     <colorTransform bM="100" gO="0" bO="0" aM="0" rM="100" aO="0" gM="100" rO="0"/>
    </frame>
    <frame z="0" duration="1">
     <transform scX="1" x="0" scY="1" y="0" pX="0" pY="0" skX="0" skY="0"/>
     <colorTransform bM="100" gO="0" bO="0" aM="3" rM="100" aO="0" gM="100" rO="0"/>
    </frame>
    <frame z="0" duration="1">
     <transform scX="1" x="0" scY="1" y="0" pX="0" pY="0" skX="0" skY="0"/>
     <colorTransform bM="100" gO="0" bO="0" aM="6" rM="100" aO="0" gM="100" rO="0"/>
    </frame>
    <frame z="0" duration="1">
     <transform scX="1" x="0" scY="1" y="0" pX="0" pY="0" skX="0" skY="0"/>
     <colorTransform bM="100" gO="0" bO="0" aM="9" rM="100" aO="0" gM="100" rO="0"/>
    </frame>
    <frame z="0" duration="1">
     <transform scX="1" x="0" scY="1" y="0" pX="0" pY="0" skX="0" skY="0"/>
     <colorTransform bM="100" gO="0" bO="0" aM="12" rM="100" aO="0" gM="100" rO="0"/>
    </frame>
    <frame z="0" duration="1">
     <transform scX="1" x="0" scY="1" y="0" pX="0" pY="0" skX="0" skY="0"/>
     <colorTransform bM="100" gO="0" bO="0" aM="15" rM="100" aO="0" gM="100" rO="0"/>
    </frame>
    <frame z="0" duration="1">
     <transform scX="1" x="0" scY="1" y="0" pX="0" pY="0" skX="0" skY="0"/>
     <colorTransform bM="100" gO="0" bO="0" aM="18" rM="100" aO="0" gM="100" rO="0"/>
    </frame>
    <frame z="0" duration="1">
     <transform scX="1" x="0" scY="1" y="0" pX="0" pY="0" skX="0" skY="0"/>
     <colorTransform bM="100" gO="0" bO="0" aM="21" rM="100" aO="0" gM="100" rO="0"/>
    </frame>
    <frame z="0" duration="1">
     <transform scX="1" x="0" scY="1" y="0" pX="0" pY="0" skX="0" skY="0"/>
     <colorTransform bM="100" gO="0" bO="0" aM="24" rM="100" aO="0" gM="100" rO="0"/>
    </frame>
    <frame z="0" duration="1">
     <transform scX="1" x="0" scY="1" y="0" pX="0" pY="0" skX="0" skY="0"/>
     <colorTransform bM="100" gO="0" bO="0" aM="27" rM="100" aO="0" gM="100" rO="0"/>
    </frame>
    <frame z="0" duration="1">
     <transform scX="1" x="0" scY="1" y="0" pX="0" pY="0" skX="0" skY="0"/>
     <colorTransform bM="100" gO="0" bO="0" aM="30" rM="100" aO="0" gM="100" rO="0"/>
    </frame>
    <frame z="0" duration="1">
     <transform scX="1" x="0" scY="1" y="0" pX="0" pY="0" skX="0" skY="0"/>
     <colorTransform bM="100" gO="0" bO="0" aM="33" rM="100" aO="0" gM="100" rO="0"/>
    </frame>
    <frame z="0" duration="1">
     <transform scX="1" x="0" scY="1" y="0" pX="0" pY="0" skX="0" skY="0"/>
     <colorTransform bM="100" gO="0" bO="0" aM="36" rM="100" aO="0" gM="100" rO="0"/>
    </frame>
    <frame z="0" duration="1">
     <transform scX="1" x="0" scY="1" y="0" pX="0" pY="0" skX="0" skY="0"/>
     <colorTransform bM="100" gO="0" bO="0" aM="39" rM="100" aO="0" gM="100" rO="0"/>
    </frame>
    <frame z="0" duration="1">
     <transform scX="1" x="0" scY="1" y="0" pX="0" pY="0" skX="0" skY="0"/>
     <colorTransform bM="100" gO="0" bO="0" aM="43" rM="100" aO="0" gM="100" rO="0"/>
    </frame>
    <frame z="0" duration="1">
     <transform scX="1" x="0" scY="1" y="0" pX="0" pY="0" skX="0" skY="0"/>
     <colorTransform bM="100" gO="0" bO="0" aM="45" rM="100" aO="0" gM="100" rO="0"/>
    </frame>
    <frame z="0" duration="1">
     <transform scX="1" x="0" scY="1" y="0" pX="0" pY="0" skX="0" skY="0"/>
     <colorTransform bM="100" gO="0" bO="0" aM="48" rM="100" aO="0" gM="100" rO="0"/>
    </frame>
    <frame z="0" duration="1">
     <transform scX="1" x="0" scY="1" y="0" pX="0" pY="0" skX="0" skY="0"/>
     <colorTransform bM="100" gO="0" bO="0" aM="52" rM="100" aO="0" gM="100" rO="0"/>
    </frame>
    <frame z="0" duration="1">
     <transform scX="1" x="0" scY="1" y="0" pX="0" pY="0" skX="0" skY="0"/>
     <colorTransform bM="100" gO="0" bO="0" aM="55" rM="100" aO="0" gM="100" rO="0"/>
    </frame>
    <frame z="0" duration="1">
     <transform scX="1" x="0" scY="1" y="0" pX="0" pY="0" skX="0" skY="0"/>
     <colorTransform bM="100" gO="0" bO="0" aM="57" rM="100" aO="0" gM="100" rO="0"/>
    </frame>
    <frame z="0" duration="1">
     <transform scX="1" x="0" scY="1" y="0" pX="0" pY="0" skX="0" skY="0"/>
     <colorTransform bM="100" gO="0" bO="0" aM="61" rM="100" aO="0" gM="100" rO="0"/>
    </frame>
    <frame z="0" duration="1">
     <transform scX="1" x="0" scY="1" y="0" pX="0" pY="0" skX="0" skY="0"/>
     <colorTransform bM="100" gO="0" bO="0" aM="64" rM="100" aO="0" gM="100" rO="0"/>
    </frame>
    <frame z="0" duration="1">
     <transform scX="1" x="0" scY="1" y="0" pX="0" pY="0" skX="0" skY="0"/>
     <colorTransform bM="100" gO="0" bO="0" aM="67" rM="100" aO="0" gM="100" rO="0"/>
    </frame>
    <frame z="0" duration="1">
     <transform scX="1" x="0" scY="1" y="0" pX="0" pY="0" skX="0" skY="0"/>
     <colorTransform bM="100" gO="0" bO="0" aM="70" rM="100" aO="0" gM="100" rO="0"/>
    </frame>
    <frame z="0" duration="1">
     <transform scX="1" x="0" scY="1" y="0" pX="0" pY="0" skX="0" skY="0"/>
     <colorTransform bM="100" gO="0" bO="0" aM="73" rM="100" aO="0" gM="100" rO="0"/>
    </frame>
    <frame z="0" duration="1">
     <transform scX="1" x="0" scY="1" y="0" pX="0" pY="0" skX="0" skY="0"/>
     <colorTransform bM="100" gO="0" bO="0" aM="76" rM="100" aO="0" gM="100" rO="0"/>
    </frame>
    <frame z="0" duration="1">
     <transform scX="1" x="0" scY="1" y="0" pX="0" pY="0" skX="0" skY="0"/>
     <colorTransform bM="100" gO="0" bO="0" aM="79" rM="100" aO="0" gM="100" rO="0"/>
    </frame>
    <frame z="0" duration="1">
     <transform scX="1" x="0" scY="1" y="0" pX="0" pY="0" skX="0" skY="0"/>
     <colorTransform bM="100" gO="0" bO="0" aM="82" rM="100" aO="0" gM="100" rO="0"/>
    </frame>
    <frame z="0" duration="1">
     <transform scX="1" x="0" scY="1" y="0" pX="0" pY="0" skX="0" skY="0"/>
     <colorTransform bM="100" gO="0" bO="0" aM="85" rM="100" aO="0" gM="100" rO="0"/>
    </frame>
    <frame z="0" duration="1">
     <transform scX="1" x="0" scY="1" y="0" pX="0" pY="0" skX="0" skY="0"/>
     <colorTransform bM="100" gO="0" bO="0" aM="88" rM="100" aO="0" gM="100" rO="0"/>
    </frame>
    <frame z="0" duration="1">
     <transform scX="1" x="0" scY="1" y="0" pX="0" pY="0" skX="0" skY="0"/>
     <colorTransform bM="100" gO="0" bO="0" aM="91" rM="100" aO="0" gM="100" rO="0"/>
    </frame>
    <frame z="0" duration="1">
     <transform scX="1" x="0" scY="1" y="0" pX="0" pY="0" skX="0" skY="0"/>
     <colorTransform bM="100" gO="0" bO="0" aM="94" rM="100" aO="0" gM="100" rO="0"/>
    </frame>
    <frame z="0" duration="1">
     <transform scX="1" x="0" scY="1" y="0" pX="0" pY="0" skX="0" skY="0"/>
     <colorTransform bM="100" gO="0" bO="0" aM="97" rM="100" aO="0" gM="100" rO="0"/>
    </frame>
    <frame z="0" duration="205">
     <transform scX="1" x="0" scY="1" y="0" pX="0" pY="0" skX="0" skY="0"/>
    </frame>
   </timeline>
   <timeline pX="0" name="Layer 8" pY="0" scale="1" offset="0">
    <frame displayIndex="-1" duration="455"/>
    <frame z="0" duration="1">
     <transform scX="1" x="0" scY="1" y="0" pX="0" pY="0" skX="0" skY="0"/>
     <colorTransform bM="100" gO="0" bO="0" aM="0" rM="100" aO="0" gM="100" rO="0"/>
    </frame>
    <frame z="0" duration="1">
     <transform scX="1" x="0" scY="1" y="0" pX="0" pY="0" skX="0" skY="0"/>
     <colorTransform bM="100" gO="0" bO="0" aM="3" rM="100" aO="0" gM="100" rO="0"/>
    </frame>
    <frame z="0" duration="1">
     <transform scX="1" x="0" scY="1" y="0" pX="0" pY="0" skX="0" skY="0"/>
     <colorTransform bM="100" gO="0" bO="0" aM="6" rM="100" aO="0" gM="100" rO="0"/>
    </frame>
    <frame z="0" duration="1">
     <transform scX="1" x="0" scY="1" y="0" pX="0" pY="0" skX="0" skY="0"/>
     <colorTransform bM="100" gO="0" bO="0" aM="9" rM="100" aO="0" gM="100" rO="0"/>
    </frame>
    <frame z="0" duration="1">
     <transform scX="1" x="0" scY="1" y="0" pX="0" pY="0" skX="0" skY="0"/>
     <colorTransform bM="100" gO="0" bO="0" aM="12" rM="100" aO="0" gM="100" rO="0"/>
    </frame>
    <frame z="0" duration="1">
     <transform scX="1" x="0" scY="1" y="0" pX="0" pY="0" skX="0" skY="0"/>
     <colorTransform bM="100" gO="0" bO="0" aM="15" rM="100" aO="0" gM="100" rO="0"/>
    </frame>
    <frame z="0" duration="1">
     <transform scX="1" x="0" scY="1" y="0" pX="0" pY="0" skX="0" skY="0"/>
     <colorTransform bM="100" gO="0" bO="0" aM="18" rM="100" aO="0" gM="100" rO="0"/>
    </frame>
    <frame z="0" duration="1">
     <transform scX="1" x="0" scY="1" y="0" pX="0" pY="0" skX="0" skY="0"/>
     <colorTransform bM="100" gO="0" bO="0" aM="21" rM="100" aO="0" gM="100" rO="0"/>
    </frame>
    <frame z="0" duration="1">
     <transform scX="1" x="0" scY="1" y="0" pX="0" pY="0" skX="0" skY="0"/>
     <colorTransform bM="100" gO="0" bO="0" aM="24" rM="100" aO="0" gM="100" rO="0"/>
    </frame>
    <frame z="0" duration="1">
     <transform scX="1" x="0" scY="1" y="0" pX="0" pY="0" skX="0" skY="0"/>
     <colorTransform bM="100" gO="0" bO="0" aM="27" rM="100" aO="0" gM="100" rO="0"/>
    </frame>
    <frame z="0" duration="1">
     <transform scX="1" x="0" scY="1" y="0" pX="0" pY="0" skX="0" skY="0"/>
     <colorTransform bM="100" gO="0" bO="0" aM="30" rM="100" aO="0" gM="100" rO="0"/>
    </frame>
    <frame z="0" duration="1">
     <transform scX="1" x="0" scY="1" y="0" pX="0" pY="0" skX="0" skY="0"/>
     <colorTransform bM="100" gO="0" bO="0" aM="33" rM="100" aO="0" gM="100" rO="0"/>
    </frame>
    <frame z="0" duration="1">
     <transform scX="1" x="0" scY="1" y="0" pX="0" pY="0" skX="0" skY="0"/>
     <colorTransform bM="100" gO="0" bO="0" aM="36" rM="100" aO="0" gM="100" rO="0"/>
    </frame>
    <frame z="0" duration="1">
     <transform scX="1" x="0" scY="1" y="0" pX="0" pY="0" skX="0" skY="0"/>
     <colorTransform bM="100" gO="0" bO="0" aM="39" rM="100" aO="0" gM="100" rO="0"/>
    </frame>
    <frame z="0" duration="1">
     <transform scX="1" x="0" scY="1" y="0" pX="0" pY="0" skX="0" skY="0"/>
     <colorTransform bM="100" gO="0" bO="0" aM="43" rM="100" aO="0" gM="100" rO="0"/>
    </frame>
    <frame z="0" duration="1">
     <transform scX="1" x="0" scY="1" y="0" pX="0" pY="0" skX="0" skY="0"/>
     <colorTransform bM="100" gO="0" bO="0" aM="45" rM="100" aO="0" gM="100" rO="0"/>
    </frame>
    <frame z="0" duration="1">
     <transform scX="1" x="0" scY="1" y="0" pX="0" pY="0" skX="0" skY="0"/>
     <colorTransform bM="100" gO="0" bO="0" aM="48" rM="100" aO="0" gM="100" rO="0"/>
    </frame>
    <frame z="0" duration="1">
     <transform scX="1" x="0" scY="1" y="0" pX="0" pY="0" skX="0" skY="0"/>
     <colorTransform bM="100" gO="0" bO="0" aM="52" rM="100" aO="0" gM="100" rO="0"/>
    </frame>
    <frame z="0" duration="1">
     <transform scX="1" x="0" scY="1" y="0" pX="0" pY="0" skX="0" skY="0"/>
     <colorTransform bM="100" gO="0" bO="0" aM="55" rM="100" aO="0" gM="100" rO="0"/>
    </frame>
    <frame z="0" duration="1">
     <transform scX="1" x="0" scY="1" y="0" pX="0" pY="0" skX="0" skY="0"/>
     <colorTransform bM="100" gO="0" bO="0" aM="57" rM="100" aO="0" gM="100" rO="0"/>
    </frame>
    <frame z="0" duration="1">
     <transform scX="1" x="0" scY="1" y="0" pX="0" pY="0" skX="0" skY="0"/>
     <colorTransform bM="100" gO="0" bO="0" aM="61" rM="100" aO="0" gM="100" rO="0"/>
    </frame>
    <frame z="0" duration="1">
     <transform scX="1" x="0" scY="1" y="0" pX="0" pY="0" skX="0" skY="0"/>
     <colorTransform bM="100" gO="0" bO="0" aM="64" rM="100" aO="0" gM="100" rO="0"/>
    </frame>
    <frame z="0" duration="1">
     <transform scX="1" x="0" scY="1" y="0" pX="0" pY="0" skX="0" skY="0"/>
     <colorTransform bM="100" gO="0" bO="0" aM="67" rM="100" aO="0" gM="100" rO="0"/>
    </frame>
    <frame z="0" duration="1">
     <transform scX="1" x="0" scY="1" y="0" pX="0" pY="0" skX="0" skY="0"/>
     <colorTransform bM="100" gO="0" bO="0" aM="70" rM="100" aO="0" gM="100" rO="0"/>
    </frame>
    <frame z="0" duration="1">
     <transform scX="1" x="0" scY="1" y="0" pX="0" pY="0" skX="0" skY="0"/>
     <colorTransform bM="100" gO="0" bO="0" aM="73" rM="100" aO="0" gM="100" rO="0"/>
    </frame>
    <frame z="0" duration="1">
     <transform scX="1" x="0" scY="1" y="0" pX="0" pY="0" skX="0" skY="0"/>
     <colorTransform bM="100" gO="0" bO="0" aM="76" rM="100" aO="0" gM="100" rO="0"/>
    </frame>
    <frame z="0" duration="1">
     <transform scX="1" x="0" scY="1" y="0" pX="0" pY="0" skX="0" skY="0"/>
     <colorTransform bM="100" gO="0" bO="0" aM="79" rM="100" aO="0" gM="100" rO="0"/>
    </frame>
    <frame z="0" duration="1">
     <transform scX="1" x="0" scY="1" y="0" pX="0" pY="0" skX="0" skY="0"/>
     <colorTransform bM="100" gO="0" bO="0" aM="82" rM="100" aO="0" gM="100" rO="0"/>
    </frame>
    <frame z="0" duration="1">
     <transform scX="1" x="0" scY="1" y="0" pX="0" pY="0" skX="0" skY="0"/>
     <colorTransform bM="100" gO="0" bO="0" aM="85" rM="100" aO="0" gM="100" rO="0"/>
    </frame>
    <frame z="0" duration="1">
     <transform scX="1" x="0" scY="1" y="0" pX="0" pY="0" skX="0" skY="0"/>
     <colorTransform bM="100" gO="0" bO="0" aM="88" rM="100" aO="0" gM="100" rO="0"/>
    </frame>
    <frame z="0" duration="1">
     <transform scX="1" x="0" scY="1" y="0" pX="0" pY="0" skX="0" skY="0"/>
     <colorTransform bM="100" gO="0" bO="0" aM="91" rM="100" aO="0" gM="100" rO="0"/>
    </frame>
    <frame z="0" duration="1">
     <transform scX="1" x="0" scY="1" y="0" pX="0" pY="0" skX="0" skY="0"/>
     <colorTransform bM="100" gO="0" bO="0" aM="94" rM="100" aO="0" gM="100" rO="0"/>
    </frame>
    <frame z="0" duration="1">
     <transform scX="1" x="0" scY="1" y="0" pX="0" pY="0" skX="0" skY="0"/>
     <colorTransform bM="100" gO="0" bO="0" aM="97" rM="100" aO="0" gM="100" rO="0"/>
    </frame>
    <frame z="0" duration="121">
     <transform scX="1" x="0" scY="1" y="0" pX="0" pY="0" skX="0" skY="0"/>
    </frame>
   </timeline>
   <timeline pX="0" name="Layer 7" pY="0" scale="1" offset="0">
    <frame displayIndex="-1" duration="160"/>
    <frame z="0" duration="1">
     <transform scX="1" x="0" scY="1" y="0" pX="0" pY="0" skX="0" skY="0"/>
     <colorTransform bM="100" gO="0" bO="0" aM="0" rM="100" aO="0" gM="100" rO="0"/>
    </frame>
    <frame z="0" duration="1">
     <transform scX="1" x="0" scY="1" y="0" pX="0" pY="0" skX="0" skY="0"/>
     <colorTransform bM="100" gO="0" bO="0" aM="3" rM="100" aO="0" gM="100" rO="0"/>
    </frame>
    <frame z="0" duration="1">
     <transform scX="1" x="0" scY="1" y="0" pX="0" pY="0" skX="0" skY="0"/>
     <colorTransform bM="100" gO="0" bO="0" aM="6" rM="100" aO="0" gM="100" rO="0"/>
    </frame>
    <frame z="0" duration="1">
     <transform scX="1" x="0" scY="1" y="0" pX="0" pY="0" skX="0" skY="0"/>
     <colorTransform bM="100" gO="0" bO="0" aM="9" rM="100" aO="0" gM="100" rO="0"/>
    </frame>
    <frame z="0" duration="1">
     <transform scX="1" x="0" scY="1" y="0" pX="0" pY="0" skX="0" skY="0"/>
     <colorTransform bM="100" gO="0" bO="0" aM="12" rM="100" aO="0" gM="100" rO="0"/>
    </frame>
    <frame z="0" duration="1">
     <transform scX="1" x="0" scY="1" y="0" pX="0" pY="0" skX="0" skY="0"/>
     <colorTransform bM="100" gO="0" bO="0" aM="15" rM="100" aO="0" gM="100" rO="0"/>
    </frame>
    <frame z="0" duration="1">
     <transform scX="1" x="0" scY="1" y="0" pX="0" pY="0" skX="0" skY="0"/>
     <colorTransform bM="100" gO="0" bO="0" aM="18" rM="100" aO="0" gM="100" rO="0"/>
    </frame>
    <frame z="0" duration="1">
     <transform scX="1" x="0" scY="1" y="0" pX="0" pY="0" skX="0" skY="0"/>
     <colorTransform bM="100" gO="0" bO="0" aM="21" rM="100" aO="0" gM="100" rO="0"/>
    </frame>
    <frame z="0" duration="1">
     <transform scX="1" x="0" scY="1" y="0" pX="0" pY="0" skX="0" skY="0"/>
     <colorTransform bM="100" gO="0" bO="0" aM="24" rM="100" aO="0" gM="100" rO="0"/>
    </frame>
    <frame z="0" duration="1">
     <transform scX="1" x="0" scY="1" y="0" pX="0" pY="0" skX="0" skY="0"/>
     <colorTransform bM="100" gO="0" bO="0" aM="27" rM="100" aO="0" gM="100" rO="0"/>
    </frame>
    <frame z="0" duration="1">
     <transform scX="1" x="0" scY="1" y="0" pX="0" pY="0" skX="0" skY="0"/>
     <colorTransform bM="100" gO="0" bO="0" aM="30" rM="100" aO="0" gM="100" rO="0"/>
    </frame>
    <frame z="0" duration="1">
     <transform scX="1" x="0" scY="1" y="0" pX="0" pY="0" skX="0" skY="0"/>
     <colorTransform bM="100" gO="0" bO="0" aM="33" rM="100" aO="0" gM="100" rO="0"/>
    </frame>
    <frame z="0" duration="1">
     <transform scX="1" x="0" scY="1" y="0" pX="0" pY="0" skX="0" skY="0"/>
     <colorTransform bM="100" gO="0" bO="0" aM="36" rM="100" aO="0" gM="100" rO="0"/>
    </frame>
    <frame z="0" duration="1">
     <transform scX="1" x="0" scY="1" y="0" pX="0" pY="0" skX="0" skY="0"/>
     <colorTransform bM="100" gO="0" bO="0" aM="39" rM="100" aO="0" gM="100" rO="0"/>
    </frame>
    <frame z="0" duration="1">
     <transform scX="1" x="0" scY="1" y="0" pX="0" pY="0" skX="0" skY="0"/>
     <colorTransform bM="100" gO="0" bO="0" aM="43" rM="100" aO="0" gM="100" rO="0"/>
    </frame>
    <frame z="0" duration="1">
     <transform scX="1" x="0" scY="1" y="0" pX="0" pY="0" skX="0" skY="0"/>
     <colorTransform bM="100" gO="0" bO="0" aM="45" rM="100" aO="0" gM="100" rO="0"/>
    </frame>
    <frame z="0" duration="1">
     <transform scX="1" x="0" scY="1" y="0" pX="0" pY="0" skX="0" skY="0"/>
     <colorTransform bM="100" gO="0" bO="0" aM="48" rM="100" aO="0" gM="100" rO="0"/>
    </frame>
    <frame z="0" duration="1">
     <transform scX="1" x="0" scY="1" y="0" pX="0" pY="0" skX="0" skY="0"/>
     <colorTransform bM="100" gO="0" bO="0" aM="52" rM="100" aO="0" gM="100" rO="0"/>
    </frame>
    <frame z="0" duration="1">
     <transform scX="1" x="0" scY="1" y="0" pX="0" pY="0" skX="0" skY="0"/>
     <colorTransform bM="100" gO="0" bO="0" aM="55" rM="100" aO="0" gM="100" rO="0"/>
    </frame>
    <frame z="0" duration="1">
     <transform scX="1" x="0" scY="1" y="0" pX="0" pY="0" skX="0" skY="0"/>
     <colorTransform bM="100" gO="0" bO="0" aM="57" rM="100" aO="0" gM="100" rO="0"/>
    </frame>
    <frame z="0" duration="1">
     <transform scX="1" x="0" scY="1" y="0" pX="0" pY="0" skX="0" skY="0"/>
     <colorTransform bM="100" gO="0" bO="0" aM="61" rM="100" aO="0" gM="100" rO="0"/>
    </frame>
    <frame z="0" duration="1">
     <transform scX="1" x="0" scY="1" y="0" pX="0" pY="0" skX="0" skY="0"/>
     <colorTransform bM="100" gO="0" bO="0" aM="64" rM="100" aO="0" gM="100" rO="0"/>
    </frame>
    <frame z="0" duration="1">
     <transform scX="1" x="0" scY="1" y="0" pX="0" pY="0" skX="0" skY="0"/>
     <colorTransform bM="100" gO="0" bO="0" aM="67" rM="100" aO="0" gM="100" rO="0"/>
    </frame>
    <frame z="0" duration="1">
     <transform scX="1" x="0" scY="1" y="0" pX="0" pY="0" skX="0" skY="0"/>
     <colorTransform bM="100" gO="0" bO="0" aM="70" rM="100" aO="0" gM="100" rO="0"/>
    </frame>
    <frame z="0" duration="1">
     <transform scX="1" x="0" scY="1" y="0" pX="0" pY="0" skX="0" skY="0"/>
     <colorTransform bM="100" gO="0" bO="0" aM="73" rM="100" aO="0" gM="100" rO="0"/>
    </frame>
    <frame z="0" duration="1">
     <transform scX="1" x="0" scY="1" y="0" pX="0" pY="0" skX="0" skY="0"/>
     <colorTransform bM="100" gO="0" bO="0" aM="76" rM="100" aO="0" gM="100" rO="0"/>
    </frame>
    <frame z="0" duration="1">
     <transform scX="1" x="0" scY="1" y="0" pX="0" pY="0" skX="0" skY="0"/>
     <colorTransform bM="100" gO="0" bO="0" aM="79" rM="100" aO="0" gM="100" rO="0"/>
    </frame>
    <frame z="0" duration="1">
     <transform scX="1" x="0" scY="1" y="0" pX="0" pY="0" skX="0" skY="0"/>
     <colorTransform bM="100" gO="0" bO="0" aM="82" rM="100" aO="0" gM="100" rO="0"/>
    </frame>
    <frame z="0" duration="1">
     <transform scX="1" x="0" scY="1" y="0" pX="0" pY="0" skX="0" skY="0"/>
     <colorTransform bM="100" gO="0" bO="0" aM="85" rM="100" aO="0" gM="100" rO="0"/>
    </frame>
    <frame z="0" duration="1">
     <transform scX="1" x="0" scY="1" y="0" pX="0" pY="0" skX="0" skY="0"/>
     <colorTransform bM="100" gO="0" bO="0" aM="88" rM="100" aO="0" gM="100" rO="0"/>
    </frame>
    <frame z="0" duration="1">
     <transform scX="1" x="0" scY="1" y="0" pX="0" pY="0" skX="0" skY="0"/>
     <colorTransform bM="100" gO="0" bO="0" aM="91" rM="100" aO="0" gM="100" rO="0"/>
    </frame>
    <frame z="0" duration="1">
     <transform scX="1" x="0" scY="1" y="0" pX="0" pY="0" skX="0" skY="0"/>
     <colorTransform bM="100" gO="0" bO="0" aM="94" rM="100" aO="0" gM="100" rO="0"/>
    </frame>
    <frame z="0" duration="1">
     <transform scX="1" x="0" scY="1" y="0" pX="0" pY="0" skX="0" skY="0"/>
     <colorTransform bM="100" gO="0" bO="0" aM="97" rM="100" aO="0" gM="100" rO="0"/>
    </frame>
    <frame z="0" duration="416">
     <transform scX="1" x="0" scY="1" y="0" pX="0" pY="0" skX="0" skY="0"/>
    </frame>
   </timeline>
   <timeline pX="0" name="Layer 6" pY="0" scale="1" offset="0">
    <frame displayIndex="-1" duration="68"/>
    <frame z="0" duration="1">
     <transform scX="1" x="0" scY="1" y="0" pX="0" pY="0" skX="0" skY="0"/>
     <colorTransform bM="100" gO="0" bO="0" aM="0" rM="100" aO="0" gM="100" rO="0"/>
    </frame>
    <frame z="0" duration="1">
     <transform scX="1" x="0" scY="1" y="0" pX="0" pY="0" skX="0" skY="0"/>
     <colorTransform bM="100" gO="0" bO="0" aM="3" rM="100" aO="0" gM="100" rO="0"/>
    </frame>
    <frame z="0" duration="1">
     <transform scX="1" x="0" scY="1" y="0" pX="0" pY="0" skX="0" skY="0"/>
     <colorTransform bM="100" gO="0" bO="0" aM="6" rM="100" aO="0" gM="100" rO="0"/>
    </frame>
    <frame z="0" duration="1">
     <transform scX="1" x="0" scY="1" y="0" pX="0" pY="0" skX="0" skY="0"/>
     <colorTransform bM="100" gO="0" bO="0" aM="9" rM="100" aO="0" gM="100" rO="0"/>
    </frame>
    <frame z="0" duration="1">
     <transform scX="1" x="0" scY="1" y="0" pX="0" pY="0" skX="0" skY="0"/>
     <colorTransform bM="100" gO="0" bO="0" aM="12" rM="100" aO="0" gM="100" rO="0"/>
    </frame>
    <frame z="0" duration="1">
     <transform scX="1" x="0" scY="1" y="0" pX="0" pY="0" skX="0" skY="0"/>
     <colorTransform bM="100" gO="0" bO="0" aM="15" rM="100" aO="0" gM="100" rO="0"/>
    </frame>
    <frame z="0" duration="1">
     <transform scX="1" x="0" scY="1" y="0" pX="0" pY="0" skX="0" skY="0"/>
     <colorTransform bM="100" gO="0" bO="0" aM="18" rM="100" aO="0" gM="100" rO="0"/>
    </frame>
    <frame z="0" duration="1">
     <transform scX="1" x="0" scY="1" y="0" pX="0" pY="0" skX="0" skY="0"/>
     <colorTransform bM="100" gO="0" bO="0" aM="21" rM="100" aO="0" gM="100" rO="0"/>
    </frame>
    <frame z="0" duration="1">
     <transform scX="1" x="0" scY="1" y="0" pX="0" pY="0" skX="0" skY="0"/>
     <colorTransform bM="100" gO="0" bO="0" aM="24" rM="100" aO="0" gM="100" rO="0"/>
    </frame>
    <frame z="0" duration="1">
     <transform scX="1" x="0" scY="1" y="0" pX="0" pY="0" skX="0" skY="0"/>
     <colorTransform bM="100" gO="0" bO="0" aM="27" rM="100" aO="0" gM="100" rO="0"/>
    </frame>
    <frame z="0" duration="1">
     <transform scX="1" x="0" scY="1" y="0" pX="0" pY="0" skX="0" skY="0"/>
     <colorTransform bM="100" gO="0" bO="0" aM="30" rM="100" aO="0" gM="100" rO="0"/>
    </frame>
    <frame z="0" duration="1">
     <transform scX="1" x="0" scY="1" y="0" pX="0" pY="0" skX="0" skY="0"/>
     <colorTransform bM="100" gO="0" bO="0" aM="33" rM="100" aO="0" gM="100" rO="0"/>
    </frame>
    <frame z="0" duration="1">
     <transform scX="1" x="0" scY="1" y="0" pX="0" pY="0" skX="0" skY="0"/>
     <colorTransform bM="100" gO="0" bO="0" aM="36" rM="100" aO="0" gM="100" rO="0"/>
    </frame>
    <frame z="0" duration="1">
     <transform scX="1" x="0" scY="1" y="0" pX="0" pY="0" skX="0" skY="0"/>
     <colorTransform bM="100" gO="0" bO="0" aM="39" rM="100" aO="0" gM="100" rO="0"/>
    </frame>
    <frame z="0" duration="1">
     <transform scX="1" x="0" scY="1" y="0" pX="0" pY="0" skX="0" skY="0"/>
     <colorTransform bM="100" gO="0" bO="0" aM="43" rM="100" aO="0" gM="100" rO="0"/>
    </frame>
    <frame z="0" duration="1">
     <transform scX="1" x="0" scY="1" y="0" pX="0" pY="0" skX="0" skY="0"/>
     <colorTransform bM="100" gO="0" bO="0" aM="45" rM="100" aO="0" gM="100" rO="0"/>
    </frame>
    <frame z="0" duration="1">
     <transform scX="1" x="0" scY="1" y="0" pX="0" pY="0" skX="0" skY="0"/>
     <colorTransform bM="100" gO="0" bO="0" aM="48" rM="100" aO="0" gM="100" rO="0"/>
    </frame>
    <frame z="0" duration="1">
     <transform scX="1" x="0" scY="1" y="0" pX="0" pY="0" skX="0" skY="0"/>
     <colorTransform bM="100" gO="0" bO="0" aM="52" rM="100" aO="0" gM="100" rO="0"/>
    </frame>
    <frame z="0" duration="1">
     <transform scX="1" x="0" scY="1" y="0" pX="0" pY="0" skX="0" skY="0"/>
     <colorTransform bM="100" gO="0" bO="0" aM="55" rM="100" aO="0" gM="100" rO="0"/>
    </frame>
    <frame z="0" duration="1">
     <transform scX="1" x="0" scY="1" y="0" pX="0" pY="0" skX="0" skY="0"/>
     <colorTransform bM="100" gO="0" bO="0" aM="57" rM="100" aO="0" gM="100" rO="0"/>
    </frame>
    <frame z="0" duration="1">
     <transform scX="1" x="0" scY="1" y="0" pX="0" pY="0" skX="0" skY="0"/>
     <colorTransform bM="100" gO="0" bO="0" aM="61" rM="100" aO="0" gM="100" rO="0"/>
    </frame>
    <frame z="0" duration="1">
     <transform scX="1" x="0" scY="1" y="0" pX="0" pY="0" skX="0" skY="0"/>
     <colorTransform bM="100" gO="0" bO="0" aM="64" rM="100" aO="0" gM="100" rO="0"/>
    </frame>
    <frame z="0" duration="1">
     <transform scX="1" x="0" scY="1" y="0" pX="0" pY="0" skX="0" skY="0"/>
     <colorTransform bM="100" gO="0" bO="0" aM="67" rM="100" aO="0" gM="100" rO="0"/>
    </frame>
    <frame z="0" duration="1">
     <transform scX="1" x="0" scY="1" y="0" pX="0" pY="0" skX="0" skY="0"/>
     <colorTransform bM="100" gO="0" bO="0" aM="70" rM="100" aO="0" gM="100" rO="0"/>
    </frame>
    <frame z="0" duration="1">
     <transform scX="1" x="0" scY="1" y="0" pX="0" pY="0" skX="0" skY="0"/>
     <colorTransform bM="100" gO="0" bO="0" aM="73" rM="100" aO="0" gM="100" rO="0"/>
    </frame>
    <frame z="0" duration="1">
     <transform scX="1" x="0" scY="1" y="0" pX="0" pY="0" skX="0" skY="0"/>
     <colorTransform bM="100" gO="0" bO="0" aM="76" rM="100" aO="0" gM="100" rO="0"/>
    </frame>
    <frame z="0" duration="1">
     <transform scX="1" x="0" scY="1" y="0" pX="0" pY="0" skX="0" skY="0"/>
     <colorTransform bM="100" gO="0" bO="0" aM="79" rM="100" aO="0" gM="100" rO="0"/>
    </frame>
    <frame z="0" duration="1">
     <transform scX="1" x="0" scY="1" y="0" pX="0" pY="0" skX="0" skY="0"/>
     <colorTransform bM="100" gO="0" bO="0" aM="82" rM="100" aO="0" gM="100" rO="0"/>
    </frame>
    <frame z="0" duration="1">
     <transform scX="1" x="0" scY="1" y="0" pX="0" pY="0" skX="0" skY="0"/>
     <colorTransform bM="100" gO="0" bO="0" aM="85" rM="100" aO="0" gM="100" rO="0"/>
    </frame>
    <frame z="0" duration="1">
     <transform scX="1" x="0" scY="1" y="0" pX="0" pY="0" skX="0" skY="0"/>
     <colorTransform bM="100" gO="0" bO="0" aM="88" rM="100" aO="0" gM="100" rO="0"/>
    </frame>
    <frame z="0" duration="1">
     <transform scX="1" x="0" scY="1" y="0" pX="0" pY="0" skX="0" skY="0"/>
     <colorTransform bM="100" gO="0" bO="0" aM="91" rM="100" aO="0" gM="100" rO="0"/>
    </frame>
    <frame z="0" duration="1">
     <transform scX="1" x="0" scY="1" y="0" pX="0" pY="0" skX="0" skY="0"/>
     <colorTransform bM="100" gO="0" bO="0" aM="94" rM="100" aO="0" gM="100" rO="0"/>
    </frame>
    <frame z="0" duration="1">
     <transform scX="1" x="0" scY="1" y="0" pX="0" pY="0" skX="0" skY="0"/>
     <colorTransform bM="100" gO="0" bO="0" aM="97" rM="100" aO="0" gM="100" rO="0"/>
    </frame>
    <frame z="0" duration="508">
     <transform scX="1" x="0" scY="1" y="0" pX="0" pY="0" skX="0" skY="0"/>
    </frame>
   </timeline>
   <timeline pX="0" name="Layer 5" pY="0" scale="1" offset="0">
    <frame displayIndex="-1" duration="282"/>
    <frame z="0" duration="1">
     <transform scX="1" x="0" scY="1" y="0" pX="0" pY="0" skX="0" skY="0"/>
     <colorTransform bM="100" gO="0" bO="0" aM="0" rM="100" aO="0" gM="100" rO="0"/>
    </frame>
    <frame z="0" duration="1">
     <transform scX="1" x="0" scY="1" y="0" pX="0" pY="0" skX="0" skY="0"/>
     <colorTransform bM="100" gO="0" bO="0" aM="3" rM="100" aO="0" gM="100" rO="0"/>
    </frame>
    <frame z="0" duration="1">
     <transform scX="1" x="0" scY="1" y="0" pX="0" pY="0" skX="0" skY="0"/>
     <colorTransform bM="100" gO="0" bO="0" aM="6" rM="100" aO="0" gM="100" rO="0"/>
    </frame>
    <frame z="0" duration="1">
     <transform scX="1" x="0" scY="1" y="0" pX="0" pY="0" skX="0" skY="0"/>
     <colorTransform bM="100" gO="0" bO="0" aM="9" rM="100" aO="0" gM="100" rO="0"/>
    </frame>
    <frame z="0" duration="1">
     <transform scX="1" x="0" scY="1" y="0" pX="0" pY="0" skX="0" skY="0"/>
     <colorTransform bM="100" gO="0" bO="0" aM="12" rM="100" aO="0" gM="100" rO="0"/>
    </frame>
    <frame z="0" duration="1">
     <transform scX="1" x="0" scY="1" y="0" pX="0" pY="0" skX="0" skY="0"/>
     <colorTransform bM="100" gO="0" bO="0" aM="15" rM="100" aO="0" gM="100" rO="0"/>
    </frame>
    <frame z="0" duration="1">
     <transform scX="1" x="0" scY="1" y="0" pX="0" pY="0" skX="0" skY="0"/>
     <colorTransform bM="100" gO="0" bO="0" aM="18" rM="100" aO="0" gM="100" rO="0"/>
    </frame>
    <frame z="0" duration="1">
     <transform scX="1" x="0" scY="1" y="0" pX="0" pY="0" skX="0" skY="0"/>
     <colorTransform bM="100" gO="0" bO="0" aM="21" rM="100" aO="0" gM="100" rO="0"/>
    </frame>
    <frame z="0" duration="1">
     <transform scX="1" x="0" scY="1" y="0" pX="0" pY="0" skX="0" skY="0"/>
     <colorTransform bM="100" gO="0" bO="0" aM="24" rM="100" aO="0" gM="100" rO="0"/>
    </frame>
    <frame z="0" duration="1">
     <transform scX="1" x="0" scY="1" y="0" pX="0" pY="0" skX="0" skY="0"/>
     <colorTransform bM="100" gO="0" bO="0" aM="27" rM="100" aO="0" gM="100" rO="0"/>
    </frame>
    <frame z="0" duration="1">
     <transform scX="1" x="0" scY="1" y="0" pX="0" pY="0" skX="0" skY="0"/>
     <colorTransform bM="100" gO="0" bO="0" aM="30" rM="100" aO="0" gM="100" rO="0"/>
    </frame>
    <frame z="0" duration="1">
     <transform scX="1" x="0" scY="1" y="0" pX="0" pY="0" skX="0" skY="0"/>
     <colorTransform bM="100" gO="0" bO="0" aM="33" rM="100" aO="0" gM="100" rO="0"/>
    </frame>
    <frame z="0" duration="1">
     <transform scX="1" x="0" scY="1" y="0" pX="0" pY="0" skX="0" skY="0"/>
     <colorTransform bM="100" gO="0" bO="0" aM="36" rM="100" aO="0" gM="100" rO="0"/>
    </frame>
    <frame z="0" duration="1">
     <transform scX="1" x="0" scY="1" y="0" pX="0" pY="0" skX="0" skY="0"/>
     <colorTransform bM="100" gO="0" bO="0" aM="39" rM="100" aO="0" gM="100" rO="0"/>
    </frame>
    <frame z="0" duration="1">
     <transform scX="1" x="0" scY="1" y="0" pX="0" pY="0" skX="0" skY="0"/>
     <colorTransform bM="100" gO="0" bO="0" aM="43" rM="100" aO="0" gM="100" rO="0"/>
    </frame>
    <frame z="0" duration="1">
     <transform scX="1" x="0" scY="1" y="0" pX="0" pY="0" skX="0" skY="0"/>
     <colorTransform bM="100" gO="0" bO="0" aM="45" rM="100" aO="0" gM="100" rO="0"/>
    </frame>
    <frame z="0" duration="1">
     <transform scX="1" x="0" scY="1" y="0" pX="0" pY="0" skX="0" skY="0"/>
     <colorTransform bM="100" gO="0" bO="0" aM="48" rM="100" aO="0" gM="100" rO="0"/>
    </frame>
    <frame z="0" duration="1">
     <transform scX="1" x="0" scY="1" y="0" pX="0" pY="0" skX="0" skY="0"/>
     <colorTransform bM="100" gO="0" bO="0" aM="52" rM="100" aO="0" gM="100" rO="0"/>
    </frame>
    <frame z="0" duration="1">
     <transform scX="1" x="0" scY="1" y="0" pX="0" pY="0" skX="0" skY="0"/>
     <colorTransform bM="100" gO="0" bO="0" aM="55" rM="100" aO="0" gM="100" rO="0"/>
    </frame>
    <frame z="0" duration="1">
     <transform scX="1" x="0" scY="1" y="0" pX="0" pY="0" skX="0" skY="0"/>
     <colorTransform bM="100" gO="0" bO="0" aM="57" rM="100" aO="0" gM="100" rO="0"/>
    </frame>
    <frame z="0" duration="1">
     <transform scX="1" x="0" scY="1" y="0" pX="0" pY="0" skX="0" skY="0"/>
     <colorTransform bM="100" gO="0" bO="0" aM="61" rM="100" aO="0" gM="100" rO="0"/>
    </frame>
    <frame z="0" duration="1">
     <transform scX="1" x="0" scY="1" y="0" pX="0" pY="0" skX="0" skY="0"/>
     <colorTransform bM="100" gO="0" bO="0" aM="64" rM="100" aO="0" gM="100" rO="0"/>
    </frame>
    <frame z="0" duration="1">
     <transform scX="1" x="0" scY="1" y="0" pX="0" pY="0" skX="0" skY="0"/>
     <colorTransform bM="100" gO="0" bO="0" aM="67" rM="100" aO="0" gM="100" rO="0"/>
    </frame>
    <frame z="0" duration="1">
     <transform scX="1" x="0" scY="1" y="0" pX="0" pY="0" skX="0" skY="0"/>
     <colorTransform bM="100" gO="0" bO="0" aM="70" rM="100" aO="0" gM="100" rO="0"/>
    </frame>
    <frame z="0" duration="1">
     <transform scX="1" x="0" scY="1" y="0" pX="0" pY="0" skX="0" skY="0"/>
     <colorTransform bM="100" gO="0" bO="0" aM="73" rM="100" aO="0" gM="100" rO="0"/>
    </frame>
    <frame z="0" duration="1">
     <transform scX="1" x="0" scY="1" y="0" pX="0" pY="0" skX="0" skY="0"/>
     <colorTransform bM="100" gO="0" bO="0" aM="76" rM="100" aO="0" gM="100" rO="0"/>
    </frame>
    <frame z="0" duration="1">
     <transform scX="1" x="0" scY="1" y="0" pX="0" pY="0" skX="0" skY="0"/>
     <colorTransform bM="100" gO="0" bO="0" aM="79" rM="100" aO="0" gM="100" rO="0"/>
    </frame>
    <frame z="0" duration="1">
     <transform scX="1" x="0" scY="1" y="0" pX="0" pY="0" skX="0" skY="0"/>
     <colorTransform bM="100" gO="0" bO="0" aM="82" rM="100" aO="0" gM="100" rO="0"/>
    </frame>
    <frame z="0" duration="1">
     <transform scX="1" x="0" scY="1" y="0" pX="0" pY="0" skX="0" skY="0"/>
     <colorTransform bM="100" gO="0" bO="0" aM="85" rM="100" aO="0" gM="100" rO="0"/>
    </frame>
    <frame z="0" duration="1">
     <transform scX="1" x="0" scY="1" y="0" pX="0" pY="0" skX="0" skY="0"/>
     <colorTransform bM="100" gO="0" bO="0" aM="88" rM="100" aO="0" gM="100" rO="0"/>
    </frame>
    <frame z="0" duration="1">
     <transform scX="1" x="0" scY="1" y="0" pX="0" pY="0" skX="0" skY="0"/>
     <colorTransform bM="100" gO="0" bO="0" aM="91" rM="100" aO="0" gM="100" rO="0"/>
    </frame>
    <frame z="0" duration="1">
     <transform scX="1" x="0" scY="1" y="0" pX="0" pY="0" skX="0" skY="0"/>
     <colorTransform bM="100" gO="0" bO="0" aM="94" rM="100" aO="0" gM="100" rO="0"/>
    </frame>
    <frame z="0" duration="1">
     <transform scX="1" x="0" scY="1" y="0" pX="0" pY="0" skX="0" skY="0"/>
     <colorTransform bM="100" gO="0" bO="0" aM="97" rM="100" aO="0" gM="100" rO="0"/>
    </frame>
    <frame z="0" duration="294">
     <transform scX="1" x="0" scY="1" y="0" pX="0" pY="0" skX="0" skY="0"/>
    </frame>
   </timeline>
   <timeline pX="0" name="Layer 4" pY="0" scale="1" offset="0">
    <frame displayIndex="-1" duration="545"/>
    <frame z="0" duration="1">
     <transform scX="1" x="0" scY="1" y="0" pX="0" pY="0" skX="0" skY="0"/>
     <colorTransform bM="100" gO="0" bO="0" aM="0" rM="100" aO="0" gM="100" rO="0"/>
    </frame>
    <frame z="0" duration="1">
     <transform scX="1" x="0" scY="1" y="0" pX="0" pY="0" skX="0" skY="0"/>
     <colorTransform bM="100" gO="0" bO="0" aM="3" rM="100" aO="0" gM="100" rO="0"/>
    </frame>
    <frame z="0" duration="1">
     <transform scX="1" x="0" scY="1" y="0" pX="0" pY="0" skX="0" skY="0"/>
     <colorTransform bM="100" gO="0" bO="0" aM="7" rM="100" aO="0" gM="100" rO="0"/>
    </frame>
    <frame z="0" duration="1">
     <transform scX="1" x="0" scY="1" y="0" pX="0" pY="0" skX="0" skY="0"/>
     <colorTransform bM="100" gO="0" bO="0" aM="10" rM="100" aO="0" gM="100" rO="0"/>
    </frame>
    <frame z="0" duration="1">
     <transform scX="1" x="0" scY="1" y="0" pX="0" pY="0" skX="0" skY="0"/>
     <colorTransform bM="100" gO="0" bO="0" aM="13" rM="100" aO="0" gM="100" rO="0"/>
    </frame>
    <frame z="0" duration="1">
     <transform scX="1" x="0" scY="1" y="0" pX="0" pY="0" skX="0" skY="0"/>
     <colorTransform bM="100" gO="0" bO="0" aM="16" rM="100" aO="0" gM="100" rO="0"/>
    </frame>
    <frame z="0" duration="1">
     <transform scX="1" x="0" scY="1" y="0" pX="0" pY="0" skX="0" skY="0"/>
     <colorTransform bM="100" gO="0" bO="0" aM="20" rM="100" aO="0" gM="100" rO="0"/>
    </frame>
    <frame z="0" duration="1">
     <transform scX="1" x="0" scY="1" y="0" pX="0" pY="0" skX="0" skY="0"/>
     <colorTransform bM="100" gO="0" bO="0" aM="23" rM="100" aO="0" gM="100" rO="0"/>
    </frame>
    <frame z="0" duration="1">
     <transform scX="1" x="0" scY="1" y="0" pX="0" pY="0" skX="0" skY="0"/>
     <colorTransform bM="100" gO="0" bO="0" aM="26" rM="100" aO="0" gM="100" rO="0"/>
    </frame>
    <frame z="0" duration="1">
     <transform scX="1" x="0" scY="1" y="0" pX="0" pY="0" skX="0" skY="0"/>
     <colorTransform bM="100" gO="0" bO="0" aM="29" rM="100" aO="0" gM="100" rO="0"/>
    </frame>
    <frame z="0" duration="1">
     <transform scX="1" x="0" scY="1" y="0" pX="0" pY="0" skX="0" skY="0"/>
     <colorTransform bM="100" gO="0" bO="0" aM="32" rM="100" aO="0" gM="100" rO="0"/>
    </frame>
    <frame z="0" duration="1">
     <transform scX="1" x="0" scY="1" y="0" pX="0" pY="0" skX="0" skY="0"/>
     <colorTransform bM="100" gO="0" bO="0" aM="36" rM="100" aO="0" gM="100" rO="0"/>
    </frame>
    <frame z="0" duration="1">
     <transform scX="1" x="0" scY="1" y="0" pX="0" pY="0" skX="0" skY="0"/>
     <colorTransform bM="100" gO="0" bO="0" aM="39" rM="100" aO="0" gM="100" rO="0"/>
    </frame>
    <frame z="0" duration="1">
     <transform scX="1" x="0" scY="1" y="0" pX="0" pY="0" skX="0" skY="0"/>
     <colorTransform bM="100" gO="0" bO="0" aM="42" rM="100" aO="0" gM="100" rO="0"/>
    </frame>
    <frame z="0" duration="1">
     <transform scX="1" x="0" scY="1" y="0" pX="0" pY="0" skX="0" skY="0"/>
     <colorTransform bM="100" gO="0" bO="0" aM="45" rM="100" aO="0" gM="100" rO="0"/>
    </frame>
    <frame z="0" duration="1">
     <transform scX="1" x="0" scY="1" y="0" pX="0" pY="0" skX="0" skY="0"/>
     <colorTransform bM="100" gO="0" bO="0" aM="48" rM="100" aO="0" gM="100" rO="0"/>
    </frame>
    <frame z="0" duration="1">
     <transform scX="1" x="0" scY="1" y="0" pX="0" pY="0" skX="0" skY="0"/>
     <colorTransform bM="100" gO="0" bO="0" aM="52" rM="100" aO="0" gM="100" rO="0"/>
    </frame>
    <frame z="0" duration="1">
     <transform scX="1" x="0" scY="1" y="0" pX="0" pY="0" skX="0" skY="0"/>
     <colorTransform bM="100" gO="0" bO="0" aM="55" rM="100" aO="0" gM="100" rO="0"/>
    </frame>
    <frame z="0" duration="1">
     <transform scX="1" x="0" scY="1" y="0" pX="0" pY="0" skX="0" skY="0"/>
     <colorTransform bM="100" gO="0" bO="0" aM="58" rM="100" aO="0" gM="100" rO="0"/>
    </frame>
    <frame z="0" duration="1">
     <transform scX="1" x="0" scY="1" y="0" pX="0" pY="0" skX="0" skY="0"/>
     <colorTransform bM="100" gO="0" bO="0" aM="61" rM="100" aO="0" gM="100" rO="0"/>
    </frame>
    <frame z="0" duration="1">
     <transform scX="1" x="0" scY="1" y="0" pX="0" pY="0" skX="0" skY="0"/>
     <colorTransform bM="100" gO="0" bO="0" aM="64" rM="100" aO="0" gM="100" rO="0"/>
    </frame>
    <frame z="0" duration="1">
     <transform scX="1" x="0" scY="1" y="0" pX="0" pY="0" skX="0" skY="0"/>
     <colorTransform bM="100" gO="0" bO="0" aM="68" rM="100" aO="0" gM="100" rO="0"/>
    </frame>
    <frame z="0" duration="1">
     <transform scX="1" x="0" scY="1" y="0" pX="0" pY="0" skX="0" skY="0"/>
     <colorTransform bM="100" gO="0" bO="0" aM="71" rM="100" aO="0" gM="100" rO="0"/>
    </frame>
    <frame z="0" duration="1">
     <transform scX="1" x="0" scY="1" y="0" pX="0" pY="0" skX="0" skY="0"/>
     <colorTransform bM="100" gO="0" bO="0" aM="74" rM="100" aO="0" gM="100" rO="0"/>
    </frame>
    <frame z="0" duration="1">
     <transform scX="1" x="0" scY="1" y="0" pX="0" pY="0" skX="0" skY="0"/>
     <colorTransform bM="100" gO="0" bO="0" aM="77" rM="100" aO="0" gM="100" rO="0"/>
    </frame>
    <frame z="0" duration="1">
     <transform scX="1" x="0" scY="1" y="0" pX="0" pY="0" skX="0" skY="0"/>
     <colorTransform bM="100" gO="0" bO="0" aM="80" rM="100" aO="0" gM="100" rO="0"/>
    </frame>
    <frame z="0" duration="1">
     <transform scX="1" x="0" scY="1" y="0" pX="0" pY="0" skX="0" skY="0"/>
     <colorTransform bM="100" gO="0" bO="0" aM="84" rM="100" aO="0" gM="100" rO="0"/>
    </frame>
    <frame z="0" duration="1">
     <transform scX="1" x="0" scY="1" y="0" pX="0" pY="0" skX="0" skY="0"/>
     <colorTransform bM="100" gO="0" bO="0" aM="87" rM="100" aO="0" gM="100" rO="0"/>
    </frame>
    <frame z="0" duration="1">
     <transform scX="1" x="0" scY="1" y="0" pX="0" pY="0" skX="0" skY="0"/>
     <colorTransform bM="100" gO="0" bO="0" aM="90" rM="100" aO="0" gM="100" rO="0"/>
    </frame>
    <frame z="0" duration="1">
     <transform scX="1" x="0" scY="1" y="0" pX="0" pY="0" skX="0" skY="0"/>
     <colorTransform bM="100" gO="0" bO="0" aM="93" rM="100" aO="0" gM="100" rO="0"/>
    </frame>
    <frame z="0" duration="1">
     <transform scX="1" x="0" scY="1" y="0" pX="0" pY="0" skX="0" skY="0"/>
     <colorTransform bM="100" gO="0" bO="0" aM="97" rM="100" aO="0" gM="100" rO="0"/>
    </frame>
    <frame z="0" duration="33">
     <transform scX="1" x="0" scY="1" y="0" pX="0" pY="0" skX="0" skY="0"/>
    </frame>
   </timeline>
   <timeline pX="0" name="Layer 3" pY="0" scale="1" offset="0">
    <frame displayIndex="-1" duration="587"/>
    <frame z="0" duration="1">
     <transform scX="1" x="0" scY="1" y="0" pX="0" pY="0" skX="0" skY="0"/>
     <colorTransform bM="100" gO="0" bO="0" aM="0" rM="100" aO="0" gM="100" rO="0"/>
    </frame>
    <frame z="0" duration="1">
     <transform scX="1" x="0" scY="1" y="0" pX="0" pY="0" skX="0" skY="0"/>
     <colorTransform bM="100" gO="0" bO="0" aM="5" rM="100" aO="0" gM="100" rO="0"/>
    </frame>
    <frame z="0" duration="1">
     <transform scX="1" x="0" scY="1" y="0" pX="0" pY="0" skX="0" skY="0"/>
     <colorTransform bM="100" gO="0" bO="0" aM="9" rM="100" aO="0" gM="100" rO="0"/>
    </frame>
    <frame z="0" duration="1">
     <transform scX="1" x="0" scY="1" y="0" pX="0" pY="0" skX="0" skY="0"/>
     <colorTransform bM="100" gO="0" bO="0" aM="14" rM="100" aO="0" gM="100" rO="0"/>
    </frame>
    <frame z="0" duration="1">
     <transform scX="1" x="0" scY="1" y="0" pX="0" pY="0" skX="0" skY="0"/>
     <colorTransform bM="100" gO="0" bO="0" aM="19" rM="100" aO="0" gM="100" rO="0"/>
    </frame>
    <frame z="0" duration="1">
     <transform scX="1" x="0" scY="1" y="0" pX="0" pY="0" skX="0" skY="0"/>
     <colorTransform bM="100" gO="0" bO="0" aM="24" rM="100" aO="0" gM="100" rO="0"/>
    </frame>
    <frame z="0" duration="1">
     <transform scX="1" x="0" scY="1" y="0" pX="0" pY="0" skX="0" skY="0"/>
     <colorTransform bM="100" gO="0" bO="0" aM="29" rM="100" aO="0" gM="100" rO="0"/>
    </frame>
    <frame z="0" duration="1">
     <transform scX="1" x="0" scY="1" y="0" pX="0" pY="0" skX="0" skY="0"/>
     <colorTransform bM="100" gO="0" bO="0" aM="33" rM="100" aO="0" gM="100" rO="0"/>
    </frame>
    <frame z="0" duration="1">
     <transform scX="1" x="0" scY="1" y="0" pX="0" pY="0" skX="0" skY="0"/>
     <colorTransform bM="100" gO="0" bO="0" aM="38" rM="100" aO="0" gM="100" rO="0"/>
    </frame>
    <frame z="0" duration="1">
     <transform scX="1" x="0" scY="1" y="0" pX="0" pY="0" skX="0" skY="0"/>
     <colorTransform bM="100" gO="0" bO="0" aM="43" rM="100" aO="0" gM="100" rO="0"/>
    </frame>
    <frame z="0" duration="1">
     <transform scX="1" x="0" scY="1" y="0" pX="0" pY="0" skX="0" skY="0"/>
     <colorTransform bM="100" gO="0" bO="0" aM="48" rM="100" aO="0" gM="100" rO="0"/>
    </frame>
    <frame z="0" duration="1">
     <transform scX="1" x="0" scY="1" y="0" pX="0" pY="0" skX="0" skY="0"/>
     <colorTransform bM="100" gO="0" bO="0" aM="52" rM="100" aO="0" gM="100" rO="0"/>
    </frame>
    <frame z="0" duration="1">
     <transform scX="1" x="0" scY="1" y="0" pX="0" pY="0" skX="0" skY="0"/>
     <colorTransform bM="100" gO="0" bO="0" aM="57" rM="100" aO="0" gM="100" rO="0"/>
    </frame>
    <frame z="0" duration="1">
     <transform scX="1" x="0" scY="1" y="0" pX="0" pY="0" skX="0" skY="0"/>
     <colorTransform bM="100" gO="0" bO="0" aM="62" rM="100" aO="0" gM="100" rO="0"/>
    </frame>
    <frame z="0" duration="1">
     <transform scX="1" x="0" scY="1" y="0" pX="0" pY="0" skX="0" skY="0"/>
     <colorTransform bM="100" gO="0" bO="0" aM="67" rM="100" aO="0" gM="100" rO="0"/>
    </frame>
    <frame z="0" duration="1">
     <transform scX="1" x="0" scY="1" y="0" pX="0" pY="0" skX="0" skY="0"/>
     <colorTransform bM="100" gO="0" bO="0" aM="71" rM="100" aO="0" gM="100" rO="0"/>
    </frame>
    <frame z="0" duration="1">
     <transform scX="1" x="0" scY="1" y="0" pX="0" pY="0" skX="0" skY="0"/>
     <colorTransform bM="100" gO="0" bO="0" aM="76" rM="100" aO="0" gM="100" rO="0"/>
    </frame>
    <frame z="0" duration="1">
     <transform scX="1" x="0" scY="1" y="0" pX="0" pY="0" skX="0" skY="0"/>
     <colorTransform bM="100" gO="0" bO="0" aM="81" rM="100" aO="0" gM="100" rO="0"/>
    </frame>
    <frame z="0" duration="1">
     <transform scX="1" x="0" scY="1" y="0" pX="0" pY="0" skX="0" skY="0"/>
     <colorTransform bM="100" gO="0" bO="0" aM="86" rM="100" aO="0" gM="100" rO="0"/>
    </frame>
    <frame z="0" duration="1">
     <transform scX="1" x="0" scY="1" y="0" pX="0" pY="0" skX="0" skY="0"/>
     <colorTransform bM="100" gO="0" bO="0" aM="91" rM="100" aO="0" gM="100" rO="0"/>
    </frame>
    <frame z="0" duration="1">
     <transform scX="1" x="0" scY="1" y="0" pX="0" pY="0" skX="0" skY="0"/>
     <colorTransform bM="100" gO="0" bO="0" aM="95" rM="100" aO="0" gM="100" rO="0"/>
    </frame>
    <frame z="0" duration="1">
     <transform scX="1" x="0" scY="1" y="0" pX="0" pY="0" skX="0" skY="0"/>
    </frame>
   </timeline>
   <timeline pX="0" name="sounds_control_cl" pY="0" scale="1" offset="0">
    <frame z="0" duration="609">
     <transform scX="1" x="0" scY="1" y="0" pX="0" pY="0" skX="0" skY="0"/>
    </frame>
   </timeline>
   <timeline pX="0" name="play_bt" pY="0" scale="1" offset="0">
    <frame z="0" duration="609">
     <transform scX="1" x="0" scY="1" y="0" pX="0" pY="0" skX="0" skY="0"/>
    </frame>
   </timeline>
  </animation>
 </armature>
</root>