<root name="cloak_cl" isGlobal="0" frameRate="30" version="3.0">
 <armature name="cloak_cl">
  <skin name="default">
   <slot name="Layer 1" z="0" parent="Layer 1">
    <display name="MovieClip/sprite 206" type="image">
     <transform x="0" pX="59.4" pY="55" skX="0" skY="0" scX="1" y="0" scY="1"/>
    </display>
    <display name="Graphic/shape 207" type="image">
     <transform x="0" pX="17.15" pY="11.15" skX="0" skY="0" scX="1" y="0" scY="1"/>
    </display>
    <display name="Graphic/shape 208" type="image">
     <transform x="0" pX="16.25" pY="12" skX="0" skY="0" scX="1" y="0" scY="1"/>
    </display>
    <display name="Graphic/shape 209" type="image">
     <transform x="0" pX="12.75" pY="12.3" skX="0" skY="0" scX="1" y="0" scY="1"/>
    </display>
    <display name="Graphic/shape 210" type="image">
     <transform x="0" pX="17.4" pY="10.85" skX="0" skY="0" scX="1" y="0" scY="1"/>
    </display>
    <display name="Graphic/shape 211" type="image">
     <transform x="0" pX="16.5" pY="11.2" skX="0" skY="0" scX="1" y="0" scY="1"/>
    </display>
    <display name="Graphic/shape 212" type="image">
     <transform x="0" pX="22.9" pY="18.8" skX="0" skY="0" scX="1" y="0" scY="1"/>
    </display>
    <display name="Graphic/shape 213" type="image">
     <transform x="0" pX="15.85" pY="8.75" skX="0" skY="0" scX="1" y="0" scY="1"/>
    </display>
    <display name="Graphic/shape 214" type="image">
     <transform x="0" pX="22.65" pY="21" skX="0" skY="0" scX="1" y="0" scY="1"/>
    </display>
    <display name="Graphic/shape 215" type="image">
     <transform x="0" pX="37.2" pY="21.6" skX="0" skY="0" scX="1" y="0" scY="1"/>
    </display>
    <display name="Graphic/shape 216" type="image">
     <transform x="0" pX="41.5" pY="13.1" skX="0" skY="0" scX="1" y="0" scY="1"/>
    </display>
    <display name="Graphic/shape 217" type="image">
     <transform x="0" pX="27.65" pY="16.15" skX="0" skY="0" scX="1" y="0" scY="1"/>
    </display>
    <display name="Graphic/shape 218" type="image">
     <transform x="0" pX="17.95" pY="12.2" skX="0" skY="0" scX="1" y="0" scY="1"/>
    </display>
    <display name="Graphic/shape 219" type="image">
     <transform x="0" pX="18.6" pY="10.65" skX="0" skY="0" scX="1" y="0" scY="1"/>
    </display>
    <display name="Graphic/shape 220" type="image">
     <transform x="0" pX="18" pY="12.1" skX="0" skY="0" scX="1" y="0" scY="1"/>
    </display>
    <display name="Graphic/shape 221" type="image">
     <transform x="0" pX="27.95" pY="14.1" skX="0" skY="0" scX="1" y="0" scY="1"/>
    </display>
    <display name="Graphic/shape 222" type="image">
     <transform x="0" pX="15.9" pY="12.8" skX="0" skY="0" scX="1" y="0" scY="1"/>
    </display>
    <display name="Graphic/shape 223" type="image">
     <transform x="0" pX="24.15" pY="19.85" skX="0" skY="0" scX="1" y="0" scY="1"/>
    </display>
    <display name="Graphic/shape 224" type="image">
     <transform x="0" pX="13.35" pY="12.45" skX="0" skY="0" scX="1" y="0" scY="1"/>
    </display>
    <display name="Graphic/shape 225" type="image">
     <transform x="0" pX="18.45" pY="12.25" skX="0" skY="0" scX="1" y="0" scY="1"/>
    </display>
    <display name="Graphic/shape 226" type="image">
     <transform x="0" pX="19.05" pY="11.65" skX="0" skY="0" scX="1" y="0" scY="1"/>
    </display>
    <display name="Graphic/shape 227" type="image">
     <transform x="0" pX="22.95" pY="16.1" skX="0" skY="0" scX="1" y="0" scY="1"/>
    </display>
    <display name="Graphic/shape 228" type="image">
     <transform x="0" pX="18.55" pY="12.15" skX="0" skY="0" scX="1" y="0" scY="1"/>
    </display>
    <display name="Graphic/shape 229" type="image">
     <transform x="0" pX="31.9" pY="31.8" skX="0" skY="0" scX="1" y="0" scY="1"/>
    </display>
    <display name="Graphic/shape 230" type="image">
     <transform x="0" pX="28.55" pY="18.75" skX="0" skY="0" scX="1" y="0" scY="1"/>
    </display>
    <display name="Graphic/shape 231" type="image">
     <transform x="0" pX="27.75" pY="11.95" skX="0" skY="0" scX="1" y="0" scY="1"/>
    </display>
    <display name="Graphic/shape 232" type="image">
     <transform x="0" pX="17.1" pY="11.4" skX="0" skY="0" scX="1" y="0" scY="1"/>
    </display>
    <display name="Graphic/shape 233" type="image">
     <transform x="0" pX="16.8" pY="11.2" skX="0" skY="0" scX="1" y="0" scY="1"/>
    </display>
    <display name="Graphic/shape 234" type="image">
     <transform x="0" pX="16.95" pY="11.2" skX="0" skY="0" scX="1" y="0" scY="1"/>
    </display>
   </slot>
  </skin>
  <bone name="Layer 1">
   <transform y="-1.75" skY="0" x="-3.75" scX="0.58" skX="0" scY="0.58"/>
  </bone>
  <animation name="cloak_cl" scale="1" loop="1" duration="243" autoTween="NaN" fadeInTime="0.3" tweenEasing="NaN">
   <timeline name="Layer 1" scale="1" pX="0" pY="0" offset="0">
    <frame z="0" duration="1">
     <transform x="0" pX="0" pY="0" skX="0" skY="0" scX="1" y="0" scY="1"/>
    </frame>
    <frame z="0" duration="8">
     <transform x="3.75" pX="0" pY="0" skX="0" skY="0" scX="0.41379310344827586" y="1.75" scY="0.41379310344827586"/>
    </frame>
    <frame displayIndex="1" z="0" duration="1">
     <transform x="3.75" pX="0" pY="0" skX="0" skY="0" scX="1.7241379310344829" y="1.75" scY="1.7241379310344829"/>
    </frame>
    <frame z="0" duration="6">
     <transform x="3.75" pX="0" pY="0" skX="0" skY="0" scX="0.41379310344827586" y="1.75" scY="0.41379310344827586"/>
    </frame>
    <frame displayIndex="2" z="0" duration="1">
     <transform x="3.75" pX="0" pY="0" skX="0" skY="0" scX="1.7241379310344829" y="1.75" scY="1.7241379310344829"/>
    </frame>
    <frame z="0" duration="10">
     <transform x="3.75" pX="0" pY="0" skX="0" skY="0" scX="0.41379310344827586" y="1.75" scY="0.41379310344827586"/>
    </frame>
    <frame displayIndex="3" z="0" duration="4">
     <transform x="3.75" pX="0" pY="0" skX="0" skY="0" scX="1.7241379310344829" y="1.75" scY="1.7241379310344829"/>
    </frame>
    <frame z="0" duration="5">
     <transform x="3.75" pX="0" pY="0" skX="0" skY="0" scX="0.41379310344827586" y="1.75" scY="0.41379310344827586"/>
    </frame>
    <frame displayIndex="4" z="0" duration="1">
     <transform x="3.75" pX="0" pY="0" skX="0" skY="0" scX="1.7241379310344829" y="1.75" scY="1.7241379310344829"/>
    </frame>
    <frame z="0" duration="22">
     <transform x="3.75" pX="0" pY="0" skX="0" skY="0" scX="0.41379310344827586" y="1.75" scY="0.41379310344827586"/>
    </frame>
    <frame displayIndex="5" z="0" duration="1">
     <transform x="3.75" pX="0" pY="0" skX="0" skY="0" scX="1.7241379310344829" y="1.75" scY="1.7241379310344829"/>
    </frame>
    <frame z="0" duration="1">
     <transform x="3.75" pX="0" pY="0" skX="0" skY="0" scX="0.41379310344827586" y="1.75" scY="0.41379310344827586"/>
    </frame>
    <frame displayIndex="6" z="0" duration="1">
     <transform x="3.75" pX="0" pY="0" skX="0" skY="0" scX="1.7241379310344829" y="1.75" scY="1.7241379310344829"/>
    </frame>
    <frame z="0" duration="13">
     <transform x="3.75" pX="0" pY="0" skX="0" skY="0" scX="0.41379310344827586" y="1.75" scY="0.41379310344827586"/>
    </frame>
    <frame displayIndex="7" z="0" duration="1">
     <transform x="3.75" pX="0" pY="0" skX="0" skY="0" scX="1.7241379310344829" y="1.75" scY="1.7241379310344829"/>
    </frame>
    <frame z="0" duration="9">
     <transform x="3.75" pX="0" pY="0" skX="0" skY="0" scX="0.41379310344827586" y="1.75" scY="0.41379310344827586"/>
    </frame>
    <frame displayIndex="8" z="0" duration="1">
     <transform x="3.75" pX="0" pY="0" skX="0" skY="0" scX="1.7241379310344829" y="1.75" scY="1.7241379310344829"/>
    </frame>
    <frame z="0" duration="6">
     <transform x="3.75" pX="0" pY="0" skX="0" skY="0" scX="0.41379310344827586" y="1.75" scY="0.41379310344827586"/>
    </frame>
    <frame displayIndex="9" z="0" duration="1">
     <transform x="3.75" pX="0" pY="0" skX="0" skY="0" scX="1.7241379310344829" y="1.75" scY="1.7241379310344829"/>
    </frame>
    <frame displayIndex="10" z="0" duration="1">
     <transform x="3.75" pX="0" pY="0" skX="0" skY="0" scX="1.7241379310344829" y="1.75" scY="1.7241379310344829"/>
    </frame>
    <frame z="0" duration="4">
     <transform x="3.75" pX="0" pY="0" skX="0" skY="0" scX="0.41379310344827586" y="1.75" scY="0.41379310344827586"/>
    </frame>
    <frame displayIndex="11" z="0" duration="1">
     <transform x="3.75" pX="0" pY="0" skX="0" skY="0" scX="1.7241379310344829" y="1.75" scY="1.7241379310344829"/>
    </frame>
    <frame z="0" duration="5">
     <transform x="3.75" pX="0" pY="0" skX="0" skY="0" scX="0.41379310344827586" y="1.75" scY="0.41379310344827586"/>
    </frame>
    <frame displayIndex="12" z="0" duration="1">
     <transform x="3.75" pX="0" pY="0" skX="0" skY="0" scX="1.7241379310344829" y="1.75" scY="1.7241379310344829"/>
    </frame>
    <frame z="0" duration="13">
     <transform x="3.75" pX="0" pY="0" skX="0" skY="0" scX="0.41379310344827586" y="1.75" scY="0.41379310344827586"/>
    </frame>
    <frame displayIndex="13" z="0" duration="1">
     <transform x="3.75" pX="0" pY="0" skX="0" skY="0" scX="1.7241379310344829" y="1.75" scY="1.7241379310344829"/>
    </frame>
    <frame displayIndex="14" z="0" duration="1">
     <transform x="3.75" pX="0" pY="0" skX="0" skY="0" scX="1.7241379310344829" y="1.75" scY="1.7241379310344829"/>
    </frame>
    <frame z="0" duration="10">
     <transform x="3.75" pX="0" pY="0" skX="0" skY="0" scX="0.41379310344827586" y="1.75" scY="0.41379310344827586"/>
    </frame>
    <frame displayIndex="15" z="0" duration="1">
     <transform x="3.75" pX="0" pY="0" skX="0" skY="0" scX="1.7241379310344829" y="1.75" scY="1.7241379310344829"/>
    </frame>
    <frame z="0" duration="15">
     <transform x="3.75" pX="0" pY="0" skX="0" skY="0" scX="0.41379310344827586" y="1.75" scY="0.41379310344827586"/>
    </frame>
    <frame displayIndex="16" z="0" duration="1">
     <transform x="3.75" pX="0" pY="0" skX="0" skY="0" scX="1.7241379310344829" y="1.75" scY="1.7241379310344829"/>
    </frame>
    <frame z="0" duration="8">
     <transform x="3.75" pX="0" pY="0" skX="0" skY="0" scX="0.41379310344827586" y="1.75" scY="0.41379310344827586"/>
    </frame>
    <frame displayIndex="17" z="0" duration="1">
     <transform x="3.75" pX="0" pY="0" skX="0" skY="0" scX="1.7241379310344829" y="1.75" scY="1.7241379310344829"/>
    </frame>
    <frame displayIndex="18" z="0" duration="1">
     <transform x="3.75" pX="0" pY="0" skX="0" skY="0" scX="1.7241379310344829" y="1.75" scY="1.7241379310344829"/>
    </frame>
    <frame z="0" duration="18">
     <transform x="3.75" pX="0" pY="0" skX="0" skY="0" scX="0.41379310344827586" y="1.75" scY="0.41379310344827586"/>
    </frame>
    <frame displayIndex="19" z="0" duration="1">
     <transform x="3.75" pX="0" pY="0" skX="0" skY="0" scX="1.7241379310344829" y="1.75" scY="1.7241379310344829"/>
    </frame>
    <frame z="0" duration="11">
     <transform x="3.75" pX="0" pY="0" skX="0" skY="0" scX="0.41379310344827586" y="1.75" scY="0.41379310344827586"/>
    </frame>
    <frame displayIndex="20" z="0" duration="1">
     <transform x="3.75" pX="0" pY="0" skX="0" skY="0" scX="1.7241379310344829" y="1.75" scY="1.7241379310344829"/>
    </frame>
    <frame z="0" duration="14">
     <transform x="3.75" pX="0" pY="0" skX="0" skY="0" scX="0.41379310344827586" y="1.75" scY="0.41379310344827586"/>
    </frame>
    <frame displayIndex="21" z="0" duration="1">
     <transform x="3.75" pX="0" pY="0" skX="0" skY="0" scX="1.7241379310344829" y="1.75" scY="1.7241379310344829"/>
    </frame>
    <frame displayIndex="22" z="0" duration="2">
     <transform x="3.75" pX="0" pY="0" skX="0" skY="0" scX="1.7241379310344829" y="1.75" scY="1.7241379310344829"/>
    </frame>
    <frame z="0" duration="4">
     <transform x="3.75" pX="0" pY="0" skX="0" skY="0" scX="0.41379310344827586" y="1.75" scY="0.41379310344827586"/>
    </frame>
    <frame displayIndex="23" z="0" duration="1">
     <transform x="3.75" pX="0" pY="0" skX="0" skY="0" scX="1.7241379310344829" y="1.75" scY="1.7241379310344829"/>
    </frame>
    <frame displayIndex="24" z="0" duration="1">
     <transform x="3.75" pX="0" pY="0" skX="0" skY="0" scX="1.7241379310344829" y="1.75" scY="1.7241379310344829"/>
    </frame>
    <frame z="0" duration="3">
     <transform x="3.75" pX="0" pY="0" skX="0" skY="0" scX="0.41379310344827586" y="1.75" scY="0.41379310344827586"/>
    </frame>
    <frame displayIndex="25" z="0" duration="1">
     <transform x="3.75" pX="0" pY="0" skX="0" skY="0" scX="1.7241379310344829" y="1.75" scY="1.7241379310344829"/>
    </frame>
    <frame z="0" duration="4">
     <transform x="3.75" pX="0" pY="0" skX="0" skY="0" scX="0.41379310344827586" y="1.75" scY="0.41379310344827586"/>
    </frame>
    <frame displayIndex="26" z="0" duration="1">
     <transform x="3.75" pX="0" pY="0" skX="0" skY="0" scX="1.7241379310344829" y="1.75" scY="1.7241379310344829"/>
    </frame>
    <frame z="0" duration="4">
     <transform x="3.75" pX="0" pY="0" skX="0" skY="0" scX="0.41379310344827586" y="1.75" scY="0.41379310344827586"/>
    </frame>
    <frame displayIndex="27" z="0" duration="1">
     <transform x="3.75" pX="0" pY="0" skX="0" skY="0" scX="1.7241379310344829" y="1.75" scY="1.7241379310344829"/>
    </frame>
    <frame z="0" duration="15">
     <transform x="3.75" pX="0" pY="0" skX="0" skY="0" scX="0.41379310344827586" y="1.75" scY="0.41379310344827586"/>
    </frame>
    <frame displayIndex="28" z="0" duration="1">
     <transform x="3.75" pX="0" pY="0" skX="0" skY="0" scX="1.7241379310344829" y="1.75" scY="1.7241379310344829"/>
    </frame>
    <frame displayIndex="-1" duration="2"/>
   </timeline>
  </animation>
 </armature>
</root>