<TextureAtlas name="cloak_cl" imagePath="texture.png">
 <SubTexture name="MovieClip/sprite 206" x="197" y="38" width="41" height="34"/>
 <SubTexture name="Graphic/shape 207" x="186" y="105" width="32" height="29"/>
 <SubTexture name="Graphic/shape 208" x="0" y="83" width="32" height="29"/>
 <SubTexture name="Graphic/shape 209" x="102" y="119" width="19" height="24"/>
 <SubTexture name="Graphic/shape 210" x="69" y="92" width="32" height="30"/>
 <SubTexture name="Graphic/shape 211" x="153" y="80" width="32" height="29"/>
 <SubTexture name="Graphic/shape 212" x="197" y="0" width="45" height="37"/>
 <SubTexture name="Graphic/shape 213" x="66" y="123" width="27" height="25"/>
 <SubTexture name="Graphic/shape 214" x="0" y="15" width="45" height="36"/>
 <SubTexture name="Graphic/shape 215" x="85" y="0" width="73" height="23"/>
 <SubTexture name="Graphic/shape 216" x="0" y="0" width="84" height="14"/>
 <SubTexture name="Graphic/shape 217" x="102" y="92" width="23" height="26"/>
 <SubTexture name="Graphic/shape 218" x="82" y="61" width="35" height="30"/>
 <SubTexture name="Graphic/shape 219" x="189" y="74" width="35" height="30"/>
 <SubTexture name="Graphic/shape 220" x="46" y="15" width="35" height="30"/>
 <SubTexture name="Graphic/shape 221" x="225" y="74" width="25" height="34"/>
 <SubTexture name="Graphic/shape 222" x="148" y="111" width="32" height="29"/>
 <SubTexture name="Graphic/shape 223" x="127" y="24" width="25" height="33"/>
 <SubTexture name="Graphic/shape 224" x="126" y="94" width="21" height="26"/>
 <SubTexture name="Graphic/shape 225" x="0" y="52" width="35" height="30"/>
 <SubTexture name="Graphic/shape 226" x="46" y="46" width="35" height="30"/>
 <SubTexture name="Graphic/shape 227" x="82" y="24" width="44" height="36"/>
 <SubTexture name="Graphic/shape 228" x="153" y="49" width="35" height="30"/>
 <SubTexture name="Graphic/shape 229" x="159" y="0" width="36" height="48"/>
 <SubTexture name="Graphic/shape 230" x="36" y="77" width="32" height="31"/>
 <SubTexture name="Graphic/shape 231" x="127" y="59" width="25" height="34"/>
 <SubTexture name="Graphic/shape 232" x="33" y="109" width="32" height="29"/>
 <SubTexture name="Graphic/shape 233" x="0" y="114" width="32" height="29"/>
 <SubTexture name="Graphic/shape 234" x="219" y="109" width="32" height="29"/>
</TextureAtlas>