<root name="hit_mc" isGlobal="0" frameRate="30" version="3.0">
 <armature name="hit_mc">
  <skin name="default">
   <slot name="Layer 2" z="0" parent="Layer 2">
    <display name="__dbTextures/hit_mc/Layer 2_3" type="image">
     <transform x="-48.7" pX="0" pY="0" skX="0" skY="0" scX="1" y="-127.4" scY="1"/>
    </display>
   </slot>
   <slot name="Layer 1" z="1" parent="Layer 1">
    <display name="Symbol 2320" type="image">
     <transform x="0" pX="44.4" pY="59.15" skX="0" skY="0" scX="1" y="0" scY="1"/>
    </display>
    <display name="Symbol 2321" type="image">
     <transform x="0" pX="76.2" pY="80.15" skX="0" skY="0" scX="1" y="0" scY="1"/>
    </display>
    <display name="Symbol 2322" type="image">
     <transform x="0" pX="90.1" pY="101.15" skX="0" skY="0" scX="1" y="0" scY="1"/>
    </display>
   </slot>
  </skin>
  <bone name="Layer 2">
   <transform y="1.4" skY="0" x="-56.75" scX="1" skX="0" scY="1"/>
  </bone>
  <bone name="Layer 1">
   <transform y="0" skY="0" x="0" scX="1" skX="0" scY="1"/>
  </bone>
  <animation name="hit_mc" scale="1" loop="1" duration="5" autoTween="NaN" fadeInTime="0.3" tweenEasing="NaN">
   <timeline name="Layer 2" scale="1" pX="0" pY="0" offset="0">
    <frame displayIndex="-1" duration="3"/>
    <frame z="0" duration="2" tweenEasing="NaN">
     <transform x="0" pX="0" pY="0" skX="0" skY="0" scX="1" y="0" scY="1"/>
    </frame>
   </timeline>
   <timeline name="Layer 1" scale="1" pX="0" pY="0" offset="0">
    <frame z="0" duration="1">
     <transform x="0" pX="0" pY="0" skX="0" skY="0" scX="1" y="0" scY="1"/>
    </frame>
    <frame displayIndex="1" z="0" duration="1">
     <transform x="0" pX="0" pY="0" skX="0" skY="0" scX="1" y="0" scY="1"/>
    </frame>
    <frame displayIndex="2" z="0" duration="1">
     <transform x="0" pX="0" pY="0" skX="0" skY="0" scX="1" y="0" scY="1"/>
    </frame>
    <frame displayIndex="-1" duration="2"/>
   </timeline>
  </animation>
 </armature>
</root>