<TextureAtlas name="Upg" imagePath="texture.png">
 <SubTexture name="bg" x="0" y="0" width="1453" height="620"/>
 <SubTexture name="__dbTextures/Upg/Layer 57_0" x="1434" y="979" width="269" height="27"/>
 <SubTexture name="Symbol 2650" x="1825" y="310" width="135" height="176"/>
 <SubTexture name="__dbTextures/Upg/Layer 33_0" x="1454" y="310" width="370" height="450"/>
 <SubTexture name="Symbol 2310" x="1331" y="708" width="102" height="85"/>
 <SubTexture name="Symbol 2888" x="1331" y="1341" width="83" height="30"/>
 <SubTexture name="Symbol 2893" x="1988" y="691" width="56" height="49"/>
 <SubTexture name="Symbol 2924" x="1988" y="641" width="56" height="49"/>
 <SubTexture name="Symbol 2928" x="1989" y="591" width="56" height="49"/>
 <SubTexture name="Symbol 2932" x="526" y="1220" width="115" height="32"/>
 <SubTexture name="位图 22" x="1664" y="1343" width="84" height="36"/>
 <SubTexture name="Symbol 1694" x="1952" y="760" width="22" height="22"/>
 <SubTexture name="Symbol 206" x="560" y="1386" width="41" height="34"/>
 <SubTexture name="Symbol 2756" x="1585" y="1317" width="72" height="23"/>
 <SubTexture name="Symbol 2758" x="1893" y="831" width="51" height="51"/>
 <SubTexture name="Symbol 2761" x="1892" y="1066" width="42" height="37"/>
 <SubTexture name="Symbol 2763" x="1924" y="562" width="33" height="41"/>
 <SubTexture name="Symbol 2046" x="2028" y="362" width="19" height="16"/>
 <SubTexture name="Symbol 2048" x="2028" y="309" width="19" height="17"/>
 <SubTexture name="Symbol 2050" x="1945" y="851" width="22" height="16"/>
 <SubTexture name="Symbol 2765" x="526" y="1340" width="82" height="45"/>
 <SubTexture name="Symbol 2767" x="1552" y="1396" width="41" height="23"/>
 <SubTexture name="cat_drag_mc" x="630" y="1260" width="39" height="39"/>
 <SubTexture name="Symbol 2781" x="1415" y="1329" width="89" height="43"/>
 <SubTexture name="Symbol 2785" x="2033" y="258" width="14" height="16"/>
 <SubTexture name="Symbol 2787" x="2036" y="13" width="11" height="12"/>
 <SubTexture name="Symbol 2792" x="1958" y="631" width="29" height="28"/>
 <SubTexture name="Symbol 2794" x="2036" y="39" width="7" height="16"/>
 <SubTexture name="Symbol 2796" x="2036" y="0" width="11" height="12"/>
 <SubTexture name="Symbol 2798" x="2033" y="275" width="13" height="16"/>
 <SubTexture name="Symbol 2802" x="609" y="1378" width="50" height="36"/>
 <SubTexture name="Symbol 2804" x="642" y="1220" width="36" height="20"/>
 <SubTexture name="Symbol 2836" x="1892" y="1022" width="48" height="43"/>
 <SubTexture name="Symbol 2876" x="1890" y="1104" width="50" height="43"/>
 <SubTexture name="Symbol 2879" x="1655" y="1039" width="48" height="43"/>
 <SubTexture name="Symbol 2882" x="1881" y="1199" width="50" height="42"/>
 <SubTexture name="__dbTextures/s441/Layer 5_1" x="1637" y="1412" width="48" height="10"/>
 <SubTexture name="__dbTextures/s441/Layer 5_2" x="1835" y="1412" width="48" height="10"/>
 <SubTexture name="__dbTextures/s441/Layer 5_3" x="1687" y="1412" width="48" height="10"/>
 <SubTexture name="Symbol 2870" x="2028" y="345" width="19" height="16"/>
 <SubTexture name="Symbol 2872" x="2028" y="327" width="19" height="17"/>
 <SubTexture name="Symbol 2874" x="1952" y="823" width="22" height="16"/>
 <SubTexture name="Symbol 2896" x="1632" y="1141" width="64" height="51"/>
 <SubTexture name="Symbol 2899" x="1618" y="1193" width="64" height="51"/>
 <SubTexture name="Symbol 2901" x="1536" y="1229" width="64" height="51"/>
 <SubTexture name="Symbol 2903" x="1858" y="1242" width="64" height="49"/>
 <SubTexture name="Symbol 2906" x="1601" y="1245" width="64" height="49"/>
 <SubTexture name="Symbol 2909" x="1520" y="1281" width="64" height="49"/>
 <SubTexture name="__dbTextures/s470/bg_cl_2" x="1572" y="1341" width="91" height="37"/>
 <SubTexture name="位图 75" x="1954" y="660" width="30" height="22"/>
 <SubTexture name="位图 23" x="1966" y="1382" width="48" height="34"/>
 <SubTexture name="Symbol 2913" x="1594" y="1396" width="42" height="19"/>
 <SubTexture name="位图 74" x="1417" y="1229" width="117" height="21"/>
 <SubTexture name="Symbol 2077" x="679" y="1073" width="650" height="450"/>
 <SubTexture name="__dbTextures/upg_cl/Layer 18_0" x="0" y="1098" width="525" height="263"/>
 <SubTexture name="Symbol 2937" x="1893" y="883" width="48" height="46"/>
 <SubTexture name="Symbol 2939" x="1985" y="741" width="47" height="57"/>
 <SubTexture name="Symbol 2941" x="1881" y="1148" width="52" height="50"/>
 <SubTexture name="Symbol 2943" x="1989" y="533" width="50" height="57"/>
 <SubTexture name="Symbol 2944" x="1454" y="0" width="536" height="309"/>
 <SubTexture name="Symbol 2945" x="1924" y="637" width="29" height="29"/>
 <SubTexture name="Symbol 2983" x="526" y="1188" width="136" height="31"/>
 <SubTexture name="位图 13" x="1915" y="1312" width="95" height="37"/>
 <SubTexture name="Symbol 2931" x="1952" y="742" width="31" height="17"/>
 <SubTexture name="Symbol 2986" x="526" y="1136" width="122" height="51"/>
 <SubTexture name="Symbol 2987" x="1632" y="1083" width="65" height="57"/>
 <SubTexture name="Symbol 1926" x="679" y="621" width="650" height="450"/>
 <SubTexture name="Symbol 47" x="0" y="621" width="678" height="475"/>
 <SubTexture name="Symbol 2995" x="1331" y="1431" width="567" height="27"/>
 <SubTexture name="Symbol 3010" x="1416" y="1252" width="103" height="32"/>
 <SubTexture name="Symbol 2770" x="1432" y="1395" width="45" height="20"/>
 <SubTexture name="Symbol 2772" x="2036" y="26" width="11" height="12"/>
 <SubTexture name="Symbol 2774" x="2033" y="292" width="12" height="15"/>
 <SubTexture name="Symbol 2776" x="1958" y="602" width="30" height="28"/>
 <SubTexture name="Symbol 2778" x="1893" y="977" width="48" height="44"/>
 <SubTexture name="Symbol 2273" x="260" y="1394" width="54" height="21"/>
 <SubTexture name="Symbol 2274" x="505" y="1386" width="54" height="26"/>
 <SubTexture name="Symbol 2275" x="1843" y="1358" width="61" height="26"/>
 <SubTexture name="Symbol 2276" x="407" y="1393" width="55" height="24"/>
 <SubTexture name="Symbol 2277" x="1905" y="1382" width="60" height="23"/>
 <SubTexture name="Symbol 2278" x="609" y="1353" width="65" height="24"/>
 <SubTexture name="Symbol 2279" x="610" y="1300" width="67" height="25"/>
 <SubTexture name="shark" x="1945" y="840" width="31" height="10"/>
 <SubTexture name="Symbol 2813" x="1914" y="710" width="37" height="61"/>
 <SubTexture name="Symbol 2807" x="1992" y="223" width="40" height="73"/>
 <SubTexture name="Symbol 2808" x="1992" y="74" width="43" height="73"/>
 <SubTexture name="Symbol 2809" x="1991" y="458" width="36" height="74"/>
 <SubTexture name="Symbol 2810" x="1961" y="531" width="27" height="70"/>
 <SubTexture name="Symbol 2811" x="1961" y="310" width="29" height="74"/>
 <SubTexture name="Symbol 2812" x="1992" y="298" width="35" height="79"/>
 <SubTexture name="Symbol 2819" x="1434" y="940" width="264" height="38"/>
 <SubTexture name="__dbTextures/Symbol 2296/Layer 1_0" x="357" y="1416" width="38" height="12"/>
 <SubTexture name="Symbol 2257" x="1331" y="1057" width="98" height="57"/>
 <SubTexture name="Symbol 2259" x="2027" y="396" width="15" height="15"/>
 <SubTexture name="Symbol 2247" x="1331" y="938" width="102" height="59"/>
 <SubTexture name="Symbol 2253" x="1942" y="929" width="102" height="59"/>
 <SubTexture name="Symbol 2255" x="1941" y="1048" width="98" height="57"/>
 <SubTexture name="Symbol 2262" x="1699" y="1103" width="98" height="57"/>
 <SubTexture name="Symbol 2264" x="1941" y="1106" width="98" height="57"/>
 <SubTexture name="Symbol 2266" x="1331" y="1115" width="98" height="57"/>
 <SubTexture name="Symbol 2260" x="1750" y="1326" width="91" height="42"/>
 <SubTexture name="Symbol 2249" x="1331" y="1407" width="49" height="9"/>
 <SubTexture name="__dbTextures/s149/Layer 4_0" x="1410" y="1373" width="85" height="21"/>
 <SubTexture name="Symbol 2252" x="2033" y="148" width="12" height="54"/>
 <SubTexture name="Symbol 2254" x="1932" y="1223" width="85" height="55"/>
 <SubTexture name="Symbol 2256" x="1683" y="1235" width="84" height="54"/>
 <SubTexture name="Symbol 2261" x="1666" y="1290" width="82" height="52"/>
 <SubTexture name="Symbol 2263" x="1331" y="1288" width="82" height="52"/>
 <SubTexture name="Symbol 2265" x="1331" y="1173" width="85" height="58"/>
 <SubTexture name="Symbol 2267" x="1803" y="1076" width="86" height="66"/>
 <SubTexture name="Symbol 2824" x="1893" y="930" width="48" height="46"/>
 <SubTexture name="Symbol 2789" x="133" y="1395" width="46" height="20"/>
 <SubTexture name="Symbol 2847" x="1825" y="690" width="88" height="87"/>
 <SubTexture name="位图 52" x="53" y="1395" width="38" height="28"/>
 <SubTexture name="位图 51" x="1392" y="1395" width="38" height="27"/>
 <SubTexture name="位图 50" x="93" y="1395" width="38" height="28"/>
 <SubTexture name="位图 49" x="357" y="1394" width="47" height="20"/>
 <SubTexture name="Symbol 2914" x="1430" y="1039" width="224" height="37"/>
 <SubTexture name="位图 24" x="0" y="1395" width="51" height="16"/>
 <SubTexture name="__dbTextures/Symbol 2982/Layer 8_0" x="1825" y="487" width="98" height="202"/>
 <SubTexture name="Symbol 2978" x="1798" y="1143" width="82" height="71"/>
 <SubTexture name="位图 19" x="1585" y="1295" width="77" height="20"/>
 <SubTexture name="位图 21" x="1836" y="1385" width="54" height="25"/>
 <SubTexture name="位图 20" x="1803" y="1010" width="87" height="64"/>
 <SubTexture name="MovieClip/sprite 3012" x="1417" y="1192" width="200" height="36"/>
 <SubTexture name="MovieClip/sprite 3014" x="1430" y="1116" width="201" height="37"/>
 <SubTexture name="MovieClip/sprite 3016" x="1430" y="1154" width="201" height="37"/>
 <SubTexture name="MovieClip/sprite 3018" x="1430" y="1077" width="201" height="38"/>
 <SubTexture name="MovieClip/sprite 3020" x="526" y="1098" width="147" height="37"/>
 <SubTexture name="Symbol 3025" x="1923" y="1279" width="103" height="32"/>
 <SubTexture name="Symbol 3027" x="526" y="1253" width="103" height="32"/>
 <SubTexture name="__dbTextures/playoff_cl/Layer 5_0" x="1434" y="762" width="286" height="120"/>
 <SubTexture name="Symbol 2297" x="222" y="1416" width="36" height="14"/>
 <SubTexture name="Symbol 2298" x="1953" y="708" width="33" height="16"/>
 <SubTexture name="Symbol 2299" x="1953" y="684" width="34" height="23"/>
 <SubTexture name="__dbTextures/s438/Layer 1_4" x="259" y="1416" width="40" height="16"/>
 <SubTexture name="__dbTextures/s438/Layer 1_5" x="1952" y="725" width="32" height="16"/>
 <SubTexture name="__dbTextures/s438/Layer 1_6" x="642" y="1241" width="35" height="18"/>
 <SubTexture name="__dbTextures/s438/Layer 1_7" x="1892" y="1406" width="41" height="19"/>
 <SubTexture name="Symbol 2409" x="1952" y="801" width="21" height="21"/>
 <SubTexture name="Symbol 2837" x="1924" y="689" width="28" height="20"/>
 <SubTexture name="Symbol 2838" x="1952" y="783" width="25" height="17"/>
 <SubTexture name="Symbol 1945" x="1331" y="621" width="102" height="85"/>
 <SubTexture name="Symbol 2848" x="133" y="1416" width="40" height="19"/>
 <SubTexture name="__dbTextures/Symbol 2851/bg_0" x="602" y="1415" width="40" height="19"/>
 <SubTexture name="Symbol 2850" x="1797" y="1414" width="37" height="16"/>
 <SubTexture name="__dbTextures/Symbol 2853/bg_0" x="505" y="1413" width="40" height="19"/>
 <SubTexture name="__dbTextures/Symbol 2855/bg_0" x="0" y="1413" width="40" height="19"/>
 <SubTexture name="__dbTextures/Symbol 2862/Layer 4_0" x="1552" y="1389" width="73" height="6"/>
 <SubTexture name="Symbol 2860" x="1331" y="1373" width="78" height="8"/>
 <SubTexture name="__dbTextures/Symbol 2862/Layer 1_0" x="1567" y="1379" width="75" height="8"/>
 <SubTexture name="Symbol 2865" x="2027" y="427" width="15" height="13"/>
 <SubTexture name="Symbol 2947" x="1721" y="762" width="85" height="81"/>
 <SubTexture name="Symbol 2956" x="1331" y="795" width="85" height="81"/>
 <SubTexture name="Symbol 2957" x="1807" y="860" width="85" height="81"/>
 <SubTexture name="Symbol 2958" x="1807" y="778" width="85" height="81"/>
 <SubTexture name="Symbol 2964" x="1721" y="844" width="85" height="81"/>
 <SubTexture name="Symbol 2971" x="1643" y="1381" width="97" height="30"/>
 <SubTexture name="__dbTextures/Symbol 2977/buy_bt_1" x="1914" y="1351" width="97" height="30"/>
 <SubTexture name="__dbTextures/Symbol 2977/buy_bt_2" x="407" y="1362" width="97" height="30"/>
 <SubTexture name="位图 18" x="1797" y="1392" width="36" height="20"/>
 <SubTexture name="Symbol 2976" x="174" y="1416" width="47" height="11"/>
 <SubTexture name="位图 5" x="1924" y="605" width="32" height="30"/>
 <SubTexture name="位图 6" x="1430" y="1007" width="252" height="30"/>
 <SubTexture name="位图 7" x="1852" y="1292" width="61" height="31"/>
 <SubTexture name="位图 8" x="1852" y="1325" width="60" height="31"/>
 <SubTexture name="__dbTextures/playoff_clSlot/Layer 5_0" x="1434" y="884" width="271" height="55"/>
 <SubTexture name="位图 1" x="204" y="1362" width="201" height="30"/>
 <SubTexture name="位图 3" x="315" y="1394" width="40" height="30"/>
 <SubTexture name="位图 2" x="0" y="1362" width="202" height="31"/>
 <SubTexture name="位图 4" x="463" y="1393" width="40" height="31"/>
 <SubTexture name="__dbTextures/Symbol 2955/Layer 2_6" x="1914" y="772" width="37" height="58"/>
 <SubTexture name="Symbol 2948" x="1992" y="148" width="40" height="73"/>
 <SubTexture name="Symbol 2949" x="1992" y="0" width="43" height="73"/>
 <SubTexture name="Symbol 2950" x="1924" y="487" width="36" height="74"/>
 <SubTexture name="Symbol 2951" x="1961" y="460" width="27" height="70"/>
 <SubTexture name="Symbol 2952" x="1961" y="385" width="29" height="74"/>
 <SubTexture name="Symbol 2953" x="1991" y="378" width="35" height="79"/>
 <SubTexture name="Graphic/shape 2273" x="204" y="1394" width="55" height="21"/>
 <SubTexture name="Graphic/shape 2274" x="1496" y="1383" width="55" height="26"/>
 <SubTexture name="Graphic/shape 2275" x="1505" y="1356" width="61" height="26"/>
 <SubTexture name="Graphic/shape 2276" x="1741" y="1392" width="55" height="24"/>
 <SubTexture name="Graphic/shape 2277" x="1331" y="1382" width="60" height="24"/>
 <SubTexture name="Graphic/shape 2278" x="1505" y="1331" width="66" height="24"/>
 <SubTexture name="Graphic/shape 2279" x="610" y="1326" width="67" height="26"/>
 <SubTexture name="Graphic/shape 2257" x="1704" y="1044" width="98" height="58"/>
 <SubTexture name="MovieClip/sprite 2259" x="2027" y="379" width="16" height="16"/>
 <SubTexture name="Graphic/shape 2247" x="1331" y="877" width="102" height="60"/>
 <SubTexture name="Graphic/shape 2253" x="1945" y="868" width="102" height="60"/>
 <SubTexture name="Graphic/shape 2255" x="1942" y="989" width="98" height="58"/>
 <SubTexture name="Graphic/shape 2262" x="1331" y="998" width="98" height="58"/>
 <SubTexture name="Graphic/shape 2264" x="1706" y="926" width="98" height="58"/>
 <SubTexture name="Graphic/shape 2266" x="1704" y="985" width="98" height="58"/>
 <SubTexture name="Graphic/shape 2260" x="1416" y="1285" width="92" height="43"/>
 <SubTexture name="MovieClip/sprite 2249" x="1478" y="1410" width="49" height="9"/>
 <SubTexture name="Graphic/shape 2250" x="1750" y="1369" width="85" height="22"/>
 <SubTexture name="MovieClip/sprite 2252" x="2033" y="203" width="12" height="54"/>
 <SubTexture name="Graphic/shape 2254" x="1771" y="1215" width="86" height="56"/>
 <SubTexture name="Graphic/shape 2256" x="1331" y="1232" width="84" height="55"/>
 <SubTexture name="Graphic/shape 2261" x="1768" y="1272" width="83" height="53"/>
 <SubTexture name="Graphic/shape 2263" x="526" y="1286" width="83" height="53"/>
 <SubTexture name="Graphic/shape 2265" x="1934" y="1164" width="85" height="58"/>
 <SubTexture name="Graphic/shape 2267" x="1805" y="942" width="87" height="67"/>
 <SubTexture name="Symbol 2959" x="1697" y="1161" width="73" height="73"/>
 <SubTexture name="Symbol 2961" x="1924" y="667" width="28" height="21"/>
 <SubTexture name="__dbTextures/Symbol 2963/Layer 1_0" x="2027" y="412" width="15" height="14"/>
 <SubTexture name="Symbol 2965" x="1978" y="799" width="67" height="68"/>
 <SubTexture name="__dbTextures/Symbol 2998/Layer 1_0" x="1331" y="1459" width="567" height="24"/>
 <SubTexture name="__dbTextures/Symbol 2998/Layer 1_1" x="0" y="1436" width="567" height="24"/>
</TextureAtlas>