<TextureAtlas name="surrender_battle_mc" imagePath="texture.png">
 <SubTexture name="Symbol 2103" x="180" y="0" width="69" height="78"/>
 <SubTexture name="Symbol 2104" x="0" y="0" width="179" height="111"/>
 <SubTexture name="位图 37" x="0" y="161" width="115" height="25"/>
 <SubTexture name="位图 36" x="0" y="113" width="172" height="46"/>
 <SubTexture name="Symbol 1694" x="220" y="120" width="22" height="22"/>
 <SubTexture name="__dbTextures/surrender_battle_mc/Layer 1_0" x="234" y="79" width="15" height="19"/>
 <SubTexture name="Symbol 1695" x="180" y="79" width="53" height="40"/>
 <SubTexture name="位图 25" x="129" y="216" width="40" height="40"/>
 <SubTexture name="位图 26" x="0" y="188" width="43" height="43"/>
 <SubTexture name="位图 27" x="45" y="188" width="40" height="40"/>
 <SubTexture name="位图 28" x="87" y="208" width="40" height="40"/>
 <SubTexture name="位图 29" x="161" y="169" width="42" height="45"/>
 <SubTexture name="位图 30" x="174" y="120" width="44" height="47"/>
 <SubTexture name="位图 31" x="117" y="161" width="42" height="45"/>
 <SubTexture name="位图 32" x="205" y="169" width="42" height="45"/>
</TextureAtlas>