<TextureAtlas name="hand_l_cl" imagePath="texture.png">
 <SubTexture name="Graphic/shape 236" x="371" y="102" width="9" height="14"/>
 <SubTexture name="Graphic/shape 237" x="381" y="118" width="9" height="14"/>
 <SubTexture name="Graphic/shape 238" x="371" y="117" width="9" height="14"/>
 <SubTexture name="Graphic/shape 239" x="381" y="103" width="9" height="14"/>
 <SubTexture name="Graphic/shape 240" x="75" y="244" width="9" height="14"/>
 <SubTexture name="Graphic/shape 241" x="64" y="242" width="10" height="14"/>
 <SubTexture name="Graphic/shape 242" x="361" y="129" width="9" height="14"/>
 <SubTexture name="Graphic/shape 243" x="64" y="227" width="10" height="14"/>
 <SubTexture name="Graphic/shape 244" x="113" y="213" width="10" height="14"/>
 <SubTexture name="Graphic/shape 245" x="141" y="133" width="9" height="14"/>
 <SubTexture name="Graphic/shape 246" x="371" y="132" width="9" height="14"/>
 <SubTexture name="Graphic/shape 247" x="113" y="228" width="10" height="15"/>
 <SubTexture name="Graphic/shape 248" x="430" y="131" width="9" height="14"/>
 <SubTexture name="Graphic/shape 249" x="381" y="133" width="9" height="14"/>
 <SubTexture name="sprite 206" x="168" y="0" width="41" height="34"/>
 <SubTexture name="Graphic/shape 251" x="269" y="268" width="10" height="11"/>
 <SubTexture name="Graphic/shape 252" x="444" y="268" width="10" height="11"/>
 <SubTexture name="Graphic/shape 253" x="0" y="231" width="12" height="14"/>
 <SubTexture name="Graphic/shape 254" x="289" y="254" width="11" height="11"/>
 <SubTexture name="Graphic/shape 255" x="140" y="272" width="11" height="8"/>
 <SubTexture name="Graphic/shape 256" x="487" y="209" width="12" height="14"/>
 <SubTexture name="Graphic/shape 257" x="38" y="241" width="12" height="14"/>
 <SubTexture name="Graphic/shape 258" x="263" y="230" width="12" height="14"/>
 <SubTexture name="Graphic/shape 259" x="361" y="192" width="13" height="13"/>
 <SubTexture name="Graphic/shape 260" x="405" y="260" width="10" height="11"/>
 <SubTexture name="Graphic/shape 261" x="99" y="156" width="11" height="15"/>
 <SubTexture name="Graphic/shape 262" x="501" y="266" width="10" height="11"/>
 <SubTexture name="Graphic/shape 263" x="475" y="267" width="10" height="11"/>
 <SubTexture name="Graphic/shape 264" x="51" y="226" width="12" height="14"/>
 <SubTexture name="Graphic/shape 265" x="140" y="281" width="10" height="8"/>
 <SubTexture name="Graphic/shape 266" x="464" y="240" width="12" height="14"/>
 <SubTexture name="Graphic/shape 267" x="100" y="213" width="12" height="14"/>
 <SubTexture name="Graphic/shape 268" x="486" y="267" width="10" height="11"/>
 <SubTexture name="Graphic/shape 269" x="124" y="259" width="11" height="11"/>
 <SubTexture name="Graphic/shape 270" x="439" y="280" width="10" height="8"/>
 <SubTexture name="Graphic/shape 271" x="262" y="280" width="10" height="8"/>
 <SubTexture name="Graphic/shape 272" x="36" y="281" width="10" height="8"/>
 <SubTexture name="Graphic/shape 273" x="450" y="280" width="10" height="8"/>
 <SubTexture name="Graphic/shape 274" x="257" y="191" width="13" height="13"/>
 <SubTexture name="Graphic/shape 275" x="258" y="260" width="10" height="11"/>
 <SubTexture name="Graphic/shape 276" x="87" y="233" width="12" height="14"/>
 <SubTexture name="Graphic/shape 277" x="289" y="239" width="12" height="14"/>
 <SubTexture name="Graphic/shape 278" x="137" y="245" width="12" height="14"/>
 <SubTexture name="Graphic/shape 279" x="298" y="224" width="12" height="14"/>
 <SubTexture name="Graphic/shape 280" x="338" y="212" width="12" height="14"/>
 <SubTexture name="Graphic/shape 281" x="51" y="211" width="12" height="14"/>
 <SubTexture name="Graphic/shape 282" x="85" y="261" width="10" height="11"/>
 <SubTexture name="Graphic/shape 283" x="176" y="227" width="12" height="14"/>
 <SubTexture name="Graphic/shape 284" x="199" y="263" width="10" height="11"/>
 <SubTexture name="Graphic/shape 285" x="501" y="254" width="10" height="11"/>
 <SubTexture name="Graphic/shape 286" x="113" y="244" width="10" height="11"/>
 <SubTexture name="Graphic/shape 287" x="311" y="229" width="12" height="14"/>
 <SubTexture name="Graphic/shape 288" x="48" y="164" width="14" height="19"/>
 <SubTexture name="Graphic/shape 289" x="277" y="161" width="15" height="22"/>
 <SubTexture name="Graphic/shape 290" x="440" y="199" width="13" height="13"/>
 <SubTexture name="Graphic/shape 291" x="330" y="134" width="16" height="26"/>
 <SubTexture name="Graphic/shape 292" x="87" y="218" width="12" height="14"/>
 <SubTexture name="Graphic/shape 293" x="325" y="181" width="13" height="16"/>
 <SubTexture name="Graphic/shape 294" x="107" y="268" width="10" height="11"/>
 <SubTexture name="Graphic/shape 295" x="159" y="264" width="10" height="11"/>
 <SubTexture name="Graphic/shape 296" x="477" y="254" width="11" height="12"/>
 <SubTexture name="Graphic/shape 297" x="210" y="268" width="10" height="11"/>
 <SubTexture name="Graphic/shape 298" x="326" y="274" width="11" height="9"/>
 <SubTexture name="Graphic/shape 299" x="25" y="238" width="12" height="14"/>
 <SubTexture name="Graphic/shape 300" x="99" y="172" width="11" height="15"/>
 <SubTexture name="Graphic/shape 301" x="12" y="280" width="10" height="8"/>
 <SubTexture name="Graphic/shape 302" x="151" y="140" width="13" height="17"/>
 <SubTexture name="Graphic/shape 303" x="151" y="159" width="13" height="17"/>
 <SubTexture name="Graphic/shape 304" x="239" y="263" width="10" height="11"/>
 <SubTexture name="Graphic/shape 305" x="387" y="263" width="10" height="11"/>
 <SubTexture name="Graphic/shape 306" x="163" y="251" width="12" height="12"/>
 <SubTexture name="Graphic/shape 307" x="125" y="183" width="12" height="16"/>
 <SubTexture name="Graphic/shape 308" x="371" y="165" width="9" height="6"/>
 <SubTexture name="Graphic/shape 309" x="25" y="193" width="12" height="14"/>
 <SubTexture name="Graphic/shape 310" x="227" y="258" width="11" height="10"/>
 <SubTexture name="Graphic/shape 311" x="0" y="246" width="12" height="12"/>
 <SubTexture name="Graphic/shape 312" x="327" y="262" width="10" height="11"/>
 <SubTexture name="Graphic/shape 313" x="180" y="180" width="13" height="16"/>
 <SubTexture name="Graphic/shape 314" x="416" y="260" width="10" height="11"/>
 <SubTexture name="Graphic/shape 315" x="481" y="239" width="12" height="14"/>
 <SubTexture name="Graphic/shape 316" x="229" y="126" width="15" height="32"/>
 <SubTexture name="Graphic/shape 317" x="124" y="229" width="12" height="14"/>
 <SubTexture name="Graphic/shape 318" x="176" y="242" width="12" height="14"/>
 <SubTexture name="Graphic/shape 319" x="137" y="230" width="12" height="14"/>
 <SubTexture name="Graphic/shape 320" x="271" y="201" width="12" height="13"/>
 <SubTexture name="Graphic/shape 321" x="349" y="263" width="10" height="11"/>
 <SubTexture name="Graphic/shape 322" x="245" y="250" width="12" height="12"/>
 <SubTexture name="Graphic/shape 323" x="489" y="254" width="11" height="12"/>
 <SubTexture name="Graphic/shape 324" x="263" y="215" width="12" height="14"/>
 <SubTexture name="Graphic/shape 325" x="494" y="224" width="12" height="14"/>
 <SubTexture name="Graphic/shape 326" x="153" y="276" width="10" height="10"/>
 <SubTexture name="Graphic/shape 327" x="360" y="276" width="10" height="10"/>
 <SubTexture name="Graphic/shape 328" x="25" y="277" width="10" height="10"/>
 <SubTexture name="Graphic/shape 329" x="371" y="276" width="10" height="10"/>
 <SubTexture name="Graphic/shape 330" x="124" y="244" width="12" height="14"/>
 <SubTexture name="Graphic/shape 331" x="58" y="280" width="10" height="9"/>
 <SubTexture name="Graphic/shape 332" x="176" y="257" width="11" height="12"/>
 <SubTexture name="Graphic/shape 333" x="47" y="269" width="10" height="12"/>
 <SubTexture name="Graphic/shape 334" x="86" y="248" width="12" height="12"/>
 <SubTexture name="Graphic/shape 335" x="393" y="251" width="11" height="11"/>
 <SubTexture name="Graphic/shape 336" x="432" y="258" width="11" height="11"/>
 <SubTexture name="Graphic/shape 337" x="99" y="135" width="11" height="20"/>
 <SubTexture name="Graphic/shape 338" x="311" y="159" width="17" height="21"/>
 <SubTexture name="Graphic/shape 339" x="451" y="255" width="11" height="12"/>
 <SubTexture name="Graphic/shape 340" x="273" y="255" width="11" height="12"/>
 <SubTexture name="Graphic/shape 341" x="137" y="215" width="12" height="14"/>
 <SubTexture name="Graphic/shape 342" x="124" y="200" width="13" height="13"/>
 <SubTexture name="Graphic/shape 343" x="71" y="271" width="11" height="10"/>
 <SubTexture name="Graphic/shape 344" x="111" y="182" width="13" height="16"/>
 <SubTexture name="Graphic/shape 345" x="260" y="245" width="11" height="14"/>
 <SubTexture name="Graphic/shape 346" x="302" y="209" width="12" height="14"/>
 <SubTexture name="Graphic/shape 347" x="237" y="213" width="12" height="14"/>
 <SubTexture name="Graphic/shape 348" x="481" y="224" width="12" height="14"/>
 <SubTexture name="Graphic/shape 349" x="202" y="250" width="12" height="12"/>
 <SubTexture name="Graphic/shape 350" x="38" y="211" width="12" height="14"/>
 <SubTexture name="Graphic/shape 351" x="438" y="228" width="12" height="14"/>
 <SubTexture name="Graphic/shape 352" x="315" y="214" width="12" height="14"/>
 <SubTexture name="Graphic/shape 353" x="351" y="221" width="12" height="14"/>
 <SubTexture name="Graphic/shape 354" x="285" y="210" width="12" height="14"/>
 <SubTexture name="Graphic/shape 355" x="276" y="240" width="12" height="14"/>
 <SubTexture name="Graphic/shape 356" x="106" y="280" width="10" height="9"/>
 <SubTexture name="Graphic/shape 357" x="99" y="258" width="12" height="9"/>
 <SubTexture name="Graphic/shape 358" x="350" y="251" width="11" height="11"/>
 <SubTexture name="Graphic/shape 359" x="360" y="264" width="10" height="11"/>
 <SubTexture name="Graphic/shape 360" x="430" y="164" width="9" height="7"/>
 <SubTexture name="Graphic/shape 361" x="49" y="256" width="11" height="12"/>
 <SubTexture name="Graphic/shape 362" x="38" y="226" width="12" height="14"/>
 <SubTexture name="Graphic/shape 363" x="440" y="184" width="14" height="13"/>
 <SubTexture name="Graphic/shape 364" x="337" y="251" width="12" height="10"/>
 <SubTexture name="Graphic/shape 365" x="96" y="268" width="10" height="11"/>
 <SubTexture name="Graphic/shape 366" x="129" y="272" width="10" height="10"/>
 <SubTexture name="Graphic/shape 367" x="177" y="212" width="12" height="14"/>
 <SubTexture name="Graphic/shape 368" x="150" y="245" width="12" height="14"/>
 <SubTexture name="Graphic/shape 369" x="339" y="196" width="12" height="15"/>
 <SubTexture name="Graphic/shape 370" x="118" y="271" width="10" height="10"/>
 <SubTexture name="Graphic/shape 371" x="296" y="271" width="10" height="10"/>
 <SubTexture name="Graphic/shape 372" x="25" y="223" width="12" height="14"/>
 <SubTexture name="Graphic/shape 373" x="250" y="205" width="12" height="14"/>
 <SubTexture name="Graphic/shape 374" x="289" y="195" width="12" height="14"/>
 <SubTexture name="Graphic/shape 375" x="224" y="195" width="12" height="14"/>
 <SubTexture name="Graphic/shape 376" x="311" y="181" width="13" height="16"/>
 <SubTexture name="Graphic/shape 377" x="400" y="206" width="12" height="14"/>
 <SubTexture name="Graphic/shape 378" x="391" y="159" width="12" height="16"/>
 <SubTexture name="Graphic/shape 379" x="150" y="215" width="12" height="14"/>
 <SubTexture name="Graphic/shape 380" x="438" y="213" width="12" height="14"/>
 <SubTexture name="Graphic/shape 381" x="51" y="241" width="12" height="14"/>
 <SubTexture name="Graphic/shape 382" x="219" y="240" width="12" height="14"/>
 <SubTexture name="Graphic/shape 383" x="417" y="156" width="12" height="16"/>
 <SubTexture name="Graphic/shape 384" x="276" y="225" width="12" height="14"/>
 <SubTexture name="Graphic/shape 385" x="440" y="164" width="14" height="19"/>
 <SubTexture name="Graphic/shape 386" x="382" y="275" width="10" height="9"/>
 <SubTexture name="Graphic/shape 387" x="349" y="275" width="10" height="9"/>
 <SubTexture name="Graphic/shape 388" x="0" y="271" width="11" height="9"/>
 <SubTexture name="Graphic/shape 389" x="13" y="244" width="11" height="12"/>
 <SubTexture name="Graphic/shape 390" x="463" y="255" width="11" height="12"/>
 <SubTexture name="Graphic/shape 391" x="61" y="257" width="11" height="12"/>
 <SubTexture name="Graphic/shape 392" x="427" y="270" width="11" height="10"/>
 <SubTexture name="Graphic/shape 393" x="494" y="239" width="12" height="14"/>
 <SubTexture name="Graphic/shape 394" x="247" y="235" width="12" height="14"/>
 <SubTexture name="Graphic/shape 395" x="163" y="221" width="12" height="14"/>
 <SubTexture name="Graphic/shape 396" x="234" y="228" width="12" height="14"/>
 <SubTexture name="Graphic/shape 397" x="194" y="275" width="10" height="9"/>
 <SubTexture name="Graphic/shape 398" x="183" y="275" width="10" height="9"/>
 <SubTexture name="Graphic/shape 399" x="234" y="275" width="10" height="9"/>
 <SubTexture name="Graphic/shape 400" x="404" y="190" width="12" height="15"/>
 <SubTexture name="Graphic/shape 401" x="221" y="225" width="12" height="14"/>
 <SubTexture name="Graphic/shape 402" x="0" y="259" width="11" height="11"/>
 <SubTexture name="Graphic/shape 403" x="179" y="197" width="12" height="14"/>
 <SubTexture name="Graphic/shape 404" x="113" y="256" width="10" height="11"/>
 <SubTexture name="Graphic/shape 405" x="393" y="236" width="12" height="14"/>
 <SubTexture name="Graphic/shape 406" x="500" y="209" width="11" height="14"/>
 <SubTexture name="Graphic/shape 407" x="276" y="184" width="12" height="16"/>
 <SubTexture name="Graphic/shape 408" x="261" y="173" width="14" height="17"/>
 <SubTexture name="Graphic/shape 409" x="0" y="216" width="12" height="14"/>
 <SubTexture name="Graphic/shape 410" x="352" y="206" width="12" height="14"/>
 <SubTexture name="Graphic/shape 411" x="25" y="265" width="10" height="11"/>
 <SubTexture name="Graphic/shape 412" x="75" y="215" width="11" height="14"/>
 <SubTexture name="Graphic/shape 413" x="25" y="208" width="12" height="14"/>
 <SubTexture name="Graphic/shape 414" x="430" y="155" width="9" height="8"/>
 <SubTexture name="Graphic/shape 415" x="451" y="240" width="12" height="14"/>
 <SubTexture name="Graphic/shape 416" x="136" y="260" width="10" height="11"/>
 <SubTexture name="Graphic/shape 417" x="430" y="146" width="9" height="8"/>
 <SubTexture name="Graphic/shape 418" x="215" y="255" width="11" height="12"/>
 <SubTexture name="Graphic/shape 419" x="341" y="236" width="12" height="14"/>
 <SubTexture name="Graphic/shape 420" x="95" y="280" width="10" height="9"/>
 <SubTexture name="Graphic/shape 421" x="375" y="252" width="11" height="11"/>
 <SubTexture name="Graphic/shape 422" x="148" y="260" width="10" height="11"/>
 <SubTexture name="Graphic/shape 423" x="205" y="280" width="10" height="8"/>
 <SubTexture name="Graphic/shape 424" x="150" y="230" width="12" height="14"/>
 <SubTexture name="Graphic/shape 425" x="84" y="163" width="14" height="19"/>
 <SubTexture name="Graphic/shape 426" x="224" y="210" width="12" height="14"/>
 <SubTexture name="Graphic/shape 427" x="127" y="164" width="13" height="18"/>
 <SubTexture name="Graphic/shape 428" x="404" y="173" width="12" height="16"/>
 <SubTexture name="Graphic/shape 429" x="324" y="242" width="12" height="14"/>
 <SubTexture name="Graphic/shape 430" x="250" y="220" width="12" height="14"/>
 <SubTexture name="Graphic/shape 431" x="285" y="266" width="10" height="11"/>
 <SubTexture name="Graphic/shape 432" x="164" y="280" width="10" height="9"/>
 <SubTexture name="Graphic/shape 433" x="404" y="156" width="12" height="16"/>
 <SubTexture name="Graphic/shape 434" x="75" y="199" width="11" height="15"/>
 <SubTexture name="Graphic/shape 435" x="124" y="214" width="12" height="14"/>
 <SubTexture name="Graphic/shape 436" x="37" y="256" width="11" height="12"/>
 <SubTexture name="Graphic/shape 437" x="48" y="185" width="13" height="14"/>
 <SubTexture name="Graphic/shape 438" x="338" y="262" width="10" height="11"/>
 <SubTexture name="Graphic/shape 439" x="237" y="198" width="12" height="14"/>
 <SubTexture name="Graphic/shape 440" x="381" y="157" width="9" height="7"/>
 <SubTexture name="Graphic/shape 441" x="264" y="156" width="12" height="16"/>
 <SubTexture name="Graphic/shape 442" x="455" y="268" width="10" height="11"/>
 <SubTexture name="Graphic/shape 443" x="100" y="228" width="12" height="14"/>
 <SubTexture name="Graphic/shape 444" x="165" y="190" width="13" height="15"/>
 <SubTexture name="Graphic/shape 445" x="438" y="243" width="12" height="14"/>
 <SubTexture name="Graphic/shape 446" x="73" y="259" width="11" height="11"/>
 <SubTexture name="Graphic/shape 447" x="361" y="165" width="9" height="7"/>
 <SubTexture name="Graphic/shape 448" x="25" y="253" width="11" height="11"/>
 <SubTexture name="Graphic/shape 449" x="491" y="193" width="12" height="15"/>
 <SubTexture name="Graphic/shape 450" x="13" y="216" width="11" height="14"/>
 <SubTexture name="Graphic/shape 451" x="221" y="279" width="10" height="10"/>
 <SubTexture name="Graphic/shape 452" x="338" y="274" width="10" height="9"/>
 <SubTexture name="Graphic/shape 453" x="396" y="221" width="12" height="14"/>
 <SubTexture name="Graphic/shape 454" x="371" y="156" width="9" height="8"/>
 <SubTexture name="Graphic/shape 455" x="243" y="181" width="13" height="16"/>
 <SubTexture name="Graphic/shape 456" x="371" y="172" width="9" height="6"/>
 <SubTexture name="Graphic/shape 457" x="371" y="264" width="10" height="11"/>
 <SubTexture name="Graphic/shape 458" x="170" y="270" width="12" height="9"/>
 <SubTexture name="Graphic/shape 459" x="232" y="243" width="12" height="14"/>
 <SubTexture name="Graphic/shape 460" x="165" y="150" width="16" height="21"/>
 <SubTexture name="Graphic/shape 461" x="202" y="95" width="7" height="6"/>
 <SubTexture name="Graphic/shape 462" x="110" y="199" width="13" height="13"/>
 <SubTexture name="Graphic/shape 463" x="75" y="230" width="11" height="13"/>
 <SubTexture name="Graphic/shape 464" x="346" y="162" width="14" height="19"/>
 <SubTexture name="Graphic/shape 465" x="58" y="270" width="12" height="9"/>
 <SubTexture name="Graphic/shape 466" x="141" y="148" width="9" height="8"/>
 <SubTexture name="Graphic/shape 467" x="221" y="269" width="12" height="9"/>
 <SubTexture name="Graphic/shape 468" x="415" y="281" width="9" height="8"/>
 <SubTexture name="Graphic/shape 469" x="404" y="281" width="10" height="8"/>
 <SubTexture name="Graphic/shape 470" x="381" y="165" width="9" height="6"/>
 <SubTexture name="Graphic/shape 471" x="36" y="269" width="10" height="11"/>
 <SubTexture name="Graphic/shape 472" x="62" y="195" width="12" height="15"/>
 <SubTexture name="Graphic/shape 473" x="141" y="157" width="9" height="8"/>
 <SubTexture name="Graphic/shape 474" x="13" y="231" width="11" height="12"/>
 <SubTexture name="Graphic/shape 475" x="315" y="257" width="11" height="11"/>
 <SubTexture name="Graphic/shape 476" x="381" y="148" width="9" height="8"/>
 <SubTexture name="Graphic/shape 477" x="164" y="206" width="12" height="14"/>
 <SubTexture name="Graphic/shape 478" x="264" y="138" width="12" height="17"/>
 <SubTexture name="Graphic/shape 479" x="301" y="259" width="10" height="11"/>
 <SubTexture name="Graphic/shape 480" x="12" y="270" width="12" height="9"/>
 <SubTexture name="Graphic/shape 481" x="497" y="278" width="10" height="9"/>
 <SubTexture name="Graphic/shape 482" x="64" y="211" width="10" height="15"/>
 <SubTexture name="Graphic/shape 483" x="189" y="250" width="12" height="12"/>
 <SubTexture name="Graphic/shape 484" x="419" y="247" width="12" height="12"/>
 <SubTexture name="Graphic/shape 485" x="477" y="279" width="10" height="8"/>
 <SubTexture name="Graphic/shape 486" x="182" y="160" width="14" height="19"/>
 <SubTexture name="Graphic/shape 487" x="466" y="279" width="10" height="8"/>
 <SubTexture name="Graphic/shape 488" x="82" y="183" width="13" height="15"/>
 <SubTexture name="Graphic/shape 489" x="325" y="198" width="11" height="15"/>
 <SubTexture name="Graphic/shape 490" x="393" y="281" width="10" height="8"/>
 <SubTexture name="Graphic/shape 491" x="307" y="279" width="10" height="8"/>
 <SubTexture name="Graphic/shape 492" x="100" y="243" width="12" height="14"/>
 <SubTexture name="Graphic/shape 493" x="328" y="227" width="12" height="14"/>
 <SubTexture name="Graphic/shape 494" x="141" y="166" width="9" height="7"/>
 <SubTexture name="Graphic/shape 495" x="371" y="147" width="9" height="8"/>
 <SubTexture name="Graphic/shape 496" x="361" y="144" width="9" height="11"/>
 <SubTexture name="Graphic/shape 497" x="280" y="278" width="10" height="9"/>
 <SubTexture name="Graphic/shape 498" x="363" y="252" width="11" height="11"/>
 <SubTexture name="Graphic/shape 499" x="313" y="269" width="12" height="9"/>
 <SubTexture name="Graphic/shape 500" x="87" y="204" width="12" height="13"/>
 <SubTexture name="Graphic/shape 501" x="13" y="257" width="11" height="12"/>
 <SubTexture name="Graphic/shape 502" x="361" y="156" width="9" height="8"/>
 <SubTexture name="Graphic/shape 503" x="302" y="244" width="12" height="14"/>
 <SubTexture name="Graphic/shape 504" x="188" y="263" width="10" height="11"/>
 <SubTexture name="Graphic/shape 505" x="163" y="236" width="12" height="14"/>
 <SubTexture name="Graphic/shape 506" x="83" y="273" width="11" height="9"/>
 <SubTexture name="Graphic/shape 507" x="410" y="272" width="11" height="8"/>
 <SubTexture name="Graphic/shape 508" x="250" y="272" width="11" height="9"/>
 <SubTexture name="Graphic/shape 509" x="398" y="272" width="11" height="8"/>
 <SubTexture name="Graphic/shape 511" x="277" y="131" width="16" height="29"/>
 <SubTexture name="Graphic/shape 512" x="492" y="106" width="16" height="32"/>
 <SubTexture name="Graphic/shape 513" x="188" y="36" width="13" height="51"/>
 <SubTexture name="Graphic/shape 514" x="264" y="98" width="11" height="39"/>
 <SubTexture name="Graphic/shape 515" x="277" y="50" width="20" height="43"/>
 <SubTexture name="Graphic/shape 516" x="334" y="50" width="12" height="51"/>
 <SubTexture name="Graphic/shape 517" x="315" y="101" width="18" height="31"/>
 <SubTexture name="Graphic/shape 518" x="375" y="192" width="24" height="24"/>
 <SubTexture name="Graphic/shape 519" x="455" y="50" width="4" height="15"/>
 <SubTexture name="Graphic/shape 522" x="334" y="102" width="12" height="30"/>
 <SubTexture name="Graphic/shape 523" x="406" y="247" width="12" height="12"/>
 <SubTexture name="Graphic/shape 524" x="419" y="47" width="11" height="52"/>
 <SubTexture name="sprite 526" x="0" y="198" width="24" height="17"/>
 <SubTexture name="Graphic/shape 527" x="491" y="180" width="20" height="12"/>
 <SubTexture name="Graphic/shape 528" x="494" y="0" width="10" height="56"/>
 <SubTexture name="Graphic/shape 529" x="505" y="38" width="6" height="32"/>
 <SubTexture name="Graphic/shape 530" x="112" y="62" width="14" height="39"/>
 <SubTexture name="Graphic/shape 531" x="371" y="0" width="23" height="45"/>
 <SubTexture name="Graphic/shape 532" x="25" y="177" width="22" height="15"/>
 <SubTexture name="Graphic/shape 533" x="361" y="179" width="18" height="12"/>
 <SubTexture name="Graphic/shape 534" x="202" y="84" width="7" height="10"/>
 <SubTexture name="Graphic/shape 535" x="222" y="87" width="7" height="10"/>
 <SubTexture name="sprite 539" x="230" y="0" width="24" height="51"/>
 <SubTexture name="Graphic/shape 540" x="202" y="107" width="26" height="26"/>
 <SubTexture name="sprite 542" x="455" y="131" width="35" height="18"/>
 <SubTexture name="Graphic/shape 543" x="381" y="46" width="9" height="56"/>
 <SubTexture name="Graphic/shape 544" x="277" y="94" width="16" height="36"/>
 <SubTexture name="Graphic/shape 545" x="460" y="0" width="33" height="33"/>
 <SubTexture name="Graphic/shape 546" x="431" y="47" width="9" height="50"/>
 <SubTexture name="Graphic/shape 547" x="271" y="0" width="5" height="69"/>
 <SubTexture name="Graphic/shape 548" x="355" y="58" width="15" height="41"/>
 <SubTexture name="Graphic/shape 550" x="33" y="129" width="14" height="32"/>
 <SubTexture name="Graphic/shape 551" x="165" y="118" width="16" height="31"/>
 <SubTexture name="Graphic/shape 552" x="431" y="98" width="8" height="32"/>
 <SubTexture name="Graphic/shape 553" x="152" y="66" width="12" height="40"/>
 <SubTexture name="Graphic/shape 554" x="318" y="58" width="15" height="42"/>
 <SubTexture name="Graphic/shape 555" x="127" y="133" width="13" height="30"/>
 <SubTexture name="Graphic/shape 556" x="222" y="58" width="6" height="28"/>
 <SubTexture name="Graphic/shape 557" x="391" y="105" width="11" height="27"/>
 <SubTexture name="Graphic/shape 558" x="0" y="0" width="37" height="55"/>
 <SubTexture name="Graphic/shape 559" x="419" y="0" width="21" height="46"/>
 <SubTexture name="sprite 561" x="451" y="221" width="29" height="18"/>
 <SubTexture name="Graphic/shape 562" x="0" y="128" width="32" height="18"/>
 <SubTexture name="Graphic/shape 563" x="210" y="0" width="19" height="57"/>
 <SubTexture name="Graphic/shape 564" x="66" y="0" width="23" height="57"/>
 <SubTexture name="Graphic/shape 565" x="192" y="198" width="31" height="15"/>
 <SubTexture name="Graphic/shape 566" x="57" y="98" width="8" height="34"/>
 <SubTexture name="Graphic/shape 567" x="441" y="50" width="13" height="49"/>
 <SubTexture name="Graphic/shape 568" x="57" y="58" width="8" height="39"/>
 <SubTexture name="Graphic/shape 569" x="26" y="163" width="21" height="13"/>
 <SubTexture name="Graphic/shape 570" x="102" y="97" width="8" height="37"/>
 <SubTexture name="Graphic/shape 571" x="491" y="139" width="20" height="20"/>
 <SubTexture name="sprite 573" x="455" y="168" width="35" height="17"/>
 <SubTexture name="Graphic/shape 574" x="454" y="204" width="32" height="16"/>
 <SubTexture name="Graphic/shape 575" x="404" y="101" width="13" height="34"/>
 <SubTexture name="Graphic/shape 576" x="294" y="131" width="15" height="28"/>
 <SubTexture name="Graphic/shape 577" x="391" y="133" width="12" height="25"/>
 <SubTexture name="Graphic/shape 578" x="197" y="134" width="30" height="20"/>
 <SubTexture name="Graphic/shape 579" x="455" y="113" width="35" height="16"/>
 <SubTexture name="Graphic/shape 580" x="293" y="161" width="17" height="18"/>
 <SubTexture name="Graphic/shape 581" x="302" y="199" width="16" height="9"/>
 <SubTexture name="sprite 583" x="365" y="217" width="30" height="17"/>
 <SubTexture name="Graphic/shape 584" x="409" y="0" width="9" height="59"/>
 <SubTexture name="Graphic/shape 585" x="38" y="200" width="16" height="10"/>
 <SubTexture name="Graphic/shape 572" x="455" y="186" width="35" height="17"/>
 <SubTexture name="Graphic/shape 586" x="455" y="92" width="36" height="20"/>
 <SubTexture name="Graphic/shape 587" x="441" y="0" width="18" height="48"/>
 <SubTexture name="Graphic/shape 588" x="492" y="57" width="12" height="48"/>
 <SubTexture name="Graphic/shape 589" x="491" y="160" width="19" height="19"/>
 <SubTexture name="Graphic/shape 590" x="38" y="0" width="27" height="57"/>
 <SubTexture name="Graphic/shape 591" x="153" y="0" width="14" height="65"/>
 <SubTexture name="Graphic/shape 592" x="413" y="208" width="24" height="18"/>
 <SubTexture name="Graphic/shape 593" x="63" y="160" width="20" height="20"/>
 <SubTexture name="Graphic/shape 594" x="311" y="134" width="17" height="24"/>
 <SubTexture name="Graphic/shape 595" x="243" y="164" width="17" height="16"/>
 <SubTexture name="Graphic/shape 596" x="245" y="139" width="17" height="24"/>
 <SubTexture name="Graphic/shape 597" x="253" y="61" width="16" height="36"/>
 <SubTexture name="Graphic/shape 598" x="197" y="174" width="26" height="23"/>
 <SubTexture name="Graphic/shape 599" x="151" y="107" width="13" height="32"/>
 <SubTexture name="Graphic/shape 600" x="395" y="0" width="13" height="54"/>
 <SubTexture name="Graphic/shape 601" x="440" y="135" width="14" height="28"/>
 <SubTexture name="Graphic/shape 602" x="90" y="60" width="11" height="44"/>
 <SubTexture name="Graphic/shape 603" x="0" y="290" width="38" height="17"/>
 <SubTexture name="Graphic/shape 604" x="131" y="0" width="20" height="58"/>
 <SubTexture name="Graphic/shape 605" x="35" y="58" width="21" height="40"/>
 <SubTexture name="Graphic/shape 606" x="277" y="0" width="24" height="49"/>
 <SubTexture name="Graphic/shape 607" x="358" y="0" width="12" height="57"/>
 <SubTexture name="Graphic/shape 608" x="381" y="176" width="22" height="15"/>
 <SubTexture name="Graphic/shape 609" x="90" y="0" width="21" height="59"/>
 <SubTexture name="Graphic/shape 610" x="302" y="0" width="15" height="58"/>
 <SubTexture name="Graphic/shape 611" x="190" y="214" width="30" height="16"/>
 <SubTexture name="Graphic/shape 612" x="318" y="0" width="15" height="57"/>
 <SubTexture name="Graphic/shape 613" x="224" y="184" width="18" height="10"/>
 <SubTexture name="Graphic/shape 614" x="371" y="46" width="9" height="55"/>
 <SubTexture name="Graphic/shape 615" x="347" y="129" width="13" height="32"/>
 <SubTexture name="Graphic/shape 616" x="461" y="288" width="42" height="16"/>
 <SubTexture name="Graphic/shape 617" x="391" y="55" width="12" height="49"/>
 <SubTexture name="Graphic/shape 618" x="182" y="127" width="14" height="32"/>
 <SubTexture name="Graphic/shape 619" x="189" y="231" width="28" height="18"/>
 <SubTexture name="Graphic/shape 620" x="0" y="147" width="25" height="25"/>
 <SubTexture name="Graphic/shape 621" x="228" y="159" width="14" height="24"/>
 <SubTexture name="Graphic/shape 622" x="347" y="50" width="7" height="44"/>
 <SubTexture name="Graphic/shape 623" x="48" y="134" width="14" height="29"/>
 <SubTexture name="Graphic/shape 624" x="339" y="182" width="21" height="13"/>
 <SubTexture name="Graphic/shape 625" x="96" y="188" width="13" height="15"/>
 <SubTexture name="sprite 629" x="273" y="288" width="42" height="19"/>
 <SubTexture name="Graphic/shape 630" x="112" y="0" width="18" height="61"/>
 <SubTexture name="Graphic/shape 631" x="66" y="103" width="23" height="28"/>
 <SubTexture name="Graphic/shape 632" x="197" y="155" width="30" height="18"/>
 <SubTexture name="Graphic/shape 633" x="39" y="290" width="37" height="15"/>
 <SubTexture name="Graphic/shape 634" x="175" y="289" width="41" height="16"/>
 <SubTexture name="Graphic/shape 635" x="318" y="285" width="41" height="17"/>
 <SubTexture name="Graphic/shape 636" x="409" y="227" width="28" height="19"/>
 <SubTexture name="sprite 638" x="334" y="0" width="23" height="49"/>
 <SubTexture name="Graphic/shape 639" x="404" y="136" width="12" height="19"/>
 <SubTexture name="Graphic/shape 640" x="251" y="98" width="12" height="40"/>
 <SubTexture name="Graphic/shape 641" x="329" y="161" width="16" height="19"/>
 <SubTexture name="Graphic/shape 642" x="168" y="36" width="19" height="47"/>
 <SubTexture name="Graphic/shape 643" x="66" y="132" width="17" height="27"/>
 <SubTexture name="Graphic/shape 644" x="418" y="100" width="11" height="35"/>
 <SubTexture name="Graphic/shape 645" x="294" y="102" width="20" height="28"/>
 <SubTexture name="Graphic/shape 646" x="187" y="88" width="14" height="38"/>
 <SubTexture name="Graphic/shape 647" x="111" y="160" width="15" height="21"/>
 <SubTexture name="Graphic/shape 648" x="84" y="133" width="14" height="29"/>
 <SubTexture name="Graphic/shape 649" x="90" y="106" width="10" height="26"/>
 <SubTexture name="Graphic/shape 650" x="165" y="172" width="14" height="17"/>
 <SubTexture name="Graphic/shape 651" x="298" y="59" width="16" height="42"/>
 <SubTexture name="Graphic/shape 652" x="210" y="58" width="11" height="48"/>
 <SubTexture name="Graphic/shape 653" x="0" y="109" width="32" height="18"/>
 <SubTexture name="Graphic/shape 654" x="0" y="173" width="24" height="24"/>
 <SubTexture name="Graphic/shape 655" x="165" y="84" width="21" height="33"/>
 <SubTexture name="Graphic/shape 656" x="102" y="60" width="9" height="36"/>
 <SubTexture name="Graphic/shape 657" x="417" y="173" width="22" height="18"/>
 <SubTexture name="Graphic/shape 658" x="0" y="56" width="34" height="29"/>
 <SubTexture name="Graphic/shape 659" x="232" y="289" width="38" height="18"/>
 <SubTexture name="Graphic/shape 660" x="139" y="194" width="24" height="20"/>
 <SubTexture name="Graphic/shape 661" x="127" y="99" width="23" height="33"/>
 <SubTexture name="Graphic/shape 662" x="111" y="102" width="15" height="33"/>
 <SubTexture name="sprite 664" x="293" y="180" width="17" height="14"/>
 <SubTexture name="Graphic/shape 665" x="141" y="177" width="23" height="16"/>
 <SubTexture name="Graphic/shape 666" x="63" y="181" width="18" height="13"/>
 <SubTexture name="Graphic/shape 667" x="84" y="58" width="5" height="33"/>
 <SubTexture name="Graphic/shape 668" x="347" y="100" width="23" height="28"/>
 <SubTexture name="Graphic/shape 669" x="404" y="60" width="13" height="40"/>
 <SubTexture name="Graphic/shape 670" x="460" y="34" width="31" height="35"/>
 <SubTexture name="Graphic/shape 671" x="455" y="150" width="35" height="17"/>
 <SubTexture name="sprite 673" x="417" y="136" width="12" height="19"/>
 <SubTexture name="Graphic/shape 674" x="230" y="92" width="20" height="33"/>
 <SubTexture name="Graphic/shape 675" x="255" y="0" width="15" height="60"/>
 <SubTexture name="Graphic/shape 676" x="364" y="235" width="28" height="16"/>
 <SubTexture name="Graphic/shape 677" x="131" y="59" width="20" height="39"/>
 <SubTexture name="Graphic/shape 678" x="0" y="86" width="34" height="22"/>
 <SubTexture name="Graphic/shape 679" x="455" y="70" width="36" height="21"/>
 <SubTexture name="Graphic/shape 680" x="417" y="192" width="22" height="15"/>
 <SubTexture name="Graphic/shape 681" x="230" y="52" width="22" height="39"/>
 <SubTexture name="Graphic/shape 682" x="66" y="58" width="17" height="44"/>
 <SubTexture name="Graphic/shape 683" x="111" y="136" width="15" height="23"/>
 <SubTexture name="Graphic/shape 684" x="270" y="70" width="6" height="27"/>
 <SubTexture name="Graphic/shape 685" x="202" y="36" width="7" height="47"/>
 <SubTexture name="Graphic/shape 686" x="35" y="99" width="21" height="29"/>
 <SubTexture name="Graphic/shape 687" x="440" y="100" width="14" height="34"/>
 <SubTexture name="sprite 521" x="508" y="0" width="2" height="37"/>
 <SubTexture name="sprite 549" x="505" y="0" width="2" height="37"/>
</TextureAtlas>