<TextureAtlas name="location_mc" imagePath="texture.png">
 <SubTexture name="Symbol 1743" x="1274" y="726" width="619" height="106"/>
 <SubTexture name="__dbTextures/location_mc/Layer 49_1" x="654" y="726" width="619" height="106"/>
 <SubTexture name="Symbol 58" x="0" y="0" width="915" height="184"/>
 <SubTexture name="Symbol 62" x="654" y="442" width="43" height="50"/>
 <SubTexture name="Symbol 1744" x="0" y="185" width="653" height="291"/>
 <SubTexture name="Symbol 1845" x="0" y="477" width="653" height="291"/>
 <SubTexture name="Symbol 1823" x="1475" y="165" width="178" height="178"/>
 <SubTexture name="Symbol 94" x="749" y="185" width="45" height="199"/>
 <SubTexture name="Symbol 96" x="843" y="185" width="46" height="194"/>
 <SubTexture name="Symbol 98" x="702" y="185" width="45" height="200"/>
 <SubTexture name="Symbol 100" x="796" y="185" width="46" height="194"/>
 <SubTexture name="Symbol 102" x="654" y="185" width="47" height="200"/>
 <SubTexture name="Symbol 104" x="1475" y="344" width="93" height="47"/>
 <SubTexture name="Symbol 117" x="1205" y="537" width="654" height="188"/>
 <SubTexture name="Symbol 119" x="1787" y="430" width="29" height="20"/>
 <SubTexture name="Symbol 121" x="654" y="493" width="43" height="22"/>
 <SubTexture name="Symbol 123" x="1840" y="281" width="28" height="20"/>
 <SubTexture name="Symbol 155" x="912" y="509" width="292" height="38"/>
 <SubTexture name="Symbol 1847" x="1654" y="382" width="71" height="48"/>
 <SubTexture name="Symbol 125" x="916" y="0" width="558" height="508"/>
 <SubTexture name="Symbol 1851" x="1524" y="505" width="65" height="31"/>
 <SubTexture name="Symbol 66" x="1840" y="252" width="28" height="28"/>
 <SubTexture name="Symbol 68" x="1532" y="393" width="32" height="32"/>
 <SubTexture name="Symbol 69" x="1840" y="223" width="28" height="28"/>
 <SubTexture name="Symbol 70" x="1532" y="426" width="32" height="32"/>
 <SubTexture name="Symbol 71" x="1840" y="194" width="28" height="28"/>
 <SubTexture name="Symbol 72" x="1897" y="401" width="32" height="32"/>
 <SubTexture name="__dbTextures/Symbol 73/Layer 1_0" x="890" y="258" width="11" height="18"/>
 <SubTexture name="Symbol 1745" x="1870" y="0" width="166" height="172"/>
 <SubTexture name="Symbol 78" x="1869" y="276" width="106" height="90"/>
 <SubTexture name="Symbol 82" x="749" y="498" width="54" height="49"/>
 <SubTexture name="Symbol 1748" x="1737" y="321" width="64" height="65"/>
 <SubTexture name="Symbol 84" x="1976" y="276" width="67" height="69"/>
 <SubTexture name="Symbol 86" x="1976" y="346" width="57" height="65"/>
 <SubTexture name="Symbol 1759" x="1569" y="388" width="60" height="58"/>
 <SubTexture name="Symbol 1746" x="1654" y="165" width="173" height="155"/>
 <SubTexture name="Symbol 1761" x="1569" y="344" width="84" height="43"/>
 <SubTexture name="Symbol 1795" x="1896" y="491" width="48" height="57"/>
 <SubTexture name="Symbol 1797" x="792" y="440" width="50" height="57"/>
 <SubTexture name="Symbol 1799" x="698" y="445" width="50" height="57"/>
 <SubTexture name="Symbol 1793" x="1753" y="451" width="48" height="57"/>
 <SubTexture name="Symbol 1801" x="843" y="437" width="50" height="57"/>
 <SubTexture name="Symbol 105" x="1840" y="367" width="93" height="33"/>
 <SubTexture name="Symbol 107" x="1565" y="447" width="50" height="57"/>
 <SubTexture name="Symbol 108" x="1654" y="321" width="82" height="60"/>
 <SubTexture name="Symbol 110" x="1870" y="173" width="167" height="102"/>
 <SubTexture name="位图 3" x="843" y="380" width="63" height="55"/>
 <SubTexture name="位图 4" x="1630" y="431" width="70" height="40"/>
 <SubTexture name="位图 5" x="843" y="495" width="67" height="35"/>
 <SubTexture name="位图 6" x="1970" y="412" width="70" height="40"/>
 <SubTexture name="Symbol 1825" x="1787" y="388" width="31" height="41"/>
 <SubTexture name="Symbol 1827" x="902" y="275" width="11" height="12"/>
 <SubTexture name="Symbol 1829" x="902" y="258" width="12" height="15"/>
 <SubTexture name="Symbol 1831" x="1840" y="165" width="29" height="28"/>
 <SubTexture name="Symbol 1833" x="2001" y="454" width="44" height="39"/>
 <SubTexture name="Symbol 1837" x="1851" y="461" width="44" height="39"/>
 <SubTexture name="Symbol 1835" x="1828" y="165" width="11" height="280"/>
 <SubTexture name="Symbol 1842" x="1475" y="0" width="394" height="164"/>
 <SubTexture name="Symbol 181" x="1897" y="434" width="54" height="56"/>
 <SubTexture name="Symbol 183" x="654" y="386" width="44" height="55"/>
 <SubTexture name="Symbol 185" x="749" y="385" width="42" height="58"/>
 <SubTexture name="Symbol 187" x="1934" y="367" width="35" height="62"/>
 <SubTexture name="Symbol 189" x="796" y="380" width="46" height="59"/>
 <SubTexture name="__dbTextures/Symbol 1766/Layer 3_0" x="890" y="220" width="18" height="24"/>
 <SubTexture name="位图 7" x="890" y="185" width="18" height="33"/>
 <SubTexture name="Symbol 1765" x="890" y="245" width="17" height="11"/>
 <SubTexture name="Symbol 1769" x="1726" y="388" width="60" height="58"/>
 <SubTexture name="Symbol 1807" x="1952" y="454" width="48" height="57"/>
 <SubTexture name="Symbol 1809" x="1475" y="453" width="48" height="57"/>
 <SubTexture name="Symbol 1811" x="1802" y="461" width="48" height="57"/>
 <SubTexture name="Symbol 1805" x="1616" y="473" width="48" height="57"/>
 <SubTexture name="Symbol 1818" x="1702" y="448" width="50" height="57"/>
 <SubTexture name="Symbol 1820" x="1475" y="393" width="56" height="59"/>
 <SubTexture name="Symbol 1814" x="1840" y="401" width="56" height="59"/>
 <SubTexture name="Symbol 1816" x="699" y="386" width="49" height="58"/>
</TextureAtlas>