<TextureAtlas name="sure_mc" imagePath="texture.png">
 <SubTexture name="Symbol 2093" x="180" y="0" width="69" height="78"/>
 <SubTexture name="Symbol 1691" x="0" y="0" width="179" height="86"/>
 <SubTexture name="位图 35" x="0" y="112" width="115" height="25"/>
 <SubTexture name="位图 34" x="0" y="88" width="161" height="22"/>
 <SubTexture name="Symbol 1694" x="89" y="139" width="22" height="22"/>
 <SubTexture name="__dbTextures/sure_mc/Layer 1_0" x="234" y="79" width="15" height="19"/>
 <SubTexture name="Symbol 1695" x="180" y="79" width="53" height="40"/>
 <SubTexture name="位图 25" x="112" y="161" width="40" height="40"/>
 <SubTexture name="位图 26" x="44" y="139" width="43" height="43"/>
 <SubTexture name="位图 27" x="154" y="167" width="40" height="40"/>
 <SubTexture name="位图 28" x="196" y="167" width="40" height="40"/>
 <SubTexture name="位图 29" x="0" y="139" width="42" height="45"/>
 <SubTexture name="位图 30" x="117" y="112" width="44" height="47"/>
 <SubTexture name="位图 31" x="163" y="120" width="42" height="45"/>
 <SubTexture name="位图 32" x="207" y="120" width="42" height="45"/>
</TextureAtlas>