<root name="paper_mc" isGlobal="0" frameRate="30" version="3.0">
 <armature name="paper_mc">
  <skin name="default">
   <slot name="Layer 14" z="0" parent="Layer 14">
    <display name="Symbol 2077" type="image">
     <transform x="0" pX="325" pY="225" skX="0" skY="0" scX="1" y="0" scY="1"/>
    </display>
   </slot>
   <slot name="Layer 13" z="1" parent="Layer 13">
    <display name="Symbol 2113" type="image">
     <transform x="0" pX="215.55" pY="159.35" skX="0" skY="0" scX="1" y="0" scY="1"/>
    </display>
   </slot>
   <slot name="Layer 12" z="2" parent="Layer 12">
    <display name="位图 1" type="image">
     <transform x="-36.5" pX="0" pY="0" skX="0" skY="0" scX="1" y="-6.5" scY="1"/>
    </display>
   </slot>
   <slot name="Layer 11" z="3" parent="Layer 11">
    <display name="Symbol 2116" type="image">
     <transform x="0" pX="198.15" pY="143" skX="0" skY="0" scX="1" y="0" scY="1"/>
    </display>
   </slot>
   <slot name="news_cl" z="4" parent="news_cl">
    <display name="news_cl" type="armature">
     <transform scY="1" skY="0" x="0" scX="1" skX="0" y="0"/>
    </display>
   </slot>
   <slot name="Layer 9" z="5" parent="Layer 9">
    <display name="位图 20" type="image">
     <transform x="-20.5" pX="0" pY="0" skX="0" skY="0" scX="1" y="-11" scY="1"/>
    </display>
   </slot>
   <slot name="pts_tx" z="6" parent="pts_tx">
    <display name="位图 19" type="image">
     <transform x="-16" pX="0" pY="0" skX="0" skY="0" scX="1" y="-11" scY="1"/>
    </display>
   </slot>
   <slot name="fish_tx" z="7" parent="fish_tx">
    <display name="位图 18" type="image">
     <transform x="-21" pX="0" pY="0" skX="0" skY="0" scX="1" y="-11" scY="1"/>
    </display>
   </slot>
   <slot name="Layer 6" z="8" parent="Layer 6">
    <display name="Symbol 2134" type="image">
     <transform x="0" pX="10.15" pY="5.75" skX="0" skY="0" scX="1" y="0" scY="1"/>
    </display>
   </slot>
   <slot name="r_tx" z="9" parent="r_tx">
    <display name="位图 17" type="image">
     <transform x="-109.5" pX="0" pY="0" skX="0" skY="0" scX="1" y="-13" scY="1"/>
    </display>
   </slot>
   <slot name="Layer 4" z="10" parent="Layer 4">
    <display name="Symbol 2136" type="image">
     <transform x="0" pX="148.9" pY="-23.6" skX="0" skY="0" scX="1" y="0" scY="1"/>
    </display>
   </slot>
   <slot name="Layer 3" z="11" parent="Layer 3">
    <display name="位图 16" type="image">
     <transform x="-33" pX="0" pY="0" skX="0" skY="0" scX="1" y="-13" scY="1"/>
    </display>
   </slot>
   <slot name="Layer 2" z="12" parent="Layer 2">
    <display name="位图 15" type="image">
     <transform x="-24" pX="0" pY="0" skX="0" skY="0" scX="1" y="-8.5" scY="1"/>
    </display>
   </slot>
   <slot name="Layer 1" z="13" parent="Layer 1">
    <display name="__dbTextures/paper_mc/Layer 1_0" type="image">
     <transform x="-163.7" pX="0" pY="0" skX="0" skY="0" scX="1" y="-95.35" scY="1"/>
    </display>
   </slot>
  </skin>
  <bone name="fish_tx">
   <transform y="-10" skY="0" x="95.95" scX="1" skX="0" scY="1"/>
  </bone>
  <bone name="Layer 13">
   <transform y="0" skY="0" x="0" scX="1" skX="0" scY="1"/>
  </bone>
  <bone name="Layer 12">
   <transform y="-26.9" skY="0" x="-145.6" scX="1" skX="0" scY="1"/>
  </bone>
  <bone name="Layer 11">
   <transform y="0" skY="0" x="0" scX="1" skX="0" scY="1"/>
  </bone>
  <bone name="news_cl">
   <transform y="39.7" skY="0" x="-87" scX="1" skX="0" scY="1"/>
  </bone>
  <bone name="Layer 9">
   <transform y="-10" skY="0" x="29.95" scX="1" skX="0" scY="1"/>
  </bone>
  <bone name="pts_tx">
   <transform y="-10" skY="0" x="0.4" scX="1" skX="0" scY="1"/>
  </bone>
  <bone name="Layer 14">
   <transform y="40.9" skY="0" x="25.15" scX="1.09" skX="0" scY="1.09"/>
  </bone>
  <bone name="Layer 6">
   <transform y="-10.05" skY="0" x="116.3" scX="1" skX="0" scY="1"/>
  </bone>
  <bone name="r_tx">
   <transform y="11.9" skY="0" x="121.1" scX="1" skX="0" scY="1"/>
  </bone>
  <bone name="Layer 4">
   <transform y="0" skY="0" x="0" scX="1" skX="0" scY="1"/>
  </bone>
  <bone name="Layer 3">
   <transform y="137.9" skY="0" x="120.65" scX="1" skX="0" scY="1"/>
  </bone>
  <bone name="Layer 2">
   <transform y="123.7" skY="0" x="131.55" scX="1" skX="0" scY="1"/>
  </bone>
  <bone name="Layer 1">
   <transform y="-31.7" skY="0" x="-24.6" scX="1" skX="0" scY="1"/>
  </bone>
  <animation name="paper_mc" scale="1" loop="1" duration="1" autoTween="NaN" fadeInTime="0.3" tweenEasing="NaN">
   <timeline name="Layer 14" scale="1" pX="0" pY="0" offset="0">
    <frame z="0" duration="1">
     <transform x="0" pX="0" pY="0" skX="0" skY="0" scX="1" y="0" scY="1"/>
     <colorTransform bM="100" gO="0" bO="0" aM="40" rM="100" aO="0" gM="100" rO="0"/>
    </frame>
   </timeline>
   <timeline name="Layer 13" scale="1" pX="0" pY="0" offset="0">
    <frame z="0" duration="1">
     <transform x="0" pX="0" pY="0" skX="0" skY="0" scX="1" y="0" scY="1"/>
    </frame>
   </timeline>
   <timeline name="Layer 12" scale="1" pX="0" pY="0" offset="0">
    <frame z="0" duration="1">
     <transform x="0" pX="0" pY="0" skX="0" skY="0" scX="1" y="0" scY="1"/>
    </frame>
   </timeline>
   <timeline name="Layer 11" scale="1" pX="0" pY="0" offset="0">
    <frame z="0" duration="1">
     <transform x="0" pX="0" pY="0" skX="0" skY="0" scX="1" y="0" scY="1"/>
    </frame>
   </timeline>
   <timeline name="news_cl" scale="1" pX="0" pY="0" offset="0">
    <frame z="0" duration="1">
     <transform x="0" pX="0" pY="0" skX="0" skY="0" scX="1" y="0" scY="1"/>
    </frame>
   </timeline>
   <timeline name="Layer 9" scale="1" pX="0" pY="0" offset="0">
    <frame z="0" duration="1">
     <transform x="0" pX="0" pY="0" skX="0" skY="0" scX="1" y="0" scY="1"/>
    </frame>
   </timeline>
   <timeline name="pts_tx" scale="1" pX="0" pY="0" offset="0">
    <frame z="0" duration="1">
     <transform x="0" pX="0" pY="0" skX="0" skY="0" scX="1" y="0" scY="1"/>
    </frame>
   </timeline>
   <timeline name="fish_tx" scale="1" pX="0" pY="0" offset="0">
    <frame z="0" duration="1">
     <transform x="0" pX="0" pY="0" skX="0" skY="0" scX="1" y="0" scY="1"/>
    </frame>
   </timeline>
   <timeline name="Layer 6" scale="1" pX="0" pY="0" offset="0">
    <frame z="0" duration="1">
     <transform x="0" pX="0" pY="0" skX="0" skY="0" scX="1" y="0" scY="1"/>
    </frame>
   </timeline>
   <timeline name="r_tx" scale="1" pX="0" pY="0" offset="0">
    <frame z="0" duration="1">
     <transform x="0" pX="0" pY="0" skX="0" skY="0" scX="1" y="0" scY="1"/>
    </frame>
   </timeline>
   <timeline name="Layer 4" scale="1" pX="0" pY="0" offset="0">
    <frame z="0" duration="1">
     <transform x="0" pX="0" pY="0" skX="0" skY="0" scX="1" y="0" scY="1"/>
    </frame>
   </timeline>
   <timeline name="Layer 3" scale="1" pX="0" pY="0" offset="0">
    <frame z="0" duration="1">
     <transform x="0" pX="0" pY="0" skX="0" skY="0" scX="1" y="0" scY="1"/>
    </frame>
   </timeline>
   <timeline name="Layer 2" scale="1" pX="0" pY="0" offset="0">
    <frame z="0" duration="1">
     <transform x="0" pX="0" pY="0" skX="0" skY="0" scX="1" y="0" scY="1"/>
    </frame>
   </timeline>
   <timeline name="Layer 1" scale="1" pX="0" pY="0" offset="0">
    <frame z="0" duration="1" tweenEasing="NaN">
     <transform x="0" pX="0" pY="0" skX="0" skY="0" scX="1" y="0" scY="1"/>
    </frame>
   </timeline>
  </animation>
 </armature>
 <armature name="news_cl">
  <skin name="default">
   <slot name="bg" z="0" parent="bg">
    <display name="Symbol 2119" type="image">
     <transform x="0" pX="89" pY="-89.95" skX="0" skY="0" scX="1" y="0" scY="1"/>
    </display>
   </slot>
   <slot name="cat2" z="1" parent="cat2">
    <display name="Symbol 2120" type="armature">
     <transform scY="1" skY="0" x="0" scX="1" skX="0" y="0"/>
    </display>
    <display name="Symbol 2123" type="image">
     <transform x="0" pX="48.1" pY="29.55" skX="0" skY="0" scX="1" y="0" scY="1"/>
    </display>
    <display name="Symbol 2125" type="armature">
     <transform scY="1" skY="0" x="0" scX="1" skX="0" y="0"/>
    </display>
    <display name="Symbol 2127" type="armature">
     <transform scY="1" skY="0" x="0" scX="1" skX="0" y="0"/>
    </display>
   </slot>
   <slot name="cat1" z="2" parent="cat1">
    <display name="Symbol 2121" type="armature">
     <transform scY="1" skY="0" x="0" scX="1" skX="0" y="0"/>
    </display>
    <display name="Symbol 2124" type="armature">
     <transform scY="1" skY="0" x="0" scX="1" skX="0" y="0"/>
    </display>
    <display name="Symbol 2126" type="armature">
     <transform scY="1" skY="0" x="0" scX="1" skX="0" y="0"/>
    </display>
    <display name="Symbol 2128" type="armature">
     <transform scY="1" skY="0" x="0" scX="1" skX="0" y="0"/>
    </display>
   </slot>
   <slot name="mask" z="3" parent="mask">
    <display name="Symbol 2117" type="image">
     <transform x="0" pX="60.3" pY="56.85" skX="0" skY="0" scX="1" y="0" scY="1"/>
    </display>
   </slot>
   <slot name="Layer 1" z="4" parent="Layer 1">
    <display name="__dbTextures/news_cl/Layer 1_0" type="image">
     <transform x="-60.3" pX="2" pY="2" skX="0" skY="0" scX="1" y="-56.85" scY="1"/>
    </display>
   </slot>
  </skin>
  <bone name="cat1">
   <transform y="-16.9" skY="0" x="38.75" scX="-1.17" skX="0" scY="1.17"/>
  </bone>
  <bone name="cat2">
   <transform y="-11.2" skY="0" x="-24.05" scX="1.17" skX="0" scY="1.17"/>
  </bone>
  <bone name="bg">
   <transform y="-219.3" skY="0" x="-92.85" scX="0.75" skX="0" scY="0.75"/>
  </bone>
  <bone name="mask">
   <transform y="0" skY="0" x="0" scX="1" skX="0" scY="1"/>
  </bone>
  <bone name="Layer 1">
   <transform y="0" skY="0" x="0" scX="1" skX="0" scY="1"/>
  </bone>
  <animation name="news_cl" scale="1" loop="1" duration="4" autoTween="NaN" fadeInTime="0.3" tweenEasing="NaN">
   <timeline name="bg" scale="1" pX="0" pY="0" offset="0">
    <frame z="0" duration="4">
     <transform x="0" pX="0" pY="0" skX="0" skY="0" scX="1" y="0" scY="1"/>
    </frame>
   </timeline>
   <timeline name="cat2" scale="1" pX="0" pY="0" offset="0">
    <frame z="0" duration="1">
     <transform x="0" pX="0" pY="0" skX="0" skY="0" scX="1" y="0" scY="1"/>
    </frame>
    <frame displayIndex="1" z="0" duration="1">
     <transform x="9.700000000000001" pX="0" pY="0" skX="0" skY="0" scX="1" y="12.1" scY="1"/>
    </frame>
    <frame displayIndex="2" z="0" duration="1">
     <transform x="15.850000000000001" pX="0" pY="0" skX="0" skY="0" scX="1" y="22.9" scY="1"/>
    </frame>
    <frame displayIndex="3" z="0" duration="1">
     <transform x="0.75" pX="0" pY="0" skX="0" skY="0" scX="1" y="25.6" scY="1"/>
    </frame>
   </timeline>
   <timeline name="cat1" scale="1" pX="0" pY="0" offset="0">
    <frame z="0" duration="1">
     <transform x="0" pX="0" pY="0" skX="0" skY="0" scX="1" y="0" scY="1"/>
    </frame>
    <frame displayIndex="1" z="0" duration="1">
     <transform x="6.100000000000001" pX="0" pY="0" skX="0" skY="0" scX="1" y="6.999999999999998" scY="1"/>
    </frame>
    <frame displayIndex="2" z="0" duration="1">
     <transform x="18.15" pX="0" pY="0" skX="0" skY="0" scX="1" y="11.899999999999999" scY="1"/>
    </frame>
    <frame displayIndex="3" z="0" duration="1">
     <transform x="13.799999999999997" pX="0" pY="0" skX="0" skY="0" scX="1" y="33.2" scY="1"/>
    </frame>
   </timeline>
   <timeline name="mask" scale="1" pX="0" pY="0" offset="0">
    <frame z="0" duration="4">
     <transform x="0" pX="0" pY="0" skX="0" skY="0" scX="1" y="0" scY="1"/>
    </frame>
   </timeline>
   <timeline name="Layer 1" scale="1" pX="0" pY="0" offset="0">
    <frame z="0" duration="4" tweenEasing="NaN">
     <transform x="0" pX="0" pY="0" skX="0" skY="0" scX="1" y="0" scY="1"/>
    </frame>
   </timeline>
  </animation>
 </armature>
 <armature name="Symbol 2120">
  <skin name="default">
   <slot name="tail_cl" z="0" parent="tail_cl">
    <display name="cat2.tail_cl" type="image">
     <transform x="0" pX="18.95" pY="19" skX="0" skY="0" scX="1" y="0" scY="1"/>
    </display>
   </slot>
   <slot name="cloak_cl" z="1" parent="cloak_cl">
    <display name="cat2.cloak_cl" type="image">
     <transform x="0" pX="18.95" pY="19" skX="0" skY="0" scX="1" y="0" scY="1"/>
    </display>
   </slot>
   <slot name="hand_l_cl" z="2" parent="hand_l_cl">
    <display name="cat2.hand_l_cl" type="image">
     <transform x="0" pX="18.95" pY="19" skX="0" skY="0" scX="1" y="0" scY="1"/>
    </display>
   </slot>
   <slot name="foot2_cl" z="3" parent="foot2_cl">
    <display name="cat2.foot1_cl" type="image">
     <transform x="0" pX="18.95" pY="19" skX="0" skY="0" scX="1" y="0" scY="1"/>
    </display>
   </slot>
   <slot name="foot1_cl" z="4" parent="foot1_cl">
    <display name="cat2.foot1_cl" type="image">
     <transform x="0" pX="18.95" pY="19" skX="0" skY="0" scX="1" y="0" scY="1"/>
    </display>
   </slot>
   <slot name="body_cl" z="5" parent="body_cl">
    <display name="cat2.body_cl" type="image">
     <transform x="0" pX="18.95" pY="19" skX="0" skY="0" scX="1" y="0" scY="1"/>
    </display>
   </slot>
   <slot name="Layer 3" z="6" parent="Layer 3">
    <display name="cat2.skirt_cl" type="image">
     <transform x="0" pX="18.95" pY="19" skX="0" skY="0" scX="1" y="0" scY="1"/>
    </display>
   </slot>
   <slot name="head_cl" z="7" parent="head_cl">
    <display name="cat2.head_cl" type="image">
     <transform x="0" pX="18.95" pY="19" skX="0" skY="0" scX="1" y="0" scY="1"/>
    </display>
   </slot>
   <slot name="hand_r_cl" z="8" parent="hand_r_cl">
    <display name="cat_drag_mc.cat.hand_r_cl" type="image">
     <transform x="0" pX="18.95" pY="19" skX="0" skY="0" scX="1" y="0" scY="1"/>
    </display>
   </slot>
  </skin>
  <bone name="foot1_cl">
   <transform y="42.95" skY="-37.23" x="8.3" scX="1" skX="-37.23" scY="1"/>
  </bone>
  <bone name="cloak_cl">
   <transform y="29.05" skY="0" x="5.6" scX="1" skX="0" scY="1"/>
  </bone>
  <bone name="hand_l_cl">
   <transform y="29.95" skY="-17.01" x="7.8" scX="1" skX="-17.01" scY="1"/>
  </bone>
  <bone name="foot2_cl">
   <transform y="36.2" skY="-70.44" x="16.3" scX="1" skX="-70.44" scY="1"/>
  </bone>
  <bone name="tail_cl">
   <transform y="33.05" skY="-30" x="-10.95" scX="1" skX="-30" scY="1"/>
  </bone>
  <bone name="body_cl">
   <transform y="28.05" skY="-33.96" x="4.85" scX="1" skX="-33.96" scY="1"/>
  </bone>
  <bone name="Layer 3">
   <transform y="34.1" skY="-33.96" x="10.2" scX="1" skX="-33.96" scY="1"/>
  </bone>
  <bone name="head_cl">
   <transform y="11.05" skY="-34.45" x="-1.55" scX="1" skX="-34.45" scY="1"/>
  </bone>
  <bone name="hand_r_cl">
   <transform y="34.4" skY="39.43" x="-7.45" scX="1" skX="39.43" scY="1"/>
  </bone>
  <animation name="cat2" scale="1" loop="1" duration="1" autoTween="NaN" fadeInTime="0.3" tweenEasing="NaN">
   <timeline name="tail_cl" scale="1" pX="0" pY="0" offset="0">
    <frame z="0" duration="1">
     <transform x="0" pX="0" pY="0" skX="0" skY="0" scX="1" y="0" scY="1"/>
    </frame>
   </timeline>
   <timeline name="cloak_cl" scale="1" pX="0" pY="0" offset="0">
    <frame z="0" duration="1">
     <transform x="0" pX="0" pY="0" skX="0" skY="0" scX="1" y="0" scY="1"/>
    </frame>
   </timeline>
   <timeline name="hand_l_cl" scale="1" pX="0" pY="0" offset="0">
    <frame z="0" duration="1">
     <transform x="0" pX="0" pY="0" skX="0" skY="0" scX="1" y="0" scY="1"/>
    </frame>
   </timeline>
   <timeline name="foot2_cl" scale="1" pX="0" pY="0" offset="0">
    <frame z="0" duration="1">
     <transform x="0" pX="0" pY="0" skX="0" skY="0" scX="1" y="0" scY="1"/>
    </frame>
   </timeline>
   <timeline name="foot1_cl" scale="1" pX="0" pY="0" offset="0">
    <frame z="0" duration="1">
     <transform x="0" pX="0" pY="0" skX="0" skY="0" scX="1" y="0" scY="1"/>
    </frame>
   </timeline>
   <timeline name="body_cl" scale="1" pX="0" pY="0" offset="0">
    <frame z="0" duration="1">
     <transform x="0" pX="0" pY="0" skX="0" skY="0" scX="1" y="0" scY="1"/>
    </frame>
   </timeline>
   <timeline name="Layer 3" scale="1" pX="0" pY="0" offset="0">
    <frame z="0" duration="1">
     <transform x="0" pX="0" pY="0" skX="0" skY="0" scX="1" y="0" scY="1"/>
    </frame>
   </timeline>
   <timeline name="head_cl" scale="1" pX="0" pY="0" offset="0">
    <frame z="0" duration="1">
     <transform x="0" pX="0" pY="0" skX="0" skY="0" scX="1" y="0" scY="1"/>
    </frame>
   </timeline>
   <timeline name="hand_r_cl" scale="1" pX="0" pY="0" offset="0">
    <frame z="0" duration="1">
     <transform x="0" pX="0" pY="0" skX="0" skY="0" scX="1" y="0" scY="1"/>
    </frame>
   </timeline>
  </animation>
 </armature>
 <armature name="Symbol 2125">
  <skin name="default">
   <slot name="tail_cl" z="0" parent="tail_cl">
    <display name="cat2.tail_cl" type="image">
     <transform x="0" pX="18.95" pY="19" skX="0" skY="0" scX="1" y="0" scY="1"/>
    </display>
   </slot>
   <slot name="cloak_cl" z="1" parent="cloak_cl">
    <display name="cat2.cloak_cl" type="image">
     <transform x="0" pX="18.95" pY="19" skX="0" skY="0" scX="1" y="0" scY="1"/>
    </display>
   </slot>
   <slot name="hand_l_cl" z="2" parent="hand_l_cl">
    <display name="cat2.hand_l_cl" type="image">
     <transform x="0" pX="18.95" pY="19" skX="0" skY="0" scX="1" y="0" scY="1"/>
    </display>
   </slot>
   <slot name="foot2_cl" z="3" parent="foot2_cl">
    <display name="cat2.foot1_cl" type="image">
     <transform x="0" pX="18.95" pY="19" skX="0" skY="0" scX="1" y="0" scY="1"/>
    </display>
   </slot>
   <slot name="foot1_cl" z="4" parent="foot1_cl">
    <display name="cat2.foot1_cl" type="image">
     <transform x="0" pX="18.95" pY="19" skX="0" skY="0" scX="1" y="0" scY="1"/>
    </display>
   </slot>
   <slot name="body_cl" z="5" parent="body_cl">
    <display name="cat2.body_cl" type="image">
     <transform x="0" pX="18.95" pY="19" skX="0" skY="0" scX="1" y="0" scY="1"/>
    </display>
   </slot>
   <slot name="skirt_cl" z="6" parent="skirt_cl">
    <display name="cat2.skirt_cl" type="image">
     <transform x="0" pX="18.95" pY="19" skX="0" skY="0" scX="1" y="0" scY="1"/>
    </display>
   </slot>
   <slot name="head_cl" z="7" parent="head_cl">
    <display name="cat2.head_cl" type="image">
     <transform x="0" pX="18.95" pY="19" skX="0" skY="0" scX="1" y="0" scY="1"/>
    </display>
   </slot>
   <slot name="hand_r_cl" z="8" parent="hand_r_cl">
    <display name="cat_drag_mc.cat.hand_r_cl" type="image">
     <transform x="0" pX="18.95" pY="19" skX="0" skY="0" scX="1" y="0" scY="1"/>
    </display>
   </slot>
  </skin>
  <bone name="foot1_cl">
   <transform y="5.2" skY="-42.2" x="12.85" scX="-1" skX="-42.2" scY="1"/>
  </bone>
  <bone name="cloak_cl">
   <transform y="5.1" skY="-94.44" x="2.05" scX="-1" skX="-94.44" scY="1"/>
  </bone>
  <bone name="hand_l_cl">
   <transform y="12.6" skY="54.75" x="-7.2" scX="-1" skX="54.75" scY="1"/>
  </bone>
  <bone name="foot2_cl">
   <transform y="12.8" skY="-24" x="9.85" scX="-1" skX="-24" scY="1"/>
  </bone>
  <bone name="tail_cl">
   <transform y="-11.7" skY="-64.44" x="4.8" scX="-1" skX="-64.44" scY="1"/>
  </bone>
  <bone name="body_cl">
   <transform y="4.5" skY="-90.48" x="1.05" scX="-1" skX="-90.48" scY="1"/>
  </bone>
  <bone name="skirt_cl">
   <transform y="9.35" skY="-60.48" x="7.5" scX="-1" skX="-60.48" scY="1"/>
  </bone>
  <bone name="head_cl">
   <transform y="-0.8" skY="-59.98" x="-16.9" scX="-1" skX="-59.98" scY="1"/>
  </bone>
  <bone name="hand_r_cl">
   <transform y="-1.5" skY="67.34" x="-2.75" scX="-1" skX="67.34" scY="1"/>
  </bone>
  <animation name="cat2" scale="1" loop="1" duration="1" autoTween="NaN" fadeInTime="0.3" tweenEasing="NaN">
   <timeline name="tail_cl" scale="1" pX="0" pY="0" offset="0">
    <frame z="0" duration="1">
     <transform x="0" pX="0" pY="0" skX="0" skY="0" scX="1" y="0" scY="1"/>
    </frame>
   </timeline>
   <timeline name="cloak_cl" scale="1" pX="0" pY="0" offset="0">
    <frame z="0" duration="1">
     <transform x="0" pX="0" pY="0" skX="0" skY="0" scX="1" y="0" scY="1"/>
    </frame>
   </timeline>
   <timeline name="hand_l_cl" scale="1" pX="0" pY="0" offset="0">
    <frame z="0" duration="1">
     <transform x="0" pX="0" pY="0" skX="0" skY="0" scX="1" y="0" scY="1"/>
    </frame>
   </timeline>
   <timeline name="foot2_cl" scale="1" pX="0" pY="0" offset="0">
    <frame z="0" duration="1">
     <transform x="0" pX="0" pY="0" skX="0" skY="0" scX="1" y="0" scY="1"/>
    </frame>
   </timeline>
   <timeline name="foot1_cl" scale="1" pX="0" pY="0" offset="0">
    <frame z="0" duration="1">
     <transform x="0" pX="0" pY="0" skX="0" skY="0" scX="1" y="0" scY="1"/>
    </frame>
   </timeline>
   <timeline name="body_cl" scale="1" pX="0" pY="0" offset="0">
    <frame z="0" duration="1">
     <transform x="0" pX="0" pY="0" skX="0" skY="0" scX="1" y="0" scY="1"/>
    </frame>
   </timeline>
   <timeline name="skirt_cl" scale="1" pX="0" pY="0" offset="0">
    <frame z="0" duration="1">
     <transform x="0" pX="0" pY="0" skX="0" skY="0" scX="1" y="0" scY="1"/>
    </frame>
   </timeline>
   <timeline name="head_cl" scale="1" pX="0" pY="0" offset="0">
    <frame z="0" duration="1">
     <transform x="0" pX="0" pY="0" skX="0" skY="0" scX="1" y="0" scY="1"/>
    </frame>
   </timeline>
   <timeline name="hand_r_cl" scale="1" pX="0" pY="0" offset="0">
    <frame z="0" duration="1">
     <transform x="0" pX="0" pY="0" skX="0" skY="0" scX="1" y="0" scY="1"/>
    </frame>
   </timeline>
  </animation>
 </armature>
 <armature name="Symbol 2127">
  <skin name="default">
   <slot name="tail_cl" z="0" parent="tail_cl">
    <display name="cat2.tail_cl" type="image">
     <transform x="0" pX="18.95" pY="19" skX="0" skY="0" scX="1" y="0" scY="1"/>
    </display>
   </slot>
   <slot name="cloak_cl" z="1" parent="cloak_cl">
    <display name="cat2.cloak_cl" type="image">
     <transform x="0" pX="18.95" pY="19" skX="0" skY="0" scX="1" y="0" scY="1"/>
    </display>
   </slot>
   <slot name="hand_l_cl" z="2" parent="hand_l_cl">
    <display name="cat2.hand_l_cl" type="image">
     <transform x="0" pX="18.95" pY="19" skX="0" skY="0" scX="1" y="0" scY="1"/>
    </display>
   </slot>
   <slot name="foot2_cl" z="3" parent="foot2_cl">
    <display name="cat2.foot1_cl" type="image">
     <transform x="0" pX="18.95" pY="19" skX="0" skY="0" scX="1" y="0" scY="1"/>
    </display>
   </slot>
   <slot name="foot1_cl" z="4" parent="foot1_cl">
    <display name="cat2.foot1_cl" type="image">
     <transform x="0" pX="18.95" pY="19" skX="0" skY="0" scX="1" y="0" scY="1"/>
    </display>
   </slot>
   <slot name="body_cl" z="5" parent="body_cl">
    <display name="cat2.body_cl" type="image">
     <transform x="0" pX="18.95" pY="19" skX="0" skY="0" scX="1" y="0" scY="1"/>
    </display>
   </slot>
   <slot name="skirt_cl" z="6" parent="skirt_cl">
    <display name="cat2.skirt_cl" type="image">
     <transform x="0" pX="18.95" pY="19" skX="0" skY="0" scX="1" y="0" scY="1"/>
    </display>
   </slot>
   <slot name="head_cl" z="7" parent="head_cl">
    <display name="cat2.head_cl" type="image">
     <transform x="0" pX="18.95" pY="19" skX="0" skY="0" scX="1" y="0" scY="1"/>
    </display>
   </slot>
   <slot name="hand_r_cl" z="8" parent="hand_r_cl">
    <display name="cat_drag_mc.cat.hand_r_cl" type="image">
     <transform x="0" pX="18.95" pY="19" skX="0" skY="0" scX="1" y="0" scY="1"/>
    </display>
   </slot>
  </skin>
  <bone name="foot1_cl">
   <transform y="-3.25" skY="12.02" x="-1.7" scX="1" skX="12.02" scY="1"/>
  </bone>
  <bone name="cloak_cl">
   <transform y="-15.85" skY="-13.45" x="-0.25" scX="1" skX="-13.45" scY="1"/>
  </bone>
  <bone name="hand_l_cl">
   <transform y="-16.6" skY="-19.65" x="5.45" scX="1" skX="-19.65" scY="1"/>
  </bone>
  <bone name="foot2_cl">
   <transform y="-5.6" skY="8.81" x="5.15" scX="1" skX="8.81" scY="1"/>
  </bone>
  <bone name="tail_cl">
   <transform y="-1.35" skY="-88.45" x="-10.85" scX="1" skX="-88.45" scY="1"/>
  </bone>
  <bone name="body_cl">
   <transform y="-16.6" skY="-17.41" x="-1.2" scX="1" skX="-17.41" scY="1"/>
  </bone>
  <bone name="skirt_cl">
   <transform y="-11.95" skY="-47.41" x="5.4" scX="1" skX="-47.41" scY="1"/>
  </bone>
  <bone name="head_cl">
   <transform y="-34.15" skY="-48.91" x="-4.9" scX="1" skX="-48.91" scY="1"/>
  </bone>
  <bone name="hand_r_cl">
   <transform y="-9.9" skY="10" x="-7.7" scX="1" skX="10" scY="1"/>
  </bone>
  <animation name="cat2" scale="1" loop="1" duration="1" autoTween="NaN" fadeInTime="0.3" tweenEasing="NaN">
   <timeline name="tail_cl" scale="1" pX="0" pY="0" offset="0">
    <frame z="0" duration="1">
     <transform x="0" pX="0" pY="0" skX="0" skY="0" scX="1" y="0" scY="1"/>
    </frame>
   </timeline>
   <timeline name="cloak_cl" scale="1" pX="0" pY="0" offset="0">
    <frame z="0" duration="1">
     <transform x="0" pX="0" pY="0" skX="0" skY="0" scX="1" y="0" scY="1"/>
    </frame>
   </timeline>
   <timeline name="hand_l_cl" scale="1" pX="0" pY="0" offset="0">
    <frame z="0" duration="1">
     <transform x="0" pX="0" pY="0" skX="0" skY="0" scX="1" y="0" scY="1"/>
    </frame>
   </timeline>
   <timeline name="foot2_cl" scale="1" pX="0" pY="0" offset="0">
    <frame z="0" duration="1">
     <transform x="0" pX="0" pY="0" skX="0" skY="0" scX="1" y="0" scY="1"/>
    </frame>
   </timeline>
   <timeline name="foot1_cl" scale="1" pX="0" pY="0" offset="0">
    <frame z="0" duration="1">
     <transform x="0" pX="0" pY="0" skX="0" skY="0" scX="1" y="0" scY="1"/>
    </frame>
   </timeline>
   <timeline name="body_cl" scale="1" pX="0" pY="0" offset="0">
    <frame z="0" duration="1">
     <transform x="0" pX="0" pY="0" skX="0" skY="0" scX="1" y="0" scY="1"/>
    </frame>
   </timeline>
   <timeline name="skirt_cl" scale="1" pX="0" pY="0" offset="0">
    <frame z="0" duration="1">
     <transform x="0" pX="0" pY="0" skX="0" skY="0" scX="1" y="0" scY="1"/>
    </frame>
   </timeline>
   <timeline name="head_cl" scale="1" pX="0" pY="0" offset="0">
    <frame z="0" duration="1">
     <transform x="0" pX="0" pY="0" skX="0" skY="0" scX="1" y="0" scY="1"/>
    </frame>
   </timeline>
   <timeline name="hand_r_cl" scale="1" pX="0" pY="0" offset="0">
    <frame z="0" duration="1">
     <transform x="0" pX="0" pY="0" skX="0" skY="0" scX="1" y="0" scY="1"/>
    </frame>
   </timeline>
  </animation>
 </armature>
 <armature name="Symbol 2121">
  <skin name="default">
   <slot name="tail_cl" z="0" parent="tail_cl">
    <display name="cat2.tail_cl" type="image">
     <transform x="0" pX="18.95" pY="19" skX="0" skY="0" scX="1" y="0" scY="1"/>
    </display>
   </slot>
   <slot name="cloak_cl" z="1" parent="cloak_cl">
    <display name="cat2.cloak_cl" type="image">
     <transform x="0" pX="18.95" pY="19" skX="0" skY="0" scX="1" y="0" scY="1"/>
    </display>
   </slot>
   <slot name="hand_l_cl" z="2" parent="hand_l_cl">
    <display name="cat2.hand_l_cl" type="image">
     <transform x="0" pX="18.95" pY="19" skX="0" skY="0" scX="1" y="0" scY="1"/>
    </display>
   </slot>
   <slot name="foot2_cl" z="3" parent="foot2_cl">
    <display name="cat2.foot1_cl" type="image">
     <transform x="0" pX="18.95" pY="19" skX="0" skY="0" scX="1" y="0" scY="1"/>
    </display>
   </slot>
   <slot name="foot1_cl" z="4" parent="foot1_cl">
    <display name="cat2.foot1_cl" type="image">
     <transform x="0" pX="18.95" pY="19" skX="0" skY="0" scX="1" y="0" scY="1"/>
    </display>
   </slot>
   <slot name="body_cl" z="5" parent="body_cl">
    <display name="cat2.body_cl" type="image">
     <transform x="0" pX="18.95" pY="19" skX="0" skY="0" scX="1" y="0" scY="1"/>
    </display>
   </slot>
   <slot name="skirt_cl" z="6" parent="skirt_cl">
    <display name="cat2.skirt_cl" type="image">
     <transform x="0" pX="18.95" pY="19" skX="0" skY="0" scX="1" y="0" scY="1"/>
    </display>
   </slot>
   <slot name="head_cl" z="7" parent="head_cl">
    <display name="cat2.head_cl" type="image">
     <transform x="0" pX="18.95" pY="19" skX="0" skY="0" scX="1" y="0" scY="1"/>
    </display>
   </slot>
   <slot name="hand_r_cl" z="8" parent="hand_r_cl">
    <display name="cat_drag_mc.cat.hand_r_cl" type="image">
     <transform x="0" pX="18.95" pY="19" skX="0" skY="0" scX="1" y="0" scY="1"/>
    </display>
   </slot>
  </skin>
  <bone name="foot1_cl">
   <transform y="24.75" skY="60" x="0.1" scX="1" skX="60" scY="1"/>
  </bone>
  <bone name="cloak_cl">
   <transform y="18.35" skY="0" x="13.4" scX="1" skX="0" scY="1"/>
  </bone>
  <bone name="hand_l_cl">
   <transform y="10" skY="-121.02" x="25.15" scX="1" skX="-121.02" scY="1"/>
  </bone>
  <bone name="foot2_cl">
   <transform y="23.95" skY="-90" x="25.05" scX="1" skX="-90" scY="1"/>
  </bone>
  <bone name="tail_cl">
   <transform y="17.35" skY="-11.72" x="-2.85" scX="1" skX="-11.72" scY="1"/>
  </bone>
  <bone name="body_cl">
   <transform y="15.4" skY="15" x="13.2" scX="1" skX="15" scY="1"/>
  </bone>
  <bone name="skirt_cl">
   <transform y="26.55" skY="0" x="13.4" scX="1" skX="0" scY="1"/>
  </bone>
  <bone name="head_cl">
   <transform y="-0.35" skY="0" x="18.45" scX="1" skX="0" scY="1"/>
  </bone>
  <bone name="hand_r_cl">
   <transform y="14.75" skY="79.44" x="0.15" scX="1" skX="79.44" scY="1"/>
  </bone>
  <animation name="cat1" scale="1" loop="1" duration="1" autoTween="NaN" fadeInTime="0.3" tweenEasing="NaN">
   <timeline name="tail_cl" scale="1" pX="0" pY="0" offset="0">
    <frame z="0" duration="1">
     <transform x="0" pX="0" pY="0" skX="0" skY="0" scX="1" y="0" scY="1"/>
    </frame>
   </timeline>
   <timeline name="cloak_cl" scale="1" pX="0" pY="0" offset="0">
    <frame z="0" duration="1">
     <transform x="0" pX="0" pY="0" skX="0" skY="0" scX="1" y="0" scY="1"/>
    </frame>
   </timeline>
   <timeline name="hand_l_cl" scale="1" pX="0" pY="0" offset="0">
    <frame z="0" duration="1">
     <transform x="0" pX="0" pY="0" skX="0" skY="0" scX="1" y="0" scY="1"/>
    </frame>
   </timeline>
   <timeline name="foot2_cl" scale="1" pX="0" pY="0" offset="0">
    <frame z="0" duration="1">
     <transform x="0" pX="0" pY="0" skX="0" skY="0" scX="1" y="0" scY="1"/>
    </frame>
   </timeline>
   <timeline name="foot1_cl" scale="1" pX="0" pY="0" offset="0">
    <frame z="0" duration="1">
     <transform x="0" pX="0" pY="0" skX="0" skY="0" scX="1" y="0" scY="1"/>
    </frame>
   </timeline>
   <timeline name="body_cl" scale="1" pX="0" pY="0" offset="0">
    <frame z="0" duration="1">
     <transform x="0" pX="0" pY="0" skX="0" skY="0" scX="1" y="0" scY="1"/>
    </frame>
   </timeline>
   <timeline name="skirt_cl" scale="1" pX="0" pY="0" offset="0">
    <frame z="0" duration="1">
     <transform x="0" pX="0" pY="0" skX="0" skY="0" scX="1" y="0" scY="1"/>
    </frame>
   </timeline>
   <timeline name="head_cl" scale="1" pX="0" pY="0" offset="0">
    <frame z="0" duration="1">
     <transform x="0" pX="0" pY="0" skX="0" skY="0" scX="1" y="0" scY="1"/>
    </frame>
   </timeline>
   <timeline name="hand_r_cl" scale="1" pX="0" pY="0" offset="0">
    <frame z="0" duration="1">
     <transform x="0" pX="0" pY="0" skX="0" skY="0" scX="1" y="0" scY="1"/>
    </frame>
   </timeline>
  </animation>
 </armature>
 <armature name="Symbol 2124">
  <skin name="default">
   <slot name="tail_cl" z="0" parent="tail_cl">
    <display name="cat2.tail_cl" type="image">
     <transform x="0" pX="18.95" pY="19" skX="0" skY="0" scX="1" y="0" scY="1"/>
    </display>
   </slot>
   <slot name="cloak_cl" z="1" parent="cloak_cl">
    <display name="cat2.cloak_cl" type="image">
     <transform x="0" pX="18.95" pY="19" skX="0" skY="0" scX="1" y="0" scY="1"/>
    </display>
   </slot>
   <slot name="hand_l_cl" z="2" parent="hand_l_cl">
    <display name="cat2.hand_l_cl" type="image">
     <transform x="0" pX="18.95" pY="19" skX="0" skY="0" scX="1" y="0" scY="1"/>
    </display>
   </slot>
   <slot name="foot2_cl" z="3" parent="foot2_cl">
    <display name="cat2.foot1_cl" type="image">
     <transform x="0" pX="18.95" pY="19" skX="0" skY="0" scX="1" y="0" scY="1"/>
    </display>
   </slot>
   <slot name="foot1_cl" z="4" parent="foot1_cl">
    <display name="cat2.foot1_cl" type="image">
     <transform x="0" pX="18.95" pY="19" skX="0" skY="0" scX="1" y="0" scY="1"/>
    </display>
   </slot>
   <slot name="body_cl" z="5" parent="body_cl">
    <display name="cat2.body_cl" type="image">
     <transform x="0" pX="18.95" pY="19" skX="0" skY="0" scX="1" y="0" scY="1"/>
    </display>
   </slot>
   <slot name="skirt_cl" z="6" parent="skirt_cl">
    <display name="cat2.skirt_cl" type="image">
     <transform x="0" pX="18.95" pY="19" skX="0" skY="0" scX="1" y="0" scY="1"/>
    </display>
   </slot>
   <slot name="head_cl" z="7" parent="head_cl">
    <display name="cat2.head_cl" type="image">
     <transform x="0" pX="18.95" pY="19" skX="0" skY="0" scX="1" y="0" scY="1"/>
    </display>
   </slot>
   <slot name="hand_r_cl" z="8" parent="hand_r_cl">
    <display name="cat_drag_mc.cat.hand_r_cl" type="image">
     <transform x="0" pX="18.95" pY="19" skX="0" skY="0" scX="1" y="0" scY="1"/>
    </display>
   </slot>
  </skin>
  <bone name="foot1_cl">
   <transform y="27.1" skY="-60.25" x="12.2" scX="1" skX="-60.25" scY="1"/>
  </bone>
  <bone name="cloak_cl">
   <transform y="22.5" skY="0" x="13.95" scX="1" skX="0" scY="1"/>
  </bone>
  <bone name="hand_l_cl">
   <transform y="16.7" skY="-37.9" x="19" scX="1" skX="-37.9" scY="1"/>
  </bone>
  <bone name="foot2_cl">
   <transform y="22" skY="-94.01" x="25.75" scX="1" skX="-94.01" scY="1"/>
  </bone>
  <bone name="tail_cl">
   <transform y="18.8" skY="-21.71" x="-4.3" scX="1" skX="-21.71" scY="1"/>
  </bone>
  <bone name="body_cl">
   <transform y="17.75" skY="0" x="12.65" scX="1" skX="0" scY="1"/>
  </bone>
  <bone name="skirt_cl">
   <transform y="25.75" skY="0" x="13.7" scX="1" skX="0" scY="1"/>
  </bone>
  <bone name="head_cl">
   <transform y="-0.35" skY="0" x="18.45" scX="1" skX="0" scY="1"/>
  </bone>
  <bone name="hand_r_cl">
   <transform y="19.35" skY="-49.44" x="8.85" scX="1" skX="-49.44" scY="1"/>
  </bone>
  <animation name="cat1" scale="1" loop="1" duration="1" autoTween="NaN" fadeInTime="0.3" tweenEasing="NaN">
   <timeline name="tail_cl" scale="1" pX="0" pY="0" offset="0">
    <frame z="0" duration="1">
     <transform x="0" pX="0" pY="0" skX="0" skY="0" scX="1" y="0" scY="1"/>
    </frame>
   </timeline>
   <timeline name="cloak_cl" scale="1" pX="0" pY="0" offset="0">
    <frame z="0" duration="1">
     <transform x="0" pX="0" pY="0" skX="0" skY="0" scX="1" y="0" scY="1"/>
    </frame>
   </timeline>
   <timeline name="hand_l_cl" scale="1" pX="0" pY="0" offset="0">
    <frame z="0" duration="1">
     <transform x="0" pX="0" pY="0" skX="0" skY="0" scX="1" y="0" scY="1"/>
    </frame>
   </timeline>
   <timeline name="foot2_cl" scale="1" pX="0" pY="0" offset="0">
    <frame z="0" duration="1">
     <transform x="0" pX="0" pY="0" skX="0" skY="0" scX="1" y="0" scY="1"/>
    </frame>
   </timeline>
   <timeline name="foot1_cl" scale="1" pX="0" pY="0" offset="0">
    <frame z="0" duration="1">
     <transform x="0" pX="0" pY="0" skX="0" skY="0" scX="1" y="0" scY="1"/>
    </frame>
   </timeline>
   <timeline name="body_cl" scale="1" pX="0" pY="0" offset="0">
    <frame z="0" duration="1">
     <transform x="0" pX="0" pY="0" skX="0" skY="0" scX="1" y="0" scY="1"/>
    </frame>
   </timeline>
   <timeline name="skirt_cl" scale="1" pX="0" pY="0" offset="0">
    <frame z="0" duration="1">
     <transform x="0" pX="0" pY="0" skX="0" skY="0" scX="1" y="0" scY="1"/>
    </frame>
   </timeline>
   <timeline name="head_cl" scale="1" pX="0" pY="0" offset="0">
    <frame z="0" duration="1">
     <transform x="0" pX="0" pY="0" skX="0" skY="0" scX="1" y="0" scY="1"/>
    </frame>
   </timeline>
   <timeline name="hand_r_cl" scale="1" pX="0" pY="0" offset="0">
    <frame z="0" duration="1">
     <transform x="0" pX="0" pY="0" skX="0" skY="0" scX="1" y="0" scY="1"/>
    </frame>
   </timeline>
  </animation>
 </armature>
 <armature name="Symbol 2126">
  <skin name="default">
   <slot name="tail_cl" z="0" parent="tail_cl">
    <display name="cat2.tail_cl" type="image">
     <transform x="0" pX="18.95" pY="19" skX="0" skY="0" scX="1" y="0" scY="1"/>
    </display>
   </slot>
   <slot name="cloak_cl" z="1" parent="cloak_cl">
    <display name="cat2.cloak_cl" type="image">
     <transform x="0" pX="18.95" pY="19" skX="0" skY="0" scX="1" y="0" scY="1"/>
    </display>
   </slot>
   <slot name="hand_l_cl" z="2" parent="hand_l_cl">
    <display name="cat2.hand_l_cl" type="image">
     <transform x="0" pX="18.95" pY="19" skX="0" skY="0" scX="1" y="0" scY="1"/>
    </display>
   </slot>
   <slot name="foot2_cl" z="3" parent="foot2_cl">
    <display name="cat2.foot1_cl" type="image">
     <transform x="0" pX="18.95" pY="19" skX="0" skY="0" scX="1" y="0" scY="1"/>
    </display>
   </slot>
   <slot name="foot1_cl" z="4" parent="foot1_cl">
    <display name="cat2.foot1_cl" type="image">
     <transform x="0" pX="18.95" pY="19" skX="0" skY="0" scX="1" y="0" scY="1"/>
    </display>
   </slot>
   <slot name="body_cl" z="5" parent="body_cl">
    <display name="cat2.body_cl" type="image">
     <transform x="0" pX="18.95" pY="19" skX="0" skY="0" scX="1" y="0" scY="1"/>
    </display>
   </slot>
   <slot name="skirt_cl" z="6" parent="skirt_cl">
    <display name="cat2.skirt_cl" type="image">
     <transform x="0" pX="18.95" pY="19" skX="0" skY="0" scX="1" y="0" scY="1"/>
    </display>
   </slot>
   <slot name="head_cl" z="7" parent="head_cl">
    <display name="cat2.head_cl" type="image">
     <transform x="0" pX="18.95" pY="19" skX="0" skY="0" scX="1" y="0" scY="1"/>
    </display>
   </slot>
   <slot name="hand_r_cl" z="8" parent="hand_r_cl">
    <display name="cat_drag_mc.cat.hand_r_cl" type="image">
     <transform x="0" pX="18.95" pY="19" skX="0" skY="0" scX="1" y="0" scY="1"/>
    </display>
   </slot>
  </skin>
  <bone name="foot1_cl">
   <transform y="22.5" skY="17.5" x="10.25" scX="1" skX="17.5" scY="1"/>
  </bone>
  <bone name="cloak_cl">
   <transform y="12.35" skY="-12.5" x="18.25" scX="1" skX="-12.5" scY="1"/>
  </bone>
  <bone name="hand_l_cl">
   <transform y="9.55" skY="-52.53" x="26.3" scX="1" skX="-52.53" scY="1"/>
  </bone>
  <bone name="foot2_cl">
   <transform y="15.25" skY="-102.5" x="30.85" scX="1" skX="-102.5" scY="1"/>
  </bone>
  <bone name="tail_cl">
   <transform y="12.35" skY="-9.22" x="3.2" scX="1" skX="-9.22" scY="1"/>
  </bone>
  <bone name="body_cl">
   <transform y="9.5" skY="2.5" x="17.45" scX="1" skX="2.5" scY="1"/>
  </bone>
  <bone name="skirt_cl">
   <transform y="20.35" skY="-12.5" x="20.05" scX="1" skX="-12.5" scY="1"/>
  </bone>
  <bone name="head_cl">
   <transform y="-7.95" skY="8.28" x="22.05" scX="1" skX="8.28" scY="1"/>
  </bone>
  <bone name="hand_r_cl">
   <transform y="11.5" skY="-33.36" x="13.1" scX="1" skX="-33.36" scY="1"/>
  </bone>
  <animation name="cat1" scale="1" loop="1" duration="1" autoTween="NaN" fadeInTime="0.3" tweenEasing="NaN">
   <timeline name="tail_cl" scale="1" pX="0" pY="0" offset="0">
    <frame z="0" duration="1">
     <transform x="0" pX="0" pY="0" skX="0" skY="0" scX="1" y="0" scY="1"/>
    </frame>
   </timeline>
   <timeline name="cloak_cl" scale="1" pX="0" pY="0" offset="0">
    <frame z="0" duration="1">
     <transform x="0" pX="0" pY="0" skX="0" skY="0" scX="1" y="0" scY="1"/>
    </frame>
   </timeline>
   <timeline name="hand_l_cl" scale="1" pX="0" pY="0" offset="0">
    <frame z="0" duration="1">
     <transform x="0" pX="0" pY="0" skX="0" skY="0" scX="1" y="0" scY="1"/>
    </frame>
   </timeline>
   <timeline name="foot2_cl" scale="1" pX="0" pY="0" offset="0">
    <frame z="0" duration="1">
     <transform x="0" pX="0" pY="0" skX="0" skY="0" scX="1" y="0" scY="1"/>
    </frame>
   </timeline>
   <timeline name="foot1_cl" scale="1" pX="0" pY="0" offset="0">
    <frame z="0" duration="1">
     <transform x="0" pX="0" pY="0" skX="0" skY="0" scX="1" y="0" scY="1"/>
    </frame>
   </timeline>
   <timeline name="body_cl" scale="1" pX="0" pY="0" offset="0">
    <frame z="0" duration="1">
     <transform x="0" pX="0" pY="0" skX="0" skY="0" scX="1" y="0" scY="1"/>
    </frame>
   </timeline>
   <timeline name="skirt_cl" scale="1" pX="0" pY="0" offset="0">
    <frame z="0" duration="1">
     <transform x="0" pX="0" pY="0" skX="0" skY="0" scX="1" y="0" scY="1"/>
    </frame>
   </timeline>
   <timeline name="head_cl" scale="1" pX="0" pY="0" offset="0">
    <frame z="0" duration="1">
     <transform x="0" pX="0" pY="0" skX="0" skY="0" scX="1" y="0" scY="1"/>
    </frame>
   </timeline>
   <timeline name="hand_r_cl" scale="1" pX="0" pY="0" offset="0">
    <frame z="0" duration="1">
     <transform x="0" pX="0" pY="0" skX="0" skY="0" scX="1" y="0" scY="1"/>
    </frame>
   </timeline>
  </animation>
 </armature>
 <armature name="Symbol 2128">
  <skin name="default">
   <slot name="tail_cl" z="0" parent="tail_cl">
    <display name="cat2.tail_cl" type="image">
     <transform x="0" pX="18.95" pY="19" skX="0" skY="0" scX="1" y="0" scY="1"/>
    </display>
   </slot>
   <slot name="cloak_cl" z="1" parent="cloak_cl">
    <display name="cat2.cloak_cl" type="image">
     <transform x="0" pX="18.95" pY="19" skX="0" skY="0" scX="1" y="0" scY="1"/>
    </display>
   </slot>
   <slot name="hand_l_cl" z="2" parent="hand_l_cl">
    <display name="cat2.hand_l_cl" type="image">
     <transform x="0" pX="18.95" pY="19" skX="0" skY="0" scX="1" y="0" scY="1"/>
    </display>
   </slot>
   <slot name="foot2_cl" z="3" parent="foot2_cl">
    <display name="cat2.foot1_cl" type="image">
     <transform x="0" pX="18.95" pY="19" skX="0" skY="0" scX="1" y="0" scY="1"/>
    </display>
   </slot>
   <slot name="foot1_cl" z="4" parent="foot1_cl">
    <display name="cat2.foot1_cl" type="image">
     <transform x="0" pX="18.95" pY="19" skX="0" skY="0" scX="1" y="0" scY="1"/>
    </display>
   </slot>
   <slot name="body_cl" z="5" parent="body_cl">
    <display name="cat2.body_cl" type="image">
     <transform x="0" pX="18.95" pY="19" skX="0" skY="0" scX="1" y="0" scY="1"/>
    </display>
   </slot>
   <slot name="skirt_cl" z="6" parent="skirt_cl">
    <display name="cat2.skirt_cl" type="image">
     <transform x="0" pX="18.95" pY="19" skX="0" skY="0" scX="1" y="0" scY="1"/>
    </display>
   </slot>
   <slot name="head_cl" z="7" parent="head_cl">
    <display name="cat2.head_cl" type="image">
     <transform x="0" pX="18.95" pY="19" skX="0" skY="0" scX="1" y="0" scY="1"/>
    </display>
   </slot>
   <slot name="hand_r_cl" z="8" parent="hand_r_cl">
    <display name="cat_drag_mc.cat.hand_r_cl" type="image">
     <transform x="0" pX="18.95" pY="19" skX="0" skY="0" scX="1" y="0" scY="1"/>
    </display>
   </slot>
  </skin>
  <bone name="foot1_cl">
   <transform y="23.35" skY="22.48" x="14" scX="1" skX="22.48" scY="1"/>
  </bone>
  <bone name="cloak_cl">
   <transform y="12.35" skY="-12.5" x="18.25" scX="1" skX="-12.5" scY="1"/>
  </bone>
  <bone name="hand_l_cl">
   <transform y="-0.9" skY="-151.73" x="32.05" scX="1" skX="-151.73" scY="1"/>
  </bone>
  <bone name="foot2_cl">
   <transform y="17.85" skY="33.93" x="25.1" scX="1" skX="33.93" scY="1"/>
  </bone>
  <bone name="tail_cl">
   <transform y="13.3" skY="-14.96" x="2.75" scX="1" skX="-14.96" scY="1"/>
  </bone>
  <bone name="body_cl">
   <transform y="9.5" skY="-5.73" x="21.1" scX="1" skX="-5.73" scY="1"/>
  </bone>
  <bone name="skirt_cl">
   <transform y="20.35" skY="-12.5" x="20.05" scX="1" skX="-12.5" scY="1"/>
  </bone>
  <bone name="head_cl">
   <transform y="-10.15" skY="-26.9" x="17.95" scX="1" skX="-26.9" scY="1"/>
  </bone>
  <bone name="hand_r_cl">
   <transform y="11.15" skY="35.7" x="11.85" scX="1" skX="35.7" scY="1"/>
  </bone>
  <animation name="cat1" scale="1" loop="1" duration="1" autoTween="NaN" fadeInTime="0.3" tweenEasing="NaN">
   <timeline name="tail_cl" scale="1" pX="0" pY="0" offset="0">
    <frame z="0" duration="1">
     <transform x="0" pX="0" pY="0" skX="0" skY="0" scX="1" y="0" scY="1"/>
    </frame>
   </timeline>
   <timeline name="cloak_cl" scale="1" pX="0" pY="0" offset="0">
    <frame z="0" duration="1">
     <transform x="0" pX="0" pY="0" skX="0" skY="0" scX="1" y="0" scY="1"/>
    </frame>
   </timeline>
   <timeline name="hand_l_cl" scale="1" pX="0" pY="0" offset="0">
    <frame z="0" duration="1">
     <transform x="0" pX="0" pY="0" skX="0" skY="0" scX="1" y="0" scY="1"/>
    </frame>
   </timeline>
   <timeline name="foot2_cl" scale="1" pX="0" pY="0" offset="0">
    <frame z="0" duration="1">
     <transform x="0" pX="0" pY="0" skX="0" skY="0" scX="1" y="0" scY="1"/>
    </frame>
   </timeline>
   <timeline name="foot1_cl" scale="1" pX="0" pY="0" offset="0">
    <frame z="0" duration="1">
     <transform x="0" pX="0" pY="0" skX="0" skY="0" scX="1" y="0" scY="1"/>
    </frame>
   </timeline>
   <timeline name="body_cl" scale="1" pX="0" pY="0" offset="0">
    <frame z="0" duration="1">
     <transform x="0" pX="0" pY="0" skX="0" skY="0" scX="1" y="0" scY="1"/>
    </frame>
   </timeline>
   <timeline name="skirt_cl" scale="1" pX="0" pY="0" offset="0">
    <frame z="0" duration="1">
     <transform x="0" pX="0" pY="0" skX="0" skY="0" scX="1" y="0" scY="1"/>
    </frame>
   </timeline>
   <timeline name="head_cl" scale="1" pX="0" pY="0" offset="0">
    <frame z="0" duration="1">
     <transform x="0" pX="0" pY="0" skX="0" skY="0" scX="1" y="0" scY="1"/>
    </frame>
   </timeline>
   <timeline name="hand_r_cl" scale="1" pX="0" pY="0" offset="0">
    <frame z="0" duration="1">
     <transform x="0" pX="0" pY="0" skX="0" skY="0" scX="1" y="0" scY="1"/>
    </frame>
   </timeline>
  </animation>
 </armature>
</root>