<TextureAtlas name="paper_mc" imagePath="texture.png">
 <SubTexture name="Symbol 2077" x="0" y="0" width="650" height="450"/>
 <SubTexture name="Symbol 2113" x="0" y="452" width="429" height="317"/>
 <SubTexture name="位图 1" x="0" y="1197" width="446" height="49"/>
 <SubTexture name="Symbol 2116" x="430" y="542" width="397" height="292"/>
 <SubTexture name="位图 20" x="862" y="277" width="41" height="22"/>
 <SubTexture name="位图 19" x="905" y="277" width="32" height="22"/>
 <SubTexture name="位图 18" x="818" y="267" width="42" height="22"/>
 <SubTexture name="Symbol 2134" x="951" y="192" width="19" height="14"/>
 <SubTexture name="位图 17" x="652" y="192" width="219" height="26"/>
 <SubTexture name="Symbol 2136" x="652" y="416" width="341" height="125"/>
 <SubTexture name="位图 16" x="778" y="220" width="66" height="26"/>
 <SubTexture name="位图 15" x="818" y="248" width="48" height="17"/>
 <SubTexture name="__dbTextures/paper_mc/Layer 1_0" x="652" y="0" width="328" height="191"/>
 <SubTexture name="Symbol 2119" x="0" y="835" width="654" height="361"/>
 <SubTexture name="Symbol 2123" x="873" y="192" width="77" height="84"/>
 <SubTexture name="Symbol 2117" x="778" y="301" width="121" height="114"/>
 <SubTexture name="__dbTextures/news_cl/Layer 1_0" x="652" y="220" width="125" height="118"/>
 <SubTexture name="cat2.tail_cl" x="981" y="120" width="39" height="39"/>
 <SubTexture name="cat2.cloak_cl" x="778" y="248" width="39" height="39"/>
 <SubTexture name="cat2.hand_l_cl" x="951" y="240" width="39" height="39"/>
 <SubTexture name="cat2.foot1_cl" x="981" y="80" width="39" height="39"/>
 <SubTexture name="cat2.body_cl" x="981" y="160" width="39" height="39"/>
 <SubTexture name="cat2.skirt_cl" x="971" y="200" width="39" height="39"/>
 <SubTexture name="cat2.head_cl" x="981" y="0" width="39" height="39"/>
 <SubTexture name="cat_drag_mc.cat.hand_r_cl" x="981" y="40" width="39" height="39"/>
</TextureAtlas>