<root name="FPS" isGlobal="0" frameRate="30" version="3.0">
 <armature name="FPS">
  <skin name="default">
   <slot name="da" z="0" parent="da">
    <display name="位图 42" type="image">
     <transform x="-33" pX="0" pY="0" skX="0" skY="0" scX="1" y="-143" scY="1"/>
    </display>
   </slot>
  </skin>
  <bone name="da">
   <transform y="120.95" skY="0" x="-68.8" scX="1" skX="0" scY="1"/>
  </bone>
  <animation name="FPS" scale="1" loop="1" duration="40" autoTween="NaN" fadeInTime="0.3" tweenEasing="NaN">
   <timeline name="da" scale="1" pX="0" pY="0" offset="0">
    <frame z="0" duration="40">
     <transform x="0" pX="0" pY="0" skX="0" skY="0" scX="1" y="0" scY="1"/>
    </frame>
   </timeline>
  </animation>
 </armature>
</root>