<root name="Team_register" isGlobal="0" frameRate="30" version="3.0">
 <armature name="Team_register">
  <skin name="default">
   <slot name="Layer 24" z="0" parent="Layer 24">
    <display name="Symbol 3240" type="image">
     <transform scX="1" x="0" scY="1" y="0" pX="288.35" pY="222.6" skX="0" skY="0"/>
    </display>
   </slot>
   <slot name="sounds_control_cl" z="1" parent="sounds_control_cl">
    <display name="Buttons_sounds2" type="image">
     <transform scX="1" x="0" scY="1" y="0" pX="19.45" pY="19.45" skX="0" skY="0"/>
    </display>
   </slot>
   <slot name="Layer 22" z="2" parent="Layer 22">
    <display name="__dbTextures/Team_register/Layer 22_0" type="image">
     <transform scX="1" x="-181.2" scY="1" y="-207.7" pX="1.3" pY="2.2" skX="0" skY="0"/>
    </display>
   </slot>
   <slot name="Layer 21" z="3" parent="Layer 21">
    <display name="位图 1" type="image">
     <transform scX="1" x="-27" scY="1" y="-26.5" pX="0" pY="0" skX="0" skY="0"/>
    </display>
   </slot>
   <slot name="Layer 20" z="4" parent="Layer 20">
    <display name="Symbol 3244" type="image">
     <transform scX="1" x="0" scY="1" y="0" pX="23.9" pY="19.55" skX="0" skY="0"/>
    </display>
   </slot>
   <slot name="Layer 19" z="5" parent="Layer 19">
    <display name="Symbol 3246" type="image">
     <transform scX="1" x="0" scY="1" y="0" pX="8.75" pY="8.3" skX="0" skY="0"/>
    </display>
   </slot>
   <slot name="Layer 18" z="6" parent="Layer 18">
    <display name="Symbol 3246" type="image">
     <transform scX="1" x="0" scY="1" y="0" pX="8.75" pY="8.3" skX="0" skY="0"/>
    </display>
   </slot>
   <slot name="Layer 17" z="7" parent="Layer 17">
    <display name="Symbol 3246" type="image">
     <transform scX="1" x="0" scY="1" y="0" pX="8.75" pY="8.3" skX="0" skY="0"/>
    </display>
   </slot>
   <slot name="Layer 16" z="8" parent="Layer 16">
    <display name="__dbTextures/Team_register/Layer 16_0" type="image">
     <transform scX="1" x="-149.8" scY="1" y="-90.25" pX="1.3" pY="1.3" skX="0" skY="0"/>
    </display>
   </slot>
   <slot name="Layer 15" z="9" parent="Layer 15">
    <display name="位图 53" type="image">
     <transform scX="1" x="-103" scY="1" y="-16.5" pX="0" pY="0" skX="0" skY="0"/>
    </display>
   </slot>
   <slot name="Layer 14" z="10" parent="Layer 14">
    <display name="位图 52" type="image">
     <transform scX="1" x="-52" scY="1" y="-15" pX="0" pY="0" skX="0" skY="0"/>
    </display>
   </slot>
   <slot name="Layer 13" z="11" parent="Layer 13">
    <display name="位图 51" type="image">
     <transform scX="1" x="-56" scY="1" y="-10.5" pX="0" pY="0" skX="0" skY="0"/>
    </display>
   </slot>
   <slot name="Layer 12" z="12" parent="Layer 12">
    <display name="位图 50" type="image">
     <transform scX="1" x="-56" scY="1" y="-10.5" pX="0" pY="0" skX="0" skY="0"/>
    </display>
   </slot>
   <slot name="Layer 11" z="13" parent="Layer 11">
    <display name="位图 49" type="image">
     <transform scX="1" x="-56" scY="1" y="-10.5" pX="0" pY="0" skX="0" skY="0"/>
    </display>
   </slot>
   <slot name="Layer 10" z="14" parent="Layer 10">
    <display name="位图 48" type="image">
     <transform scX="1" x="-56" scY="1" y="-10.5" pX="0" pY="0" skX="0" skY="0"/>
    </display>
   </slot>
   <slot name="Layer 9" z="15" parent="Layer 9">
    <display name="Symbol 2632" type="image">
     <transform scX="1" x="0" scY="1" y="0" pX="251" pY="53.85" skX="0" skY="0"/>
    </display>
   </slot>
   <slot name="Layer 8" z="16" parent="Layer 8">
    <display name="__dbTextures/Team_register/Layer 8_0" type="image">
     <transform scX="1" x="-336.1" scY="1" y="-176.65" pX="0" pY="0" skX="0" skY="0"/>
    </display>
   </slot>
   <slot name="n1_tx" z="17" parent="n1_tx">
    <display name="位图 12" type="image">
     <transform scX="1" x="-116.5" scY="1" y="-12.5" pX="0" pY="0" skX="0" skY="0"/>
    </display>
   </slot>
   <slot name="n2_tx" z="18" parent="n2_tx">
    <display name="位图 11" type="image">
     <transform scX="1" x="-116" scY="1" y="-12.5" pX="0" pY="0" skX="0" skY="0"/>
    </display>
   </slot>
   <slot name="n3_tx" z="19" parent="n3_tx">
    <display name="位图 10" type="image">
     <transform scX="1" x="-116.5" scY="1" y="-12.5" pX="0" pY="0" skX="0" skY="0"/>
    </display>
   </slot>
   <slot name="n4_tx" z="20" parent="n4_tx">
    <display name="位图 9" type="image">
     <transform scX="1" x="-117" scY="1" y="-12.5" pX="0" pY="0" skX="0" skY="0"/>
    </display>
   </slot>
   <slot name="name_tx" z="21" parent="name_tx">
    <display name="位图 13" type="image">
     <transform scX="1" x="-104" scY="1" y="-14.5" pX="0" pY="0" skX="0" skY="0"/>
    </display>
   </slot>
   <slot name="play_bt" z="22" parent="play_bt">
    <display name="Symbol 3263" type="image">
     <transform scX="1" x="0" scY="1" y="0" pX="48.75" pY="15.35" skX="0" skY="0"/>
    </display>
   </slot>
   <slot name="please_full_cl" z="23" parent="please_full_cl">
    <display name="Symbol 3271" type="armature">
     <transform scX="1" x="0" skX="0" scY="1" y="0" skY="0"/>
    </display>
   </slot>
  </skin>
  <bone name="Layer 12">
   <transform scX="1" x="280.15" skX="0" scY="1" y="268.25" skY="0"/>
  </bone>
  <bone name="sounds_control_cl">
   <transform scX="1" x="592.4" skX="0" scY="1" y="2" skY="0"/>
  </bone>
  <bone name="Layer 22">
   <transform scX="1" x="324.75" skX="0" scY="1" y="223.9" skY="0"/>
  </bone>
  <bone name="Layer 21">
   <transform scX="1" x="230.35" skX="0" scY="1" y="66.65" skY="0"/>
  </bone>
  <bone name="Layer 20">
   <transform scX="0.88" x="180.3" skX="0" scY="0.88" y="64.15" skY="0"/>
  </bone>
  <bone name="Layer 19">
   <transform scX="1" x="220.25" skX="0" scY="1" y="27.8" skY="0"/>
  </bone>
  <bone name="Layer 18">
   <transform scX="1" x="242.75" skX="0" scY="1" y="27.8" skY="0"/>
  </bone>
  <bone name="Layer 17">
   <transform scX="1" x="197.6" skX="0" scY="1" y="27.8" skY="0"/>
  </bone>
  <bone name="Layer 16">
   <transform scX="1" x="320.3" skX="0" scY="1" y="293.7" skY="0"/>
  </bone>
  <bone name="Layer 15">
   <transform scX="1" x="301.5" skX="0" scY="1" y="127.15" skY="0"/>
  </bone>
  <bone name="Layer 14">
   <transform scX="1" x="303.5" skX="0" scY="1" y="163.75" skY="0"/>
  </bone>
  <bone name="Layer 13">
   <transform scX="1" x="280.15" skX="0" scY="1" y="226.15" skY="0"/>
  </bone>
  <bone name="Layer 24">
   <transform scX="1" x="287.8" skX="0" scY="1" y="223.05" skY="0"/>
  </bone>
  <bone name="Layer 11">
   <transform scX="1" x="280.15" skX="0" scY="1" y="311.1" skY="0"/>
  </bone>
  <bone name="Layer 10">
   <transform scX="1" x="280.15" skX="0" scY="1" y="353.5" skY="0"/>
  </bone>
  <bone name="Layer 9">
   <transform scX="0.39" x="402.5" skX="0" scY="0.39" y="54.3" skY="0"/>
  </bone>
  <bone name="Layer 8">
   <transform scX="1" x="324.3" skX="0" scY="1" y="344.85" skY="0"/>
  </bone>
  <bone name="n1_tx">
   <transform scX="1" x="351.65" skX="0" scY="1" y="243.9" skY="0"/>
  </bone>
  <bone name="n2_tx">
   <transform scX="1" x="351" skX="0" scY="1" y="287.8" skY="0"/>
  </bone>
  <bone name="n3_tx">
   <transform scX="1" x="352.5" skX="0" scY="1" y="330.6" skY="0"/>
  </bone>
  <bone name="n4_tx">
   <transform scX="1" x="352" skX="0" scY="1" y="372.95" skY="0"/>
  </bone>
  <bone name="name_tx">
   <transform scX="1" x="340.6" skX="0" scY="1" y="188.7" skY="0"/>
  </bone>
  <bone name="play_bt">
   <transform scX="1" x="325.95" skX="0" scY="1" y="427.65" skY="0"/>
  </bone>
  <bone name="please_full_cl">
   <transform scX="1" x="575.6" skX="0" scY="1" y="130.3" skY="0"/>
  </bone>
  <animation fadeInTime="0.3" scale="1" loop="1" autoTween="NaN" name="Team_register" duration="1" tweenEasing="NaN">
   <timeline pX="0" name="Layer 24" pY="0" scale="1" offset="0">
    <frame z="0" duration="1">
     <transform scX="1" x="0" scY="1" y="0" pX="0" pY="0" skX="0" skY="0"/>
    </frame>
   </timeline>
   <timeline pX="0" name="sounds_control_cl" pY="0" scale="1" offset="0">
    <frame z="0" duration="1">
     <transform scX="1" x="0" scY="1" y="0" pX="0" pY="0" skX="0" skY="0"/>
    </frame>
   </timeline>
   <timeline pX="0" name="Layer 22" pY="0" scale="1" offset="0">
    <frame z="0" duration="1" tweenEasing="NaN">
     <transform scX="1" x="0" scY="1" y="0" pX="0" pY="0" skX="0" skY="0"/>
    </frame>
   </timeline>
   <timeline pX="0" name="Layer 21" pY="0" scale="1" offset="0">
    <frame z="0" duration="1">
     <transform scX="1" x="0" scY="1" y="0" pX="0" pY="0" skX="0" skY="0"/>
    </frame>
   </timeline>
   <timeline pX="0" name="Layer 20" pY="0" scale="1" offset="0">
    <frame z="0" duration="1">
     <transform scX="1" x="0" scY="1" y="0" pX="0" pY="0" skX="0" skY="0"/>
    </frame>
   </timeline>
   <timeline pX="0" name="Layer 19" pY="0" scale="1" offset="0">
    <frame z="0" duration="1">
     <transform scX="1" x="0" scY="1" y="0" pX="0" pY="0" skX="0" skY="0"/>
    </frame>
   </timeline>
   <timeline pX="0" name="Layer 18" pY="0" scale="1" offset="0">
    <frame z="0" duration="1">
     <transform scX="1" x="0" scY="1" y="0" pX="0" pY="0" skX="0" skY="0"/>
    </frame>
   </timeline>
   <timeline pX="0" name="Layer 17" pY="0" scale="1" offset="0">
    <frame z="0" duration="1">
     <transform scX="1" x="0" scY="1" y="0" pX="0" pY="0" skX="0" skY="0"/>
    </frame>
   </timeline>
   <timeline pX="0" name="Layer 16" pY="0" scale="1" offset="0">
    <frame z="0" duration="1" tweenEasing="NaN">
     <transform scX="1" x="0" scY="1" y="0" pX="0" pY="0" skX="0" skY="0"/>
    </frame>
   </timeline>
   <timeline pX="0" name="Layer 15" pY="0" scale="1" offset="0">
    <frame z="0" duration="1">
     <transform scX="1" x="0" scY="1" y="0" pX="0" pY="0" skX="0" skY="0"/>
    </frame>
   </timeline>
   <timeline pX="0" name="Layer 14" pY="0" scale="1" offset="0">
    <frame z="0" duration="1">
     <transform scX="1" x="0" scY="1" y="0" pX="0" pY="0" skX="0" skY="0"/>
    </frame>
   </timeline>
   <timeline pX="0" name="Layer 13" pY="0" scale="1" offset="0">
    <frame z="0" duration="1">
     <transform scX="1" x="0" scY="1" y="0" pX="0" pY="0" skX="0" skY="0"/>
    </frame>
   </timeline>
   <timeline pX="0" name="Layer 12" pY="0" scale="1" offset="0">
    <frame z="0" duration="1">
     <transform scX="1" x="0" scY="1" y="0" pX="0" pY="0" skX="0" skY="0"/>
    </frame>
   </timeline>
   <timeline pX="0" name="Layer 11" pY="0" scale="1" offset="0">
    <frame z="0" duration="1">
     <transform scX="1" x="0" scY="1" y="0" pX="0" pY="0" skX="0" skY="0"/>
    </frame>
   </timeline>
   <timeline pX="0" name="Layer 10" pY="0" scale="1" offset="0">
    <frame z="0" duration="1">
     <transform scX="1" x="0" scY="1" y="0" pX="0" pY="0" skX="0" skY="0"/>
    </frame>
   </timeline>
   <timeline pX="0" name="Layer 9" pY="0" scale="1" offset="0">
    <frame z="0" duration="1">
     <transform scX="1" x="0" scY="1" y="0" pX="0" pY="0" skX="0" skY="0"/>
     <colorTransform bM="84" gO="39" bO="32" aM="100" rM="84" aO="0" gM="84" rO="41"/>
    </frame>
   </timeline>
   <timeline pX="0" name="Layer 8" pY="0" scale="1" offset="0">
    <frame z="0" duration="1" tweenEasing="NaN">
     <transform scX="1" x="0" scY="1" y="0" pX="0" pY="0" skX="0" skY="0"/>
    </frame>
   </timeline>
   <timeline pX="0" name="n1_tx" pY="0" scale="1" offset="0">
    <frame z="0" duration="1">
     <transform scX="1" x="0" scY="1" y="0" pX="0" pY="0" skX="0" skY="0"/>
    </frame>
   </timeline>
   <timeline pX="0" name="n2_tx" pY="0" scale="1" offset="0">
    <frame z="0" duration="1">
     <transform scX="1" x="0" scY="1" y="0" pX="0" pY="0" skX="0" skY="0"/>
    </frame>
   </timeline>
   <timeline pX="0" name="n3_tx" pY="0" scale="1" offset="0">
    <frame z="0" duration="1">
     <transform scX="1" x="0" scY="1" y="0" pX="0" pY="0" skX="0" skY="0"/>
    </frame>
   </timeline>
   <timeline pX="0" name="n4_tx" pY="0" scale="1" offset="0">
    <frame z="0" duration="1">
     <transform scX="1" x="0" scY="1" y="0" pX="0" pY="0" skX="0" skY="0"/>
    </frame>
   </timeline>
   <timeline pX="0" name="name_tx" pY="0" scale="1" offset="0">
    <frame z="0" duration="1">
     <transform scX="1" x="0" scY="1" y="0" pX="0" pY="0" skX="0" skY="0"/>
    </frame>
   </timeline>
   <timeline pX="0" name="play_bt" pY="0" scale="1" offset="0">
    <frame z="0" duration="1">
     <transform scX="1" x="0" scY="1" y="0" pX="0" pY="0" skX="0" skY="0"/>
    </frame>
   </timeline>
   <timeline pX="0" name="please_full_cl" pY="0" scale="1" offset="0">
    <frame z="0" duration="1">
     <transform scX="1" x="0" scY="1" y="0" pX="0" pY="0" skX="0" skY="0"/>
    </frame>
   </timeline>
  </animation>
 </armature>
 <armature name="Symbol 3271">
  <skin name="default">
   <slot name="arr5" z="0" parent="arr5">
    <display name="Symbol 1966" type="armature">
     <transform scX="1" x="0" skX="0" scY="1" y="0" skY="0"/>
    </display>
   </slot>
   <slot name="arr4" z="1" parent="arr4">
    <display name="Symbol 1966" type="armature">
     <transform scX="1" x="0" skX="0" scY="1" y="0" skY="0"/>
    </display>
   </slot>
   <slot name="arr3" z="2" parent="arr3">
    <display name="Symbol 1966" type="armature">
     <transform scX="1" x="0" skX="0" scY="1" y="0" skY="0"/>
    </display>
   </slot>
   <slot name="arr2" z="3" parent="arr2">
    <display name="Symbol 1966" type="armature">
     <transform scX="1" x="0" skX="0" scY="1" y="0" skY="0"/>
    </display>
   </slot>
   <slot name="arr1" z="4" parent="arr1">
    <display name="Symbol 1966" type="armature">
     <transform scX="1" x="0" skX="0" scY="1" y="0" skY="0"/>
    </display>
   </slot>
   <slot name="Layer 3" z="5" parent="Layer 3">
    <display name="位图 46" type="image">
     <transform scX="1" x="-46" scY="1" y="-32" pX="0" pY="0" skX="0" skY="0"/>
    </display>
   </slot>
   <slot name="Layer 2" z="6" parent="Layer 2">
    <display name="位图 45" type="image">
     <transform scX="1" x="-18.5" scY="1" y="-20" pX="0" pY="0" skX="0" skY="0"/>
    </display>
   </slot>
   <slot name="auto_bt" z="7" parent="auto_bt">
    <display name="Symbol 3270" type="image">
     <transform scX="1" x="0" scY="1" y="0" pX="34.75" pY="16.6" skX="0" skY="0"/>
    </display>
   </slot>
  </skin>
  <bone name="arr1">
   <transform scX="1" x="-41.95" skX="90" scY="1" y="242.35" skY="90"/>
  </bone>
  <bone name="arr4">
   <transform scX="1" x="-41.95" skX="90" scY="1" y="115.4" skY="90"/>
  </bone>
  <bone name="arr3">
   <transform scX="1" x="-41.95" skX="90" scY="1" y="157.35" skY="90"/>
  </bone>
  <bone name="arr2">
   <transform scX="1" x="-41.95" skX="90" scY="1" y="200.4" skY="90"/>
  </bone>
  <bone name="arr5">
   <transform scX="1" x="-41.3" skX="90" scY="1" y="61.75" skY="90"/>
  </bone>
  <bone name="Layer 3">
   <transform scX="1" x="11.1" skX="0" scY="1" y="21.8" skY="0"/>
  </bone>
  <bone name="Layer 2">
   <transform scX="1" x="17.3" skX="0" scY="1" y="68.7" skY="0"/>
  </bone>
  <bone name="auto_bt">
   <transform scX="1" x="15.9" skX="0" scY="1" y="100.1" skY="0"/>
  </bone>
  <animation fadeInTime="0.3" scale="1" loop="1" autoTween="NaN" name="please_full_cl" duration="1" tweenEasing="NaN">
   <timeline pX="0" name="arr5" pY="0" scale="1" offset="0">
    <frame z="0" duration="1">
     <transform scX="1" x="0" scY="1" y="0" pX="0" pY="0" skX="0" skY="0"/>
    </frame>
   </timeline>
   <timeline pX="0" name="arr4" pY="0" scale="1" offset="0">
    <frame z="0" duration="1">
     <transform scX="1" x="0" scY="1" y="0" pX="0" pY="0" skX="0" skY="0"/>
    </frame>
   </timeline>
   <timeline pX="0" name="arr3" pY="0" scale="1" offset="0">
    <frame z="0" duration="1">
     <transform scX="1" x="0" scY="1" y="0" pX="0" pY="0" skX="0" skY="0"/>
    </frame>
   </timeline>
   <timeline pX="0" name="arr2" pY="0" scale="1" offset="0">
    <frame z="0" duration="1">
     <transform scX="1" x="0" scY="1" y="0" pX="0" pY="0" skX="0" skY="0"/>
    </frame>
   </timeline>
   <timeline pX="0" name="arr1" pY="0" scale="1" offset="0">
    <frame z="0" duration="1">
     <transform scX="1" x="0" scY="1" y="0" pX="0" pY="0" skX="0" skY="0"/>
    </frame>
   </timeline>
   <timeline pX="0" name="Layer 3" pY="0" scale="1" offset="0">
    <frame z="0" duration="1">
     <transform scX="1" x="0" scY="1" y="0" pX="0" pY="0" skX="0" skY="0"/>
    </frame>
   </timeline>
   <timeline pX="0" name="Layer 2" pY="0" scale="1" offset="0">
    <frame z="0" duration="1">
     <transform scX="1" x="0" scY="1" y="0" pX="0" pY="0" skX="0" skY="0"/>
    </frame>
   </timeline>
   <timeline pX="0" name="auto_bt" pY="0" scale="1" offset="0">
    <frame z="0" duration="1">
     <transform scX="1" x="0" scY="1" y="0" pX="0" pY="0" skX="0" skY="0"/>
    </frame>
   </timeline>
  </animation>
 </armature>
 <armature name="Symbol 1966">
  <skin name="default">
   <slot name="Layer 1" z="0" parent="Layer 1">
    <display name="Symbol 1965" type="image">
     <transform scX="1" x="0" scY="1" y="0" pX="16" pY="20.6" skX="0" skY="0"/>
    </display>
   </slot>
  </skin>
  <bone name="Layer 1">
   <transform scX="1" x="0" skX="0" scY="1" y="18" skY="0"/>
  </bone>
  <animation fadeInTime="0.3" scale="1" loop="1" autoTween="NaN" name="arr" duration="32" tweenEasing="NaN">
   <timeline pX="0" name="Layer 1" pY="0" scale="1" offset="0">
    <frame z="0" duration="1">
     <transform scX="1" x="0" scY="1" y="0" pX="0" pY="0" skX="0" skY="0"/>
    </frame>
    <frame z="0" duration="1">
     <transform scX="1" x="0" scY="1" y="-1.3999999999999986" pX="0" pY="0" skX="0" skY="0"/>
    </frame>
    <frame z="0" duration="1">
     <transform scX="1" x="0" scY="1" y="-2.75" pX="0" pY="0" skX="0" skY="0"/>
    </frame>
    <frame z="0" duration="1">
     <transform scX="1" x="0" scY="1" y="-4.15" pX="0" pY="0" skX="0" skY="0"/>
    </frame>
    <frame z="0" duration="1">
     <transform scX="1" x="0" scY="1" y="-5.550000000000001" pX="0" pY="0" skX="0" skY="0"/>
    </frame>
    <frame z="0" duration="1">
     <transform scX="1" x="0" scY="1" y="-6.9" pX="0" pY="0" skX="0" skY="0"/>
    </frame>
    <frame z="0" duration="1">
     <transform scX="1" x="0" scY="1" y="-8.3" pX="0" pY="0" skX="0" skY="0"/>
    </frame>
    <frame z="0" duration="1">
     <transform scX="1" x="0" scY="1" y="-9.7" pX="0" pY="0" skX="0" skY="0"/>
    </frame>
    <frame z="0" duration="1">
     <transform scX="1" x="0" scY="1" y="-11.1" pX="0" pY="0" skX="0" skY="0"/>
    </frame>
    <frame z="0" duration="1">
     <transform scX="1" x="0" scY="1" y="-12.45" pX="0" pY="0" skX="0" skY="0"/>
    </frame>
    <frame z="0" duration="1">
     <transform scX="1" x="0" scY="1" y="-13.85" pX="0" pY="0" skX="0" skY="0"/>
    </frame>
    <frame z="0" duration="1">
     <transform scX="1" x="0" scY="1" y="-15.25" pX="0" pY="0" skX="0" skY="0"/>
    </frame>
    <frame z="0" duration="1">
     <transform scX="1" x="0" scY="1" y="-16.6" pX="0" pY="0" skX="0" skY="0"/>
    </frame>
    <frame z="0" duration="1">
     <transform scX="1" x="0" scY="1" y="-18" pX="0" pY="0" skX="0" skY="0"/>
    </frame>
    <frame z="0" duration="1">
     <transform scX="1" x="0" scY="1" y="-17" pX="0" pY="0" skX="0" skY="0"/>
    </frame>
    <frame z="0" duration="1">
     <transform scX="1" x="0" scY="1" y="-16" pX="0" pY="0" skX="0" skY="0"/>
    </frame>
    <frame z="0" duration="1">
     <transform scX="1" x="0" scY="1" y="-15" pX="0" pY="0" skX="0" skY="0"/>
    </frame>
    <frame z="0" duration="1">
     <transform scX="1" x="0" scY="1" y="-14" pX="0" pY="0" skX="0" skY="0"/>
    </frame>
    <frame z="0" duration="1">
     <transform scX="1" x="0" scY="1" y="-13" pX="0" pY="0" skX="0" skY="0"/>
    </frame>
    <frame z="0" duration="1">
     <transform scX="1" x="0" scY="1" y="-12" pX="0" pY="0" skX="0" skY="0"/>
    </frame>
    <frame z="0" duration="1">
     <transform scX="1" x="0" scY="1" y="-11" pX="0" pY="0" skX="0" skY="0"/>
    </frame>
    <frame z="0" duration="1">
     <transform scX="1" x="0" scY="1" y="-10" pX="0" pY="0" skX="0" skY="0"/>
    </frame>
    <frame z="0" duration="1">
     <transform scX="1" x="0" scY="1" y="-9" pX="0" pY="0" skX="0" skY="0"/>
    </frame>
    <frame z="0" duration="1">
     <transform scX="1" x="0" scY="1" y="-8" pX="0" pY="0" skX="0" skY="0"/>
    </frame>
    <frame z="0" duration="1">
     <transform scX="1" x="0" scY="1" y="-7" pX="0" pY="0" skX="0" skY="0"/>
    </frame>
    <frame z="0" duration="1">
     <transform scX="1" x="0" scY="1" y="-6" pX="0" pY="0" skX="0" skY="0"/>
    </frame>
    <frame z="0" duration="1">
     <transform scX="1" x="0" scY="1" y="-5" pX="0" pY="0" skX="0" skY="0"/>
    </frame>
    <frame z="0" duration="1">
     <transform scX="1" x="0" scY="1" y="-4" pX="0" pY="0" skX="0" skY="0"/>
    </frame>
    <frame z="0" duration="1">
     <transform scX="1" x="0" scY="1" y="-3" pX="0" pY="0" skX="0" skY="0"/>
    </frame>
    <frame z="0" duration="1">
     <transform scX="1" x="0" scY="1" y="-2" pX="0" pY="0" skX="0" skY="0"/>
    </frame>
    <frame z="0" duration="1">
     <transform scX="1" x="0" scY="1" y="-1" pX="0" pY="0" skX="0" skY="0"/>
    </frame>
    <frame z="0" duration="1">
     <transform scX="1" x="0" scY="1" y="0" pX="0" pY="0" skX="0" skY="0"/>
    </frame>
   </timeline>
  </animation>
 </armature>
</root>