<root name="Preloader" isGlobal="0" frameRate="30" version="3.0">
 <armature name="Preloader">
  <skin name="default">
   <slot name="Layer 10" z="0" parent="Layer 10">
    <display name="Symbol 1906" type="image">
     <transform x="0" pX="0" pY="0" skX="0" skY="0" scX="1" y="0" scY="1"/>
    </display>
   </slot>
   <slot name="Layer 9" z="1" parent="Layer 9">
    <display name="Symbol 1907" type="image">
     <transform x="0" pX="704.35" pY="281.45" skX="0" skY="0" scX="1" y="0" scY="1"/>
    </display>
   </slot>
   <slot name="Layer 8" z="2" parent="Layer 8">
    <display name="Symbol 1919" type="armature">
     <transform scY="1" skY="0" x="0" scX="1" skX="0" y="0"/>
    </display>
   </slot>
   <slot name="Layer 7" z="3" parent="Layer 7">
    <display name="Symbol 1919" type="armature">
     <transform scY="1" skY="0" x="0" scX="1" skX="0" y="0"/>
    </display>
   </slot>
   <slot name="name_in_cl" z="4" parent="name_in_cl">
    <display name="s319" type="armature">
     <transform scY="1" skY="0" x="0" scX="1" skX="0" y="0"/>
    </display>
   </slot>
   <slot name="Layer 5" z="5" parent="Layer 5">
    <display name="位图 44" type="image">
     <transform x="-35" pX="0" pY="0" skX="0" skY="0" scX="1" y="-13.5" scY="1"/>
    </display>
   </slot>
   <slot name="skala" z="6" parent="skala">
    <display name="Symbol 1947" type="armature">
     <transform scY="1" skY="0" x="0" scX="1" skX="0" y="0"/>
    </display>
   </slot>
   <slot name="deqaf_button" z="7" parent="deqaf_button">
    <display name="Deqaf_button" type="image">
     <transform x="0" pX="19.45" pY="19.45" skX="0" skY="0" scX="1" y="0" scY="1"/>
    </display>
   </slot>
   <slot name="sponsor_button" z="8" parent="sponsor_button">
    <display name="Sponsor_button" type="image">
     <transform x="0" pX="19.45" pY="19.45" skX="0" skY="0" scX="1" y="0" scY="1"/>
    </display>
   </slot>
   <slot name="play_cl" z="9" parent="play_cl">
    <display name="play_cla_333" type="armature">
     <transform scY="1" skY="0" x="0" scX="1" skX="0" y="0"/>
    </display>
   </slot>
  </skin>
  <bone name="Layer 5">
   <transform y="440.55" skY="0" x="274.85" scX="1" skX="0" scY="1"/>
  </bone>
  <bone name="Layer 9">
   <transform y="166.75" skY="0" x="383.2" scX="0.77" skX="0" scY="0.77"/>
  </bone>
  <bone name="Layer 8">
   <transform y="215.55" skY="-90" x="175.85" scX="-0.33" skX="-90" scY="0.83"/>
  </bone>
  <bone name="Layer 7">
   <transform y="144.1" skY="-90" x="482.75" scX="-0.33" skX="-90" scY="0.83"/>
  </bone>
  <bone name="name_in_cl">
   <transform y="211.35" skY="0" x="325" scX="1" skX="0" scY="1"/>
  </bone>
  <bone name="Layer 10">
   <transform y="0" skY="0" x="0" scX="1" skX="0" scY="1"/>
  </bone>
  <bone name="skala">
   <transform y="398.35" skY="0" x="325.4" scX="1" skX="0" scY="1"/>
  </bone>
  <bone name="deqaf_button">
   <transform y="23" skY="0" x="626.9" scX="1" skX="0" scY="1"/>
  </bone>
  <bone name="sponsor_button">
   <transform y="41.95" skY="0" x="72.45" scX="1.11" skX="0" scY="1.11"/>
  </bone>
  <bone name="play_cl">
   <transform y="350.4" skY="0" x="285.25" scX="1" skX="0" scY="1"/>
  </bone>
  <animation name="Preloader" scale="1" loop="1" duration="1" autoTween="NaN" fadeInTime="0.3" tweenEasing="NaN">
   <timeline name="Layer 10" scale="1" pX="0" pY="0" offset="0">
    <frame z="0" duration="1">
     <transform x="0" pX="0" pY="0" skX="0" skY="0" scX="1" y="0" scY="1"/>
    </frame>
   </timeline>
   <timeline name="Layer 9" scale="1" pX="0" pY="0" offset="0">
    <frame z="0" duration="1">
     <transform x="0" pX="0" pY="0" skX="0" skY="0" scX="1" y="0" scY="1"/>
     <colorTransform bM="100" gO="0" bO="0" aM="82" rM="100" aO="0" gM="100" rO="0"/>
    </frame>
   </timeline>
   <timeline name="Layer 8" scale="1" pX="0" pY="0" offset="0">
    <frame z="0" duration="1">
     <transform x="0" pX="0" pY="0" skX="0" skY="0" scX="1" y="0" scY="1"/>
     <colorTransform bM="100" gO="0" bO="0" aM="63" rM="100" aO="0" gM="100" rO="0"/>
    </frame>
   </timeline>
   <timeline name="Layer 7" scale="1" pX="0" pY="0" offset="0">
    <frame z="0" duration="1">
     <transform x="0" pX="0" pY="0" skX="0" skY="0" scX="1" y="0" scY="1"/>
     <colorTransform bM="100" gO="0" bO="0" aM="63" rM="100" aO="0" gM="100" rO="0"/>
    </frame>
   </timeline>
   <timeline name="name_in_cl" scale="1" pX="0" pY="0" offset="0">
    <frame z="0" duration="1">
     <transform x="0" pX="0" pY="0" skX="0" skY="0" scX="1" y="0" scY="1"/>
    </frame>
   </timeline>
   <timeline name="Layer 5" scale="1" pX="0" pY="0" offset="0">
    <frame z="0" duration="1">
     <transform x="0" pX="0" pY="0" skX="0" skY="0" scX="1" y="0" scY="1"/>
    </frame>
   </timeline>
   <timeline name="skala" scale="1" pX="0" pY="0" offset="0">
    <frame z="0" duration="1">
     <transform x="0" pX="0" pY="0" skX="0" skY="0" scX="1" y="0" scY="1"/>
    </frame>
   </timeline>
   <timeline name="deqaf_button" scale="1" pX="0" pY="0" offset="0">
    <frame z="0" duration="1">
     <transform x="0" pX="0" pY="0" skX="0" skY="0" scX="1" y="0" scY="1"/>
    </frame>
   </timeline>
   <timeline name="sponsor_button" scale="1" pX="0" pY="0" offset="0">
    <frame z="0" duration="1">
     <transform x="0" pX="0" pY="0" skX="0" skY="0" scX="1" y="0" scY="1"/>
    </frame>
   </timeline>
   <timeline name="play_cl" scale="1" pX="0" pY="0" offset="0">
    <frame z="0" duration="1">
     <transform x="0" pX="0" pY="0" skX="0" skY="0" scX="1" y="0" scY="1"/>
    </frame>
   </timeline>
  </animation>
 </armature>
 <armature name="Symbol 1919">
  <skin name="default">
   <slot name="Layer 10" z="0" parent="Layer 10">
    <display name="Symbol 1912" type="armature">
     <transform scY="1" skY="0" x="0" scX="1" skX="0" y="0"/>
    </display>
   </slot>
   <slot name="Layer 9" z="1" parent="Layer 9">
    <display name="Symbol 1915" type="image">
     <transform x="0" pX="22.9" pY="2.3" skX="0" skY="0" scX="1" y="0" scY="1"/>
    </display>
   </slot>
   <slot name="Layer 8" z="2" parent="Layer 8">
    <display name="Symbol 1915" type="image">
     <transform x="0" pX="22.9" pY="2.3" skX="0" skY="0" scX="1" y="0" scY="1"/>
    </display>
   </slot>
   <slot name="Layer 7" z="3" parent="Layer 7">
    <display name="Symbol 1915" type="image">
     <transform x="0" pX="22.9" pY="2.3" skX="0" skY="0" scX="1" y="0" scY="1"/>
    </display>
   </slot>
   <slot name="Layer 6" z="4" parent="Layer 6">
    <display name="Symbol 1915" type="image">
     <transform x="0" pX="22.9" pY="2.3" skX="0" skY="0" scX="1" y="0" scY="1"/>
    </display>
   </slot>
   <slot name="Layer 5" z="5" parent="Layer 5">
    <display name="Symbol 1918" type="armature">
     <transform scY="1" skY="0" x="0" scX="1" skX="0" y="0"/>
    </display>
   </slot>
   <slot name="Layer 4" z="6" parent="Layer 4">
    <display name="Symbol 1918" type="armature">
     <transform scY="1" skY="0" x="0" scX="1" skX="0" y="0"/>
    </display>
   </slot>
   <slot name="Layer 3" z="7" parent="Layer 3">
    <display name="Symbol 1918" type="armature">
     <transform scY="1" skY="0" x="0" scX="1" skX="0" y="0"/>
    </display>
   </slot>
   <slot name="Layer 2" z="8" parent="Layer 2">
    <display name="Symbol 1918" type="armature">
     <transform scY="1" skY="0" x="0" scX="1" skX="0" y="0"/>
    </display>
   </slot>
   <slot name="Layer 1" z="9" parent="Layer 1">
    <display name="Symbol 1918" type="armature">
     <transform scY="1" skY="0" x="0" scX="1" skX="0" y="0"/>
    </display>
   </slot>
  </skin>
  <bone name="Layer 5">
   <transform y="-75.2" skY="0" x="328.95" scX="1" skX="0" scY="1"/>
  </bone>
  <bone name="Layer 9">
   <transform y="-161.9" skY="0" x="326" scX="1.43" skX="0" scY="1.01"/>
  </bone>
  <bone name="Layer 8">
   <transform y="-141.9" skY="0" x="366" scX="1.43" skX="0" scY="1.01"/>
  </bone>
  <bone name="Layer 7">
   <transform y="278.1" skY="-180" x="316" scX="-1.43" skX="180" scY="1.01"/>
  </bone>
  <bone name="Layer 6">
   <transform y="258.1" skY="-180" x="356" scX="-1.43" skX="180" scY="1.01"/>
  </bone>
  <bone name="Layer 10">
   <transform y="-181.95" skY="0" x="-392" scX="1" skX="0" scY="1"/>
  </bone>
  <bone name="Layer 4">
   <transform y="-104.2" skY="0" x="139.95" scX="1" skX="0" scY="1"/>
  </bone>
  <bone name="Layer 3">
   <transform y="198.8" skY="-180" x="352.95" scX="-1" skX="180" scY="1"/>
  </bone>
  <bone name="Layer 2">
   <transform y="64.8" skY="0" x="353.95" scX="0.82" skX="0" scY="1"/>
  </bone>
  <bone name="Layer 1">
   <transform y="-33.25" skY="0" x="323.95" scX="1" skX="0" scY="1"/>
  </bone>
  <animation name="unnamed" scale="1" loop="1" duration="16" autoTween="NaN" fadeInTime="0" tweenEasing="NaN">
   <timeline name="Layer 10" scale="1" pX="0" pY="0" offset="0">
    <frame z="0" duration="16">
     <transform x="0" pX="0" pY="0" skX="0" skY="0" scX="1" y="0" scY="1"/>
    </frame>
   </timeline>
   <timeline name="Layer 9" scale="1" pX="0" pY="0" offset="0">
    <frame z="0" duration="1">
     <transform x="0" pX="0" pY="0" skX="0" skY="0" scX="1" y="0" scY="1"/>
    </frame>
    <frame z="0" duration="1">
     <transform x="-389.95" pX="0" pY="0" skX="0" skY="0" scX="1" y="0" scY="1"/>
    </frame>
    <frame z="0" duration="1">
     <transform x="-779.95" pX="0" pY="0" skX="0" skY="0" scX="1" y="0" scY="1"/>
    </frame>
    <frame z="0" duration="1">
     <transform x="-1169.9" pX="0" pY="0" skX="0" skY="0" scX="1" y="0" scY="1"/>
    </frame>
    <frame displayIndex="-1" duration="1"/>
    <frame z="0" duration="1">
     <transform x="0" pX="0" pY="0" skX="0" skY="0" scX="1" y="0" scY="1"/>
    </frame>
    <frame z="0" duration="1">
     <transform x="-389.95" pX="0" pY="0" skX="0" skY="0" scX="1" y="0" scY="1"/>
    </frame>
    <frame z="0" duration="1">
     <transform x="-779.95" pX="0" pY="0" skX="0" skY="0" scX="1" y="0" scY="1"/>
    </frame>
    <frame z="0" duration="1">
     <transform x="-1169.9" pX="0" pY="0" skX="0" skY="0" scX="1" y="0" scY="1"/>
    </frame>
    <frame displayIndex="-1" duration="1"/>
    <frame z="0" duration="1">
     <transform x="-1" pX="0" pY="0" skX="0" skY="0" scX="1" y="0" scY="1"/>
    </frame>
    <frame z="0" duration="1">
     <transform x="-388.65" pX="0" pY="0" skX="0" skY="0" scX="1" y="0" scY="1"/>
    </frame>
    <frame z="0" duration="1">
     <transform x="-776.3" pX="0" pY="0" skX="0" skY="0" scX="1" y="0" scY="1"/>
    </frame>
    <frame z="0" duration="1">
     <transform x="-1163.9" pX="0" pY="0" skX="0" skY="0" scX="1" y="0" scY="1"/>
    </frame>
    <frame displayIndex="-1" duration="2"/>
   </timeline>
   <timeline name="Layer 8" scale="1" pX="0" pY="0" offset="0">
    <frame z="0" duration="1">
     <transform x="0" pX="0" pY="0" skX="0" skY="0" scX="1" y="0" scY="1"/>
    </frame>
    <frame z="0" duration="1">
     <transform x="-396.65" pX="0" pY="0" skX="0" skY="0" scX="1" y="0" scY="1"/>
    </frame>
    <frame z="0" duration="1">
     <transform x="-793.3" pX="0" pY="0" skX="0" skY="0" scX="1" y="0" scY="1"/>
    </frame>
    <frame z="0" duration="1">
     <transform x="-1189.9" pX="0" pY="0" skX="0" skY="0" scX="1" y="0" scY="1"/>
    </frame>
    <frame displayIndex="-1" duration="3"/>
    <frame z="0" duration="1">
     <transform x="0" pX="0" pY="0" skX="0" skY="0" scX="1" y="20" scY="1"/>
    </frame>
    <frame z="0" duration="1">
     <transform x="-396.65" pX="0" pY="0" skX="0" skY="0" scX="1" y="20" scY="1"/>
    </frame>
    <frame z="0" duration="1">
     <transform x="-793.3" pX="0" pY="0" skX="0" skY="0" scX="1" y="20" scY="1"/>
    </frame>
    <frame z="0" duration="1">
     <transform x="-1189.9" pX="0" pY="0" skX="0" skY="0" scX="1" y="20" scY="1"/>
    </frame>
    <frame displayIndex="-1" duration="1"/>
    <frame z="0" duration="1">
     <transform x="-1209.9" pX="0" pY="0" skX="0" skY="0" scX="1" y="10" scY="1"/>
    </frame>
    <frame z="0" duration="1">
     <transform x="-813.25" pX="0" pY="0" skX="0" skY="0" scX="1" y="10" scY="1"/>
    </frame>
    <frame z="0" duration="1">
     <transform x="-416.6" pX="0" pY="0" skX="0" skY="0" scX="1" y="10" scY="1"/>
    </frame>
    <frame z="0" duration="1">
     <transform x="-20" pX="0" pY="0" skX="0" skY="0" scX="1" y="10" scY="1"/>
    </frame>
   </timeline>
   <timeline name="Layer 7" scale="1" pX="0" pY="0" offset="0">
    <frame displayIndex="-1" duration="1"/>
    <frame z="0" duration="1">
     <transform x="0" pX="0" pY="0" skX="0" skY="0" scX="1" y="0" scY="1"/>
    </frame>
    <frame z="0" duration="1">
     <transform x="-389.95" pX="0" pY="0" skX="0" skY="0" scX="1" y="0" scY="1"/>
    </frame>
    <frame z="0" duration="1">
     <transform x="-779.95" pX="0" pY="0" skX="0" skY="0" scX="1" y="0" scY="1"/>
    </frame>
    <frame z="0" duration="1">
     <transform x="-1169.9" pX="0" pY="0" skX="0" skY="0" scX="1" y="0" scY="1"/>
    </frame>
    <frame displayIndex="-1" duration="3"/>
    <frame z="0" duration="1">
     <transform x="0" pX="0" pY="0" skX="0" skY="0" scX="1" y="0" scY="1"/>
    </frame>
    <frame z="0" duration="1">
     <transform x="-389.95" pX="0" pY="0" skX="0" skY="0" scX="1" y="0" scY="1"/>
    </frame>
    <frame z="0" duration="1">
     <transform x="-779.95" pX="0" pY="0" skX="0" skY="0" scX="1" y="0" scY="1"/>
    </frame>
    <frame z="0" duration="1">
     <transform x="-1169.9" pX="0" pY="0" skX="0" skY="0" scX="1" y="0" scY="1"/>
    </frame>
    <frame displayIndex="-1" duration="2"/>
    <frame z="0" duration="1">
     <transform x="0" pX="0" pY="0" skX="0" skY="0" scX="1" y="0" scY="1"/>
    </frame>
    <frame z="0" duration="1">
     <transform x="-279.95" pX="0" pY="0" skX="0" skY="0" scX="1" y="0" scY="1"/>
    </frame>
   </timeline>
   <timeline name="Layer 6" scale="1" pX="0" pY="0" offset="0">
    <frame displayIndex="-1" duration="1"/>
    <frame z="0" duration="1">
     <transform x="0" pX="0" pY="0" skX="0" skY="0" scX="1" y="0" scY="1"/>
    </frame>
    <frame z="0" duration="1">
     <transform x="-594.95" pX="0" pY="0" skX="0" skY="0" scX="1" y="0" scY="1"/>
    </frame>
    <frame z="0" duration="1">
     <transform x="-1189.9" pX="0" pY="0" skX="0" skY="0" scX="1" y="0" scY="1"/>
    </frame>
    <frame displayIndex="-1" duration="3"/>
    <frame z="0" duration="1">
     <transform x="0" pX="0" pY="0" skX="0" skY="0" scX="1" y="0" scY="1"/>
    </frame>
    <frame z="0" duration="1">
     <transform x="-396.65" pX="0" pY="0" skX="0" skY="0" scX="1" y="0" scY="1"/>
    </frame>
    <frame z="0" duration="1">
     <transform x="-793.3" pX="0" pY="0" skX="0" skY="0" scX="1" y="0" scY="1"/>
    </frame>
    <frame z="0" duration="1">
     <transform x="-1189.9" pX="0" pY="0" skX="0" skY="0" scX="1" y="0" scY="1"/>
    </frame>
    <frame displayIndex="-1" duration="2"/>
    <frame z="0" duration="1">
     <transform x="0" pX="0" pY="0" skX="0" skY="0" scX="1" y="0" scY="1"/>
    </frame>
    <frame z="0" duration="1">
     <transform x="-297.4" pX="0" pY="0" skX="0" skY="0" scX="1" y="0" scY="1"/>
    </frame>
    <frame z="0" duration="1">
     <transform x="-594.95" pX="0" pY="0" skX="0" skY="0" scX="1" y="0" scY="1"/>
    </frame>
   </timeline>
   <timeline name="Layer 5" scale="1" pX="0" pY="0" offset="0">
    <frame z="0" duration="15">
     <transform x="0" pX="0" pY="0" skX="0" skY="0" scX="1" y="0" scY="1"/>
    </frame>
    <frame displayIndex="-1" duration="1"/>
   </timeline>
   <timeline name="Layer 4" scale="1" pX="0" pY="0" offset="0">
    <frame displayIndex="-1" duration="1"/>
    <frame z="0" duration="15">
     <transform x="0" pX="0" pY="0" skX="0" skY="0" scX="1" y="0" scY="1"/>
    </frame>
   </timeline>
   <timeline name="Layer 3" scale="1" pX="0" pY="0" offset="0">
    <frame displayIndex="-1" duration="1"/>
    <frame z="0" duration="15">
     <transform x="0" pX="0" pY="0" skX="0" skY="0" scX="1" y="0" scY="1"/>
    </frame>
   </timeline>
   <timeline name="Layer 2" scale="1" pX="0" pY="0" offset="0">
    <frame displayIndex="-1" duration="3"/>
    <frame z="0" duration="12">
     <transform x="0" pX="0" pY="0" skX="0" skY="0" scX="1" y="0" scY="1"/>
    </frame>
    <frame displayIndex="-1" duration="1"/>
   </timeline>
   <timeline name="Layer 1" scale="1" pX="0" pY="0" offset="0">
    <frame displayIndex="-1" duration="5"/>
    <frame z="0" duration="11">
     <transform x="0" pX="0" pY="0" skX="0" skY="0" scX="1" y="0" scY="1"/>
    </frame>
   </timeline>
  </animation>
 </armature>
 <armature name="s319">
  <skin name="default">
   <slot name="Layer 6" z="0" parent="Layer 6">
    <display name="Symbol 1921" type="image">
     <transform x="0" pX="43.2" pY="27.6" skX="0" skY="0" scX="1" y="0" scY="1"/>
    </display>
    <display name="Symbol 1940" type="image">
     <transform x="0" pX="251" pY="53.85" skX="0" skY="0" scX="1" y="0" scY="1"/>
    </display>
   </slot>
   <slot name="Layer 5" z="1" parent="Layer 5">
    <display name="Symbol 1923" type="image">
     <transform x="0" pX="35.75" pY="22.55" skX="0" skY="0" scX="1" y="0" scY="1"/>
    </display>
   </slot>
   <slot name="Layer 4" z="2" parent="Layer 4">
    <display name="Symbol 1925" type="image">
     <transform x="0" pX="29" pY="21.85" skX="0" skY="0" scX="1" y="0" scY="1"/>
    </display>
   </slot>
   <slot name="Layer 3" z="3" parent="Layer 3">
    <display name="Symbol 1926" type="image">
     <transform x="0" pX="0" pY="0" skX="0" skY="0" scX="1" y="0" scY="1"/>
    </display>
   </slot>
   <slot z="4" name="lol" parent="lol"/>
  </skin>
  <bone name="Layer 4">
   <transform y="-172.65" skY="0" x="3.75" scX="1.56" skX="0" scY="1.56"/>
  </bone>
  <bone name="Layer 5">
   <transform y="-163.45" skY="0" x="-60.95" scX="-1.46" skX="0" scY="1.46"/>
  </bone>
  <bone name="Layer 6">
   <transform y="-161.15" skY="-0.95" x="61.7" scX="1.45" skX="0" scY="1.44"/>
  </bone>
  <bone name="Layer 3">
   <transform y="-128.2" skY="0" x="-151.45" scX="0.47" skX="0" scY="0.57"/>
  </bone>
  <bone name="lol">
   <transform y="-25" skY="0" x="0" scX="1" skX="0" scY="1"/>
  </bone>
  <animation name="name_in_cl" scale="5" loop="0" duration="2" autoTween="NaN" fadeInTime="0.3" tweenEasing="2">
   <timeline name="Layer 6" scale="1" pX="0" pY="0" offset="0">
    <frame z="0" duration="1">
     <transform x="0" pX="0" pY="0" skX="0" skY="0" scX="1" y="0" scY="1"/>
    </frame>
    <frame displayIndex="1" z="0" duration="1">
     <transform x="-52.050000000000004" pX="0" pY="0" skX="0" skY="0.95" scX="0.6896551724137931" y="60.55000000000001" scY="0.6944444444444444"/>
    </frame>
   </timeline>
   <timeline name="Layer 5" scale="1" pX="0" pY="0" offset="0">
    <frame z="0" duration="1">
     <transform x="0" pX="0" pY="0" skX="0" skY="0" scX="1" y="0" scY="1"/>
    </frame>
    <frame displayIndex="-1" duration="1"/>
   </timeline>
   <timeline name="Layer 4" scale="1" pX="0" pY="0" offset="0">
    <frame z="0" duration="1">
     <transform x="0" pX="0" pY="0" skX="0" skY="0" scX="1" y="0" scY="1"/>
    </frame>
    <frame displayIndex="-1" duration="1"/>
   </timeline>
   <timeline name="Layer 3" scale="1" pX="0" pY="0" offset="0">
    <frame z="0" duration="1">
     <transform x="0" pX="0" pY="0" skX="0" skY="0" scX="1" y="0" scY="1"/>
    </frame>
    <frame displayIndex="-1" duration="1"/>
   </timeline>
   <timeline name="lol" scale="1" pX="0" pY="0" offset="0">
    <frame z="0" duration="1">
     <transform x="0" pX="0" pY="0" skX="0" skY="0" scX="1" y="0" scY="1"/>
    </frame>
    <frame displayIndex="-1" duration="1"/>
   </timeline>
  </animation>
 </armature>
 <armature name="Symbol 1947">
  <skin name="default">
   <slot name="Layer 3" z="0" parent="Layer 3">
    <display name="Symbol 1943" type="image">
     <transform x="0" pX="246.05" pY="12.05" skX="0" skY="0" scX="1" y="0" scY="1"/>
    </display>
   </slot>
   <slot name="bg" z="1" parent="bg">
    <display name="__dbTextures/Symbol 1947/bg_0" type="image">
     <transform x="-239.25" pX="0" pY="0" skX="0" skY="0" scX="1" y="-5.85" scY="1"/>
    </display>
   </slot>
   <slot name="mask" z="2" parent="mask">
    <display name="Symbol 1945" type="image">
     <transform x="0" pX="50.95" pY="42.5" skX="0" skY="0" scX="1" y="0" scY="1"/>
    </display>
   </slot>
  </skin>
  <bone name="Layer 3">
   <transform y="0" skY="0" x="0" scX="1" skX="0" scY="1"/>
  </bone>
  <bone name="bg">
   <transform y="0.1" skY="0" x="0.15" scX="1" skX="0" scY="1"/>
  </bone>
  <bone name="mask">
   <transform y="-1.5" skY="0" x="-239.3" scX="0.03" skX="0" scY="0.52"/>
  </bone>
  <animation name="skala" scale="1" loop="1" duration="100" autoTween="NaN" fadeInTime="0.3" tweenEasing="NaN">
   <timeline name="Layer 3" scale="1" pX="0" pY="0" offset="0">
    <frame z="0" duration="100">
     <transform x="0" pX="0" pY="0" skX="0" skY="0" scX="1" y="0" scY="1"/>
    </frame>
   </timeline>
   <timeline name="bg" scale="1" pX="0" pY="0" offset="0">
    <frame z="0" duration="100" tweenEasing="NaN">
     <transform x="0" pX="0" pY="0" skX="0" skY="0" scX="1" y="0" scY="1"/>
    </frame>
   </timeline>
   <timeline name="mask" scale="1" pX="0" pY="0" offset="0">
    <frame z="0" duration="1">
     <transform x="0" pX="0" pY="0" skX="0" skY="0" scX="1" y="0" scY="1"/>
    </frame>
    <frame z="0" duration="1">
     <transform x="2.4000000000000057" pX="0" pY="0" skX="0" skY="0" scX="2.666666666666667" y="0" scY="1"/>
    </frame>
    <frame z="0" duration="1">
     <transform x="4.800000000000011" pX="0" pY="0" skX="0" skY="0" scX="4.333333333333334" y="0" scY="1"/>
    </frame>
    <frame z="0" duration="1">
     <transform x="7.25" pX="0" pY="0" skX="0" skY="0" scX="5.666666666666667" y="0" scY="1"/>
    </frame>
    <frame z="0" duration="1">
     <transform x="9.650000000000006" pX="0" pY="0" skX="0" skY="0" scX="7.333333333333334" y="0" scY="1"/>
    </frame>
    <frame z="0" duration="1">
     <transform x="12" pX="0" pY="0" skX="0" skY="0" scX="9.000000000000002" y="0" scY="1"/>
    </frame>
    <frame z="0" duration="1">
     <transform x="14.400000000000006" pX="0" pY="0" skX="0" skY="0" scX="10.666666666666668" y="0" scY="1"/>
    </frame>
    <frame z="0" duration="1">
     <transform x="16.80000000000001" pX="0" pY="0" skX="0" skY="0" scX="12" y="0" scY="1"/>
    </frame>
    <frame z="0" duration="1">
     <transform x="19.25" pX="0" pY="0" skX="0" skY="0" scX="13.666666666666666" y="0" scY="1"/>
    </frame>
    <frame z="0" duration="1">
     <transform x="21.650000000000006" pX="0" pY="0" skX="0" skY="0" scX="15.333333333333334" y="0" scY="1"/>
    </frame>
    <frame z="0" duration="1">
     <transform x="24.05000000000001" pX="0" pY="0" skX="0" skY="0" scX="17" y="0" scY="1"/>
    </frame>
    <frame z="0" duration="1">
     <transform x="26.450000000000017" pX="0" pY="0" skX="0" skY="0" scX="18.333333333333336" y="0" scY="1"/>
    </frame>
    <frame z="0" duration="1">
     <transform x="28.850000000000023" pX="0" pY="0" skX="0" skY="0" scX="20" y="0" scY="1"/>
    </frame>
    <frame z="0" duration="1">
     <transform x="31.30000000000001" pX="0" pY="0" skX="0" skY="0" scX="21.666666666666668" y="0" scY="1"/>
    </frame>
    <frame z="0" duration="1">
     <transform x="33.650000000000006" pX="0" pY="0" skX="0" skY="0" scX="23.333333333333332" y="0" scY="1"/>
    </frame>
    <frame z="0" duration="1">
     <transform x="36.05000000000001" pX="0" pY="0" skX="0" skY="0" scX="24.666666666666668" y="0" scY="1"/>
    </frame>
    <frame z="0" duration="1">
     <transform x="38.45000000000002" pX="0" pY="0" skX="0" skY="0" scX="26.333333333333336" y="0" scY="1"/>
    </frame>
    <frame z="0" duration="1">
     <transform x="40.85000000000002" pX="0" pY="0" skX="0" skY="0" scX="28" y="0" scY="1"/>
    </frame>
    <frame z="0" duration="1">
     <transform x="43.30000000000001" pX="0" pY="0" skX="0" skY="0" scX="29.666666666666668" y="0" scY="1"/>
    </frame>
    <frame z="0" duration="1">
     <transform x="45.70000000000002" pX="0" pY="0" skX="0" skY="0" scX="31.000000000000004" y="0" scY="1"/>
    </frame>
    <frame z="0" duration="1">
     <transform x="48.10000000000002" pX="0" pY="0" skX="0" skY="0" scX="32.666666666666664" y="0" scY="1"/>
    </frame>
    <frame z="0" duration="1">
     <transform x="50.5" pX="0" pY="0" skX="0" skY="0" scX="34.333333333333336" y="0" scY="1"/>
    </frame>
    <frame z="0" duration="1">
     <transform x="52.900000000000006" pX="0" pY="0" skX="0" skY="0" scX="36.00000000000001" y="0" scY="1"/>
    </frame>
    <frame z="0" duration="1">
     <transform x="55.30000000000001" pX="0" pY="0" skX="0" skY="0" scX="37.333333333333336" y="0" scY="1"/>
    </frame>
    <frame z="0" duration="1">
     <transform x="57.70000000000002" pX="0" pY="0" skX="0" skY="0" scX="39" y="0" scY="1"/>
    </frame>
    <frame z="0" duration="1">
     <transform x="60.10000000000002" pX="0" pY="0" skX="0" skY="0" scX="40.666666666666664" y="0" scY="1"/>
    </frame>
    <frame z="0" duration="1">
     <transform x="62.5" pX="0" pY="0" skX="0" skY="0" scX="42.333333333333336" y="0" scY="1"/>
    </frame>
    <frame z="0" duration="1">
     <transform x="64.9" pX="0" pY="0" skX="0" skY="0" scX="43.66666666666667" y="0" scY="1"/>
    </frame>
    <frame z="0" duration="1">
     <transform x="67.30000000000001" pX="0" pY="0" skX="0" skY="0" scX="45.333333333333336" y="0" scY="1"/>
    </frame>
    <frame z="0" duration="1">
     <transform x="69.75" pX="0" pY="0" skX="0" skY="0" scX="47" y="0" scY="1"/>
    </frame>
    <frame z="0" duration="1">
     <transform x="72.15" pX="0" pY="0" skX="0" skY="0" scX="48.666666666666664" y="0" scY="1"/>
    </frame>
    <frame z="0" duration="1">
     <transform x="74.5" pX="0" pY="0" skX="0" skY="0" scX="50" y="0" scY="1"/>
    </frame>
    <frame z="0" duration="1">
     <transform x="76.9" pX="0" pY="0" skX="0" skY="0" scX="51.66666666666667" y="0" scY="1"/>
    </frame>
    <frame z="0" duration="1">
     <transform x="79.30000000000001" pX="0" pY="0" skX="0" skY="0" scX="53.333333333333336" y="0" scY="1"/>
    </frame>
    <frame z="0" duration="1">
     <transform x="81.75" pX="0" pY="0" skX="0" skY="0" scX="55" y="0" scY="1"/>
    </frame>
    <frame z="0" duration="1">
     <transform x="84.15" pX="0" pY="0" skX="0" skY="0" scX="56.333333333333336" y="0" scY="1"/>
    </frame>
    <frame z="0" duration="1">
     <transform x="86.55000000000001" pX="0" pY="0" skX="0" skY="0" scX="58" y="0" scY="1"/>
    </frame>
    <frame z="0" duration="1">
     <transform x="88.95000000000002" pX="0" pY="0" skX="0" skY="0" scX="59.66666666666667" y="0" scY="1"/>
    </frame>
    <frame z="0" duration="1">
     <transform x="91.4" pX="0" pY="0" skX="0" skY="0" scX="61.333333333333336" y="0" scY="1"/>
    </frame>
    <frame z="0" duration="1">
     <transform x="93.75" pX="0" pY="0" skX="0" skY="0" scX="62.666666666666664" y="0" scY="1"/>
    </frame>
    <frame z="0" duration="1">
     <transform x="96.20000000000002" pX="0" pY="0" skX="0" skY="0" scX="64.33333333333333" y="0" scY="1"/>
    </frame>
    <frame z="0" duration="1">
     <transform x="98.55000000000001" pX="0" pY="0" skX="0" skY="0" scX="66" y="0" scY="1"/>
    </frame>
    <frame z="0" duration="1">
     <transform x="100.95000000000002" pX="0" pY="0" skX="0" skY="0" scX="67.66666666666666" y="0" scY="1"/>
    </frame>
    <frame z="0" duration="1">
     <transform x="103.4" pX="0" pY="0" skX="0" skY="0" scX="69" y="0" scY="1"/>
    </frame>
    <frame z="0" duration="1">
     <transform x="105.80000000000001" pX="0" pY="0" skX="0" skY="0" scX="70.66666666666667" y="0" scY="1"/>
    </frame>
    <frame z="0" duration="1">
     <transform x="108.20000000000002" pX="0" pY="0" skX="0" skY="0" scX="72.33333333333333" y="0" scY="1"/>
    </frame>
    <frame z="0" duration="1">
     <transform x="110.60000000000002" pX="0" pY="0" skX="0" skY="0" scX="74.00000000000001" y="0" scY="1"/>
    </frame>
    <frame z="0" duration="1">
     <transform x="113.00000000000001" pX="0" pY="0" skX="0" skY="0" scX="75.33333333333333" y="0" scY="1"/>
    </frame>
    <frame z="0" duration="1">
     <transform x="115.4" pX="0" pY="0" skX="0" skY="0" scX="77" y="0" scY="1"/>
    </frame>
    <frame z="0" duration="1">
     <transform x="117.80000000000001" pX="0" pY="0" skX="0" skY="0" scX="78.66666666666667" y="0" scY="1"/>
    </frame>
    <frame z="0" duration="1">
     <transform x="120.20000000000002" pX="0" pY="0" skX="0" skY="0" scX="80.33333333333334" y="0" scY="1"/>
    </frame>
    <frame z="0" duration="1">
     <transform x="122.60000000000001" pX="0" pY="0" skX="0" skY="0" scX="81.66666666666667" y="0" scY="1"/>
    </frame>
    <frame z="0" duration="1">
     <transform x="125.00000000000001" pX="0" pY="0" skX="0" skY="0" scX="83.33333333333334" y="0" scY="1"/>
    </frame>
    <frame z="0" duration="1">
     <transform x="127.4" pX="0" pY="0" skX="0" skY="0" scX="85" y="0" scY="1"/>
    </frame>
    <frame z="0" duration="1">
     <transform x="129.85000000000002" pX="0" pY="0" skX="0" skY="0" scX="86.66666666666667" y="0" scY="1"/>
    </frame>
    <frame z="0" duration="1">
     <transform x="132.25" pX="0" pY="0" skX="0" skY="0" scX="88.00000000000001" y="0" scY="1"/>
    </frame>
    <frame z="0" duration="1">
     <transform x="134.65" pX="0" pY="0" skX="0" skY="0" scX="89.66666666666667" y="0" scY="1"/>
    </frame>
    <frame z="0" duration="1">
     <transform x="137" pX="0" pY="0" skX="0" skY="0" scX="91.33333333333334" y="0" scY="1"/>
    </frame>
    <frame z="0" duration="1">
     <transform x="139.45000000000002" pX="0" pY="0" skX="0" skY="0" scX="93" y="0" scY="1"/>
    </frame>
    <frame z="0" duration="1">
     <transform x="141.85000000000002" pX="0" pY="0" skX="0" skY="0" scX="94.33333333333334" y="0" scY="1"/>
    </frame>
    <frame z="0" duration="1">
     <transform x="144.25" pX="0" pY="0" skX="0" skY="0" scX="96" y="0" scY="1"/>
    </frame>
    <frame z="0" duration="1">
     <transform x="146.65" pX="0" pY="0" skX="0" skY="0" scX="97.66666666666667" y="0" scY="1"/>
    </frame>
    <frame z="0" duration="1">
     <transform x="149.05" pX="0" pY="0" skX="0" skY="0" scX="99.33333333333334" y="0" scY="1"/>
    </frame>
    <frame z="0" duration="1">
     <transform x="151.5" pX="0" pY="0" skX="0" skY="0" scX="100.66666666666667" y="0" scY="1"/>
    </frame>
    <frame z="0" duration="1">
     <transform x="153.9" pX="0" pY="0" skX="0" skY="0" scX="102.33333333333333" y="0" scY="1"/>
    </frame>
    <frame z="0" duration="1">
     <transform x="156.25" pX="0" pY="0" skX="0" skY="0" scX="104.00000000000001" y="0" scY="1"/>
    </frame>
    <frame z="0" duration="1">
     <transform x="158.65" pX="0" pY="0" skX="0" skY="0" scX="105.66666666666667" y="0" scY="1"/>
    </frame>
    <frame z="0" duration="1">
     <transform x="161.05" pX="0" pY="0" skX="0" skY="0" scX="107" y="0" scY="1"/>
    </frame>
    <frame z="0" duration="1">
     <transform x="163.5" pX="0" pY="0" skX="0" skY="0" scX="108.66666666666666" y="0" scY="1"/>
    </frame>
    <frame z="0" duration="1">
     <transform x="165.9" pX="0" pY="0" skX="0" skY="0" scX="110.33333333333334" y="0" scY="1"/>
    </frame>
    <frame z="0" duration="1">
     <transform x="168.3" pX="0" pY="0" skX="0" skY="0" scX="112" y="0" scY="1"/>
    </frame>
    <frame z="0" duration="1">
     <transform x="170.70000000000002" pX="0" pY="0" skX="0" skY="0" scX="113.33333333333333" y="0" scY="1"/>
    </frame>
    <frame z="0" duration="1">
     <transform x="173.10000000000002" pX="0" pY="0" skX="0" skY="0" scX="115.00000000000001" y="0" scY="1"/>
    </frame>
    <frame z="0" duration="1">
     <transform x="175.5" pX="0" pY="0" skX="0" skY="0" scX="116.66666666666667" y="0" scY="1"/>
    </frame>
    <frame z="0" duration="1">
     <transform x="177.95000000000002" pX="0" pY="0" skX="0" skY="0" scX="118.33333333333333" y="0" scY="1"/>
    </frame>
    <frame z="0" duration="1">
     <transform x="180.3" pX="0" pY="0" skX="0" skY="0" scX="119.66666666666667" y="0" scY="1"/>
    </frame>
    <frame z="0" duration="1">
     <transform x="182.70000000000002" pX="0" pY="0" skX="0" skY="0" scX="121.33333333333334" y="0" scY="1"/>
    </frame>
    <frame z="0" duration="1">
     <transform x="185.10000000000002" pX="0" pY="0" skX="0" skY="0" scX="123" y="0" scY="1"/>
    </frame>
    <frame z="0" duration="1">
     <transform x="187.5" pX="0" pY="0" skX="0" skY="0" scX="124.33333333333334" y="0" scY="1"/>
    </frame>
    <frame z="0" duration="1">
     <transform x="189.95000000000002" pX="0" pY="0" skX="0" skY="0" scX="126" y="0" scY="1"/>
    </frame>
    <frame z="0" duration="1">
     <transform x="192.35000000000002" pX="0" pY="0" skX="0" skY="0" scX="127.66666666666667" y="0" scY="1"/>
    </frame>
    <frame z="0" duration="1">
     <transform x="194.75" pX="0" pY="0" skX="0" skY="0" scX="129.33333333333334" y="0" scY="1"/>
    </frame>
    <frame z="0" duration="1">
     <transform x="197.15" pX="0" pY="0" skX="0" skY="0" scX="130.66666666666666" y="0" scY="1"/>
    </frame>
    <frame z="0" duration="1">
     <transform x="199.55" pX="0" pY="0" skX="0" skY="0" scX="132.33333333333334" y="0" scY="1"/>
    </frame>
    <frame z="0" duration="1">
     <transform x="201.95000000000002" pX="0" pY="0" skX="0" skY="0" scX="134" y="0" scY="1"/>
    </frame>
    <frame z="0" duration="1">
     <transform x="204.35000000000002" pX="0" pY="0" skX="0" skY="0" scX="135.66666666666669" y="0" scY="1"/>
    </frame>
    <frame z="0" duration="1">
     <transform x="206.75" pX="0" pY="0" skX="0" skY="0" scX="137.00000000000003" y="0" scY="1"/>
    </frame>
    <frame z="0" duration="1">
     <transform x="209.15" pX="0" pY="0" skX="0" skY="0" scX="138.66666666666669" y="0" scY="1"/>
    </frame>
    <frame z="0" duration="1">
     <transform x="211.60000000000002" pX="0" pY="0" skX="0" skY="0" scX="140.33333333333334" y="0" scY="1"/>
    </frame>
    <frame z="0" duration="1">
     <transform x="214" pX="0" pY="0" skX="0" skY="0" scX="142" y="0" scY="1"/>
    </frame>
    <frame z="0" duration="1">
     <transform x="216.4" pX="0" pY="0" skX="0" skY="0" scX="143.33333333333334" y="0" scY="1"/>
    </frame>
    <frame z="0" duration="1">
     <transform x="218.8" pX="0" pY="0" skX="0" skY="0" scX="145" y="0" scY="1"/>
    </frame>
    <frame z="0" duration="1">
     <transform x="221.15" pX="0" pY="0" skX="0" skY="0" scX="146.66666666666669" y="0" scY="1"/>
    </frame>
    <frame z="0" duration="1">
     <transform x="223.60000000000002" pX="0" pY="0" skX="0" skY="0" scX="148.33333333333334" y="0" scY="1"/>
    </frame>
    <frame z="0" duration="1">
     <transform x="226" pX="0" pY="0" skX="0" skY="0" scX="149.66666666666669" y="0" scY="1"/>
    </frame>
    <frame z="0" duration="1">
     <transform x="228.4" pX="0" pY="0" skX="0" skY="0" scX="151.33333333333334" y="0" scY="1"/>
    </frame>
    <frame z="0" duration="1">
     <transform x="230.8" pX="0" pY="0" skX="0" skY="0" scX="153" y="0" scY="1"/>
    </frame>
    <frame z="0" duration="1">
     <transform x="233.20000000000002" pX="0" pY="0" skX="0" skY="0" scX="154.66666666666666" y="0" scY="1"/>
    </frame>
    <frame z="0" duration="1">
     <transform x="235.60000000000002" pX="0" pY="0" skX="0" skY="0" scX="156" y="0" scY="1"/>
    </frame>
    <frame z="0" duration="1">
     <transform x="238.95000000000002" pX="0" pY="0" skX="0" skY="0" scX="157.66666666666669" y="0" scY="1"/>
    </frame>
   </timeline>
  </animation>
 </armature>
 <armature name="play_cla_333">
  <skin name="default">
   <slot name="play_cl" z="0" parent="play_cl">
    <display name="play_cl" type="armature">
     <transform scY="1" skY="0" x="0" scX="1" skX="0" y="0"/>
    </display>
   </slot>
  </skin>
  <bone name="play_cl">
   <transform y="612.25" skY="0" x="11.75" scX="1" skX="0" scY="1"/>
  </bone>
  <animation name="play_cla" scale="1" loop="1" duration="26" autoTween="NaN" fadeInTime="0.3" tweenEasing="NaN">
   <timeline name="play_cl" scale="1" pX="0" pY="0" offset="0">
    <frame z="0" duration="1">
     <transform x="0" pX="0" pY="0" skX="0" skY="0" scX="1" y="0" scY="1"/>
     <colorTransform bM="100" gO="0" bO="0" aM="0" rM="100" aO="0" gM="100" rO="0"/>
    </frame>
    <frame z="0" duration="1">
     <transform x="27" pX="0" pY="0" skX="0" skY="0" scX="1" y="-381.8" scY="1"/>
    </frame>
    <frame z="0" duration="1">
     <transform x="27" pX="0" pY="0" skX="0" skY="0" scX="1" y="-407.7" scY="1"/>
    </frame>
    <frame z="0" duration="1">
     <transform x="27" pX="0" pY="0" skX="0" skY="0" scX="1" y="-433.55" scY="1"/>
    </frame>
    <frame z="0" duration="1">
     <transform x="27" pX="0" pY="0" skX="0" skY="0" scX="1" y="-459.45" scY="1"/>
    </frame>
    <frame z="0" duration="1">
     <transform x="27" pX="0" pY="0" skX="0" skY="0" scX="1" y="-485.3" scY="1"/>
    </frame>
    <frame z="0" duration="1">
     <transform x="27" pX="0" pY="0" skX="0" skY="0" scX="1" y="-511.2" scY="1"/>
    </frame>
    <frame z="0" duration="1">
     <transform x="27" pX="0" pY="0" skX="0" skY="0" scX="1" y="-537.1" scY="1"/>
    </frame>
    <frame z="0" duration="1">
     <transform x="27" pX="0" pY="0" skX="0" skY="0" scX="1" y="-562.95" scY="1"/>
    </frame>
    <frame z="0" duration="1">
     <transform x="27" pX="0" pY="0" skX="0" skY="0" scX="1" y="-588.85" scY="1"/>
    </frame>
    <frame z="0" duration="1">
     <transform x="27" pX="0" pY="0" skX="0" skY="0" scX="1" y="-585.3" scY="1"/>
    </frame>
    <frame z="0" duration="1">
     <transform x="27" pX="0" pY="0" skX="0" skY="0" scX="1" y="-581.7" scY="1"/>
    </frame>
    <frame z="0" duration="1">
     <transform x="27" pX="0" pY="0" skX="0" skY="0" scX="1" y="-578.15" scY="1"/>
    </frame>
    <frame z="0" duration="1">
     <transform x="27" pX="0" pY="0" skX="0" skY="0" scX="1" y="-574.55" scY="1"/>
    </frame>
    <frame z="0" duration="1">
     <transform x="27" pX="0" pY="0" skX="0" skY="0" scX="1" y="-571" scY="1"/>
    </frame>
    <frame z="0" duration="1">
     <transform x="27" pX="0" pY="0" skX="0" skY="0" scX="1" y="-567.4" scY="1"/>
    </frame>
    <frame z="0" duration="1">
     <transform x="27" pX="0" pY="0" skX="0" skY="0" scX="1" y="-563.85" scY="1"/>
    </frame>
    <frame z="0" duration="1">
     <transform x="27" pX="0" pY="0" skX="0" skY="0" scX="1" y="-564.95" scY="1"/>
    </frame>
    <frame z="0" duration="1">
     <transform x="27" pX="0" pY="0" skX="0" skY="0" scX="1" y="-566.05" scY="1"/>
    </frame>
    <frame z="0" duration="1">
     <transform x="27" pX="0" pY="0" skX="0" skY="0" scX="1" y="-567.2" scY="1"/>
    </frame>
    <frame z="0" duration="1">
     <transform x="27" pX="0" pY="0" skX="0" skY="0" scX="1" y="-568.3" scY="1"/>
    </frame>
    <frame z="0" duration="1">
     <transform x="27" pX="0" pY="0" skX="0" skY="0" scX="1" y="-569.4" scY="1"/>
    </frame>
    <frame z="0" duration="1">
     <transform x="27" pX="0" pY="0" skX="0" skY="0" scX="1" y="-570.5" scY="1"/>
    </frame>
    <frame z="0" duration="1">
     <transform x="27" pX="0" pY="0" skX="0" skY="0" scX="1" y="-571.65" scY="1"/>
    </frame>
    <frame z="0" duration="1">
     <transform x="27" pX="0" pY="0" skX="0" skY="0" scX="1" y="-572.75" scY="1"/>
    </frame>
    <frame z="0" duration="1">
     <transform x="27" pX="0" pY="0" skX="0" skY="0" scX="1" y="-573.85" scY="1"/>
    </frame>
   </timeline>
  </animation>
 </armature>
 <armature name="Symbol 1912">
  <skin name="default">
   <slot name="Layer 13" z="0" parent="Layer 13">
    <display name="Symbol 1911" type="armature">
     <transform scY="1" skY="0" x="0" scX="1" skX="0" y="0"/>
    </display>
   </slot>
   <slot name="Layer 12" z="1" parent="Layer 12">
    <display name="Symbol 1911" type="armature">
     <transform scY="1" skY="0" x="0" scX="1" skX="0" y="0"/>
    </display>
   </slot>
   <slot name="Layer 11" z="2" parent="Layer 11">
    <display name="Symbol 1911" type="armature">
     <transform scY="1" skY="0" x="0" scX="1" skX="0" y="0"/>
    </display>
   </slot>
   <slot name="Layer 10" z="3" parent="Layer 10">
    <display name="Symbol 1911" type="armature">
     <transform scY="1" skY="0" x="0" scX="1" skX="0" y="0"/>
    </display>
   </slot>
   <slot name="Layer 9" z="4" parent="Layer 9">
    <display name="Symbol 1911" type="armature">
     <transform scY="1" skY="0" x="0" scX="1" skX="0" y="0"/>
    </display>
   </slot>
   <slot name="Layer 8" z="5" parent="Layer 8">
    <display name="Symbol 1911" type="armature">
     <transform scY="1" skY="0" x="0" scX="1" skX="0" y="0"/>
    </display>
   </slot>
   <slot name="Layer 7" z="6" parent="Layer 7">
    <display name="Symbol 1911" type="armature">
     <transform scY="1" skY="0" x="0" scX="1" skX="0" y="0"/>
    </display>
   </slot>
   <slot name="Layer 6" z="7" parent="Layer 6">
    <display name="Symbol 1911" type="armature">
     <transform scY="1" skY="0" x="0" scX="1" skX="0" y="0"/>
    </display>
   </slot>
   <slot name="Layer 5" z="8" parent="Layer 5">
    <display name="Symbol 1911" type="armature">
     <transform scY="1" skY="0" x="0" scX="1" skX="0" y="0"/>
    </display>
   </slot>
   <slot name="Layer 4" z="9" parent="Layer 4">
    <display name="Symbol 1911" type="armature">
     <transform scY="1" skY="0" x="0" scX="1" skX="0" y="0"/>
    </display>
   </slot>
   <slot name="Layer 3" z="10" parent="Layer 3">
    <display name="Symbol 1911" type="armature">
     <transform scY="1" skY="0" x="0" scX="1" skX="0" y="0"/>
    </display>
   </slot>
   <slot name="Layer 2" z="11" parent="Layer 2">
    <display name="Symbol 1911" type="armature">
     <transform scY="1" skY="0" x="0" scX="1" skX="0" y="0"/>
    </display>
   </slot>
   <slot name="Layer 1" z="12" parent="Layer 1">
    <display name="Symbol 1911" type="armature">
     <transform scY="1" skY="0" x="0" scX="1" skX="0" y="0"/>
    </display>
   </slot>
  </skin>
  <bone name="Layer 7">
   <transform y="210.85" skY="-180" x="355.6" scX="-0.57" skX="180" scY="0.57"/>
  </bone>
  <bone name="Layer 12">
   <transform y="283.8" skY="0" x="15.5" scX="1" skX="0" scY="1"/>
  </bone>
  <bone name="Layer 11">
   <transform y="327.8" skY="0" x="-297.7" scX="1" skX="0" scY="1"/>
  </bone>
  <bone name="Layer 10">
   <transform y="169.85" skY="-180" x="421.65" scX="-0.7" skX="180" scY="0.7"/>
  </bone>
  <bone name="Layer 9">
   <transform y="154.35" skY="-180" x="137.5" scX="-0.57" skX="180" scY="0.57"/>
  </bone>
  <bone name="Layer 8">
   <transform y="304.8" skY="-180" x="326.6" scX="-0.57" skX="180" scY="0.57"/>
  </bone>
  <bone name="Layer 13">
   <transform y="188.85" skY="0" x="-326.75" scX="1" skX="0" scY="1"/>
  </bone>
  <bone name="Layer 6">
   <transform y="240.75" skY="-180" x="178.45" scX="-0.45" skX="180" scY="0.45"/>
  </bone>
  <bone name="Layer 5">
   <transform y="227.7" skY="-180" x="388.65" scX="-0.55" skX="180" scY="0.55"/>
  </bone>
  <bone name="Layer 4">
   <transform y="258.8" skY="-180" x="374.65" scX="-0.45" skX="180" scY="0.45"/>
  </bone>
  <bone name="Layer 3">
   <transform y="258.5" skY="0" x="-54.3" scX="1.21" skX="0" scY="1.21"/>
  </bone>
  <bone name="Layer 2">
   <transform y="218.5" skY="0" x="-78.4" scX="1.48" skX="0" scY="1.48"/>
  </bone>
  <bone name="Layer 1">
   <transform y="191.5" skY="0" x="-318.4" scX="1.48" skX="0" scY="1.48"/>
  </bone>
  <animation name="unnamed" scale="1" loop="1" duration="70" autoTween="NaN" fadeInTime="0" tweenEasing="NaN">
   <timeline name="Layer 13" scale="1" pX="0" pY="0" offset="0">
    <frame z="0" duration="70">
     <transform x="0" pX="0" pY="0" skX="0" skY="0" scX="1" y="0" scY="1"/>
     <colorTransform bM="100" gO="0" bO="0" aM="57" rM="100" aO="0" gM="100" rO="0"/>
    </frame>
   </timeline>
   <timeline name="Layer 12" scale="1" pX="0" pY="0" offset="0">
    <frame displayIndex="-1" duration="3"/>
    <frame z="0" duration="67">
     <transform x="0" pX="0" pY="0" skX="0" skY="0" scX="1" y="0" scY="1"/>
    </frame>
   </timeline>
   <timeline name="Layer 11" scale="1" pX="0" pY="0" offset="0">
    <frame z="0" duration="70">
     <transform x="0" pX="0" pY="0" skX="0" skY="0" scX="1" y="0" scY="1"/>
     <colorTransform bM="100" gO="0" bO="0" aM="74" rM="100" aO="0" gM="100" rO="0"/>
    </frame>
   </timeline>
   <timeline name="Layer 10" scale="1" pX="0" pY="0" offset="0">
    <frame displayIndex="-1" duration="5"/>
    <frame z="0" duration="65">
     <transform x="0" pX="0" pY="0" skX="0" skY="0" scX="1" y="0" scY="1"/>
     <colorTransform bM="100" gO="0" bO="0" aM="75" rM="100" aO="0" gM="100" rO="0"/>
    </frame>
   </timeline>
   <timeline name="Layer 9" scale="1" pX="0" pY="0" offset="0">
    <frame z="0" duration="70">
     <transform x="0" pX="0" pY="0" skX="0" skY="0" scX="1" y="0" scY="1"/>
     <colorTransform bM="100" gO="0" bO="0" aM="58" rM="100" aO="0" gM="100" rO="0"/>
    </frame>
   </timeline>
   <timeline name="Layer 8" scale="1" pX="0" pY="0" offset="0">
    <frame displayIndex="-1" duration="15"/>
    <frame z="0" duration="55">
     <transform x="0" pX="0" pY="0" skX="0" skY="0" scX="1" y="0" scY="1"/>
     <colorTransform bM="100" gO="0" bO="0" aM="48" rM="100" aO="0" gM="100" rO="0"/>
    </frame>
   </timeline>
   <timeline name="Layer 7" scale="1" pX="0" pY="0" offset="0">
    <frame displayIndex="-1" duration="21"/>
    <frame z="0" duration="49">
     <transform x="0" pX="0" pY="0" skX="0" skY="0" scX="1" y="0" scY="1"/>
     <colorTransform bM="100" gO="0" bO="0" aM="75" rM="100" aO="0" gM="100" rO="0"/>
    </frame>
   </timeline>
   <timeline name="Layer 6" scale="1" pX="0" pY="0" offset="0">
    <frame z="0" duration="70">
     <transform x="0" pX="0" pY="0" skX="0" skY="0" scX="1" y="0" scY="1"/>
     <colorTransform bM="100" gO="0" bO="0" aM="83" rM="100" aO="0" gM="100" rO="0"/>
    </frame>
   </timeline>
   <timeline name="Layer 5" scale="1" pX="0" pY="0" offset="0">
    <frame displayIndex="-1" duration="9"/>
    <frame z="0" duration="61">
     <transform x="0" pX="0" pY="0" skX="0" skY="0" scX="1" y="0" scY="1"/>
     <colorTransform bM="100" gO="0" bO="0" aM="75" rM="100" aO="0" gM="100" rO="0"/>
    </frame>
   </timeline>
   <timeline name="Layer 4" scale="1" pX="0" pY="0" offset="0">
    <frame displayIndex="-1" duration="4"/>
    <frame z="0" duration="66">
     <transform x="0" pX="0" pY="0" skX="0" skY="0" scX="1" y="0" scY="1"/>
     <colorTransform bM="100" gO="0" bO="0" aM="75" rM="100" aO="0" gM="100" rO="0"/>
    </frame>
   </timeline>
   <timeline name="Layer 3" scale="1" pX="0" pY="0" offset="0">
    <frame displayIndex="-1" duration="16"/>
    <frame z="0" duration="54">
     <transform x="0" pX="0" pY="0" skX="0" skY="0" scX="1" y="0" scY="1"/>
    </frame>
   </timeline>
   <timeline name="Layer 2" scale="1" pX="0" pY="0" offset="0">
    <frame z="0" duration="70">
     <transform x="0" pX="0" pY="0" skX="0" skY="0" scX="1" y="0" scY="1"/>
    </frame>
   </timeline>
   <timeline name="Layer 1" scale="1" pX="0" pY="0" offset="0">
    <frame displayIndex="-1" duration="12"/>
    <frame z="0" duration="58">
     <transform x="0" pX="0" pY="0" skX="0" skY="0" scX="1" y="0" scY="1"/>
    </frame>
   </timeline>
  </animation>
 </armature>
 <armature name="Symbol 1918">
  <skin name="default">
   <slot name="Layer 5" z="0" parent="Layer 5">
    <display name="Symbol 1917" type="image">
     <transform x="0" pX="2.4" pY="0.5" skX="0" skY="0" scX="1" y="0" scY="1"/>
    </display>
   </slot>
   <slot name="Layer 4" z="1" parent="Layer 4">
    <display name="Symbol 1917" type="image">
     <transform x="0" pX="2.4" pY="0.5" skX="0" skY="0" scX="1" y="0" scY="1"/>
    </display>
   </slot>
   <slot name="Layer 3" z="2" parent="Layer 3">
    <display name="Symbol 1917" type="image">
     <transform x="0" pX="2.4" pY="0.5" skX="0" skY="0" scX="1" y="0" scY="1"/>
    </display>
   </slot>
   <slot name="Layer 2" z="3" parent="Layer 2">
    <display name="Symbol 1917" type="image">
     <transform x="0" pX="2.4" pY="0.5" skX="0" skY="0" scX="1" y="0" scY="1"/>
    </display>
   </slot>
   <slot name="Layer 1" z="4" parent="Layer 1">
    <display name="Symbol 1917" type="image">
     <transform x="0" pX="2.4" pY="0.5" skX="0" skY="0" scX="1" y="0" scY="1"/>
    </display>
   </slot>
  </skin>
  <bone name="Layer 3">
   <transform y="60" skY="0" x="-508.95" scX="0.44" skX="0" scY="1"/>
  </bone>
  <bone name="Layer 4">
   <transform y="0" skY="0" x="-306.95" scX="1" skX="0" scY="1"/>
  </bone>
  <bone name="Layer 5">
   <transform y="0" skY="0" x="0" scX="1" skX="0" scY="1"/>
  </bone>
  <bone name="Layer 2">
   <transform y="100" skY="0" x="0" scX="0.44" skX="0" scY="1"/>
  </bone>
  <bone name="Layer 1">
   <transform y="260" skY="0" x="0" scX="1" skX="0" scY="1"/>
  </bone>
  <animation name="unnamed" scale="1" loop="1" duration="8" autoTween="NaN" fadeInTime="0" tweenEasing="NaN">
   <timeline name="Layer 5" scale="1" pX="0" pY="0" offset="0">
    <frame z="0" duration="1">
     <transform x="0" pX="0" pY="0" skX="0" skY="0" scX="1" y="0" scY="1"/>
    </frame>
    <frame z="0" duration="1">
     <transform x="-201.9" pX="0" pY="0" skX="0" skY="0" scX="1" y="0" scY="1"/>
    </frame>
    <frame z="0" duration="1">
     <transform x="-403.85" pX="0" pY="0" skX="0" skY="0" scX="1" y="0" scY="1"/>
    </frame>
    <frame z="0" duration="1">
     <transform x="-605.75" pX="0" pY="0" skX="0" skY="0" scX="1" y="0" scY="1"/>
    </frame>
    <frame z="0" duration="1">
     <transform x="-807.7" pX="0" pY="0" skX="0" skY="0" scX="1" y="0" scY="1"/>
    </frame>
    <frame displayIndex="-1" duration="3"/>
   </timeline>
   <timeline name="Layer 4" scale="1" pX="0" pY="0" offset="0">
    <frame z="0" duration="1">
     <transform x="0" pX="0" pY="0" skX="0" skY="0" scX="1" y="0" scY="1"/>
    </frame>
    <frame z="0" duration="1">
     <transform x="-500.75000000000006" pX="0" pY="0" skX="0" skY="0" scX="1" y="0" scY="1"/>
    </frame>
    <frame displayIndex="-1" duration="2"/>
    <frame z="0" duration="1">
     <transform x="324.95" pX="0" pY="0" skX="0" skY="0" scX="1" y="0" scY="1"/>
    </frame>
    <frame z="0" duration="1">
     <transform x="233.29999999999998" pX="0" pY="0" skX="0" skY="0" scX="1" y="3.35" scY="1"/>
    </frame>
    <frame z="0" duration="1">
     <transform x="141.64999999999998" pX="0" pY="0" skX="0" skY="0" scX="1" y="6.65" scY="1"/>
    </frame>
    <frame z="0" duration="1">
     <transform x="50" pX="0" pY="0" skX="0" skY="0" scX="1" y="10" scY="1"/>
    </frame>
   </timeline>
   <timeline name="Layer 3" scale="1" pX="0" pY="0" offset="0">
    <frame z="0" duration="1">
     <transform x="0" pX="0" pY="0" skX="0" skY="0" scX="1" y="0" scY="1"/>
    </frame>
    <frame z="0" duration="1">
     <transform x="-113.34999999999997" pX="0" pY="0" skX="0" skY="0" scX="1" y="0" scY="1"/>
    </frame>
    <frame z="0" duration="1">
     <transform x="-226.65000000000003" pX="0" pY="0" skX="0" skY="0" scX="1" y="0" scY="1"/>
    </frame>
    <frame z="0" duration="1">
     <transform x="-340.00000000000006" pX="0" pY="0" skX="0" skY="0" scX="1" y="0" scY="1"/>
    </frame>
    <frame z="0" duration="1">
     <transform x="520" pX="0" pY="0" skX="0" skY="0" scX="1" y="0" scY="1"/>
    </frame>
    <frame z="0" duration="1">
     <transform x="396.65" pX="0" pY="0" skX="0" skY="0" scX="1" y="0" scY="1"/>
    </frame>
    <frame z="0" duration="1">
     <transform x="273.35" pX="0" pY="0" skX="0" skY="0" scX="1" y="0" scY="1"/>
    </frame>
    <frame z="0" duration="1">
     <transform x="150" pX="0" pY="0" skX="0" skY="0" scX="1" y="0" scY="1"/>
    </frame>
   </timeline>
   <timeline name="Layer 2" scale="1" pX="0" pY="0" offset="0">
    <frame displayIndex="-1" duration="2"/>
    <frame z="0" duration="1">
     <transform x="0" pX="0" pY="0" skX="0" skY="0" scX="1" y="0" scY="1"/>
    </frame>
    <frame z="0" duration="1">
     <transform x="-163.4" pX="0" pY="0" skX="0" skY="0" scX="1.0227272727272727" y="-2" scY="1"/>
    </frame>
    <frame z="0" duration="1">
     <transform x="-326.8" pX="0" pY="0" skX="0" skY="0" scX="1.0454545454545454" y="-4" scY="1"/>
    </frame>
    <frame z="0" duration="1">
     <transform x="-490.15" pX="0" pY="0" skX="0" skY="0" scX="1.0681818181818181" y="-6" scY="1"/>
    </frame>
    <frame z="0" duration="1">
     <transform x="-653.55" pX="0" pY="0" skX="0" skY="0" scX="1.0909090909090908" y="-8" scY="1"/>
    </frame>
    <frame z="0" duration="1">
     <transform x="-816.95" pX="0" pY="0" skX="0" skY="0" scX="1.1136363636363635" y="-10" scY="1"/>
    </frame>
   </timeline>
   <timeline name="Layer 1" scale="1" pX="0" pY="0" offset="0">
    <frame displayIndex="-1" duration="1"/>
    <frame z="0" duration="1">
     <transform x="0" pX="0" pY="0" skX="0" skY="0" scX="1" y="0" scY="1"/>
    </frame>
    <frame z="0" duration="1">
     <transform x="-229.25" pX="0" pY="0" skX="0" skY="0" scX="1" y="7.5" scY="1"/>
    </frame>
    <frame z="0" duration="1">
     <transform x="-458.45" pX="0" pY="0" skX="0" skY="0" scX="1" y="15" scY="1"/>
    </frame>
    <frame z="0" duration="1">
     <transform x="-687.7" pX="0" pY="0" skX="0" skY="0" scX="1" y="22.5" scY="1"/>
    </frame>
    <frame z="0" duration="2">
     <transform x="-916.95" pX="0" pY="0" skX="0" skY="0" scX="1" y="30" scY="1"/>
    </frame>
    <frame displayIndex="-1" duration="1"/>
   </timeline>
  </animation>
 </armature>
 <armature name="play_cl">
  <skin name="default">
   <slot name="Layer 10" z="0" parent="Layer 10">
    <display name="Symbol 169" type="image">
     <transform x="0" pX="40.25" pY="39.9" skX="0" skY="0" scX="1" y="0" scY="1"/>
    </display>
    <display name="Symbol 176" type="image">
     <transform x="0" pX="44.45" pY="44.1" skX="0" skY="0" scX="1" y="0" scY="1"/>
    </display>
    <display name="Symbol 177" type="image">
     <transform x="0" pX="39.1" pY="38.75" skX="0" skY="0" scX="1" y="0" scY="1"/>
    </display>
   </slot>
   <slot name="Layer 9" z="1" parent="Layer 9">
    <display name="Symbol 171" type="image">
     <transform x="0" pX="10.75" pY="10.25" skX="0" skY="0" scX="1" y="0" scY="1"/>
    </display>
    <display name="__dbTextures/play_cl/Layer 9_3" type="image">
     <transform x="-10.75" pX="0" pY="0" skX="0" skY="0" scX="1" y="-10.25" scY="1"/>
    </display>
   </slot>
   <slot name="Layer 8" z="2" parent="Layer 8">
    <display name="__dbTextures/play_cl/Layer 8_3" type="image">
     <transform x="-10.75" pX="0" pY="0" skX="0" skY="0" scX="1" y="-10.25" scY="1"/>
    </display>
   </slot>
   <slot name="Layer 7" z="3" parent="Layer 7">
    <display name="Symbol 171" type="image">
     <transform x="0" pX="10.75" pY="10.25" skX="0" skY="0" scX="1" y="0" scY="1"/>
    </display>
    <display name="__dbTextures/play_cl/Layer 7_3" type="image">
     <transform x="-10.75" pX="0" pY="0" skX="0" skY="0" scX="1" y="-10.25" scY="1"/>
    </display>
   </slot>
   <slot name="Layer 6" z="4" parent="Layer 6">
    <display name="__dbTextures/play_cl/Layer 6_3" type="image">
     <transform x="-20.8" pX="0" pY="0" skX="0" skY="0" scX="1" y="-25.7" scY="1"/>
    </display>
   </slot>
   <slot name="Layer 5" z="5" parent="Layer 5">
    <display name="Symbol 171" type="image">
     <transform x="0" pX="10.75" pY="10.25" skX="0" skY="0" scX="1" y="0" scY="1"/>
    </display>
    <display name="Symbol 174" type="image">
     <transform x="0" pX="17.95" pY="17.95" skX="0" skY="0" scX="1" y="0" scY="1"/>
    </display>
   </slot>
   <slot name="Layer 3" z="6" parent="Layer 3">
    <display name="Symbol 173" type="image">
     <transform x="0" pX="1.5" pY="1.45" skX="0" skY="0" scX="1" y="0" scY="1"/>
    </display>
   </slot>
   <slot name="Layer 1" z="7" parent="Layer 1">
    <display name="Symbol 175" type="image">
     <transform x="0" pX="23.3" pY="23.3" skX="0" skY="0" scX="1" y="0" scY="1"/>
    </display>
   </slot>
  </skin>
  <bone name="Layer 6">
   <transform y="24.25" skY="0" x="19.3" scX="1" skX="0" scY="1"/>
  </bone>
  <bone name="Layer 9">
   <transform y="-19.8" skY="30" x="15.2" scX="0.52" skX="30" scY="0.52"/>
  </bone>
  <bone name="Layer 8">
   <transform y="0" skY="0" x="0" scX="1" skX="0" scY="1"/>
  </bone>
  <bone name="Layer 7">
   <transform y="20.9" skY="-75" x="14" scX="0.52" skX="-75" scY="0.52"/>
  </bone>
  <bone name="Layer 10">
   <transform y="0" skY="0" x="0" scX="1" skX="0" scY="1"/>
  </bone>
  <bone name="Layer 5">
   <transform y="1" skY="45" x="-14.8" scX="0.52" skX="45" scY="0.52"/>
  </bone>
  <bone name="Layer 3">
   <transform y="-21.1" skY="0" x="-12.9" scX="0.9" skX="0" scY="0.9"/>
  </bone>
  <bone name="Layer 1">
   <transform y="-10.9" skY="0" x="-2.75" scX="0.49" skX="0" scY="0.49"/>
  </bone>
  <animation name="play_cl" scale="1" loop="1" duration="4" autoTween="NaN" fadeInTime="0.3" tweenEasing="NaN">
   <timeline name="Layer 10" scale="1" pX="0" pY="0" offset="0">
    <frame z="0" duration="1">
     <transform x="0" pX="0" pY="0" skX="0" skY="0" scX="1" y="0" scY="1"/>
    </frame>
    <frame displayIndex="1" z="0" duration="1">
     <transform x="0" pX="0" pY="0" skX="0" skY="0" scX="1" y="0" scY="1"/>
    </frame>
    <frame displayIndex="2" z="0" duration="1">
     <transform x="0" pX="0" pY="0" skX="0" skY="0" scX="1" y="0" scY="1"/>
    </frame>
    <frame z="0" duration="1">
     <transform x="0" pX="0" pY="0" skX="0" skY="0" scX="1" y="0" scY="1"/>
    </frame>
   </timeline>
   <timeline name="Layer 9" scale="1" pX="0" pY="0" offset="0">
    <frame z="0" duration="1">
     <transform x="0" pX="0" pY="0" skX="0" skY="0" scX="1" y="0" scY="1"/>
     <colorTransform bM="5" gO="121" bO="0" aM="100" rM="5" aO="0" gM="5" rO="219"/>
    </frame>
    <frame z="0" duration="1">
     <transform x="1.6999999999999993" pX="0" pY="0" skX="0" skY="0" scX="1.1153846153846152" y="-2.1999999999999993" scY="1.1153846153846152"/>
     <colorTransform bM="5" gO="121" bO="0" aM="100" rM="5" aO="0" gM="5" rO="219"/>
    </frame>
    <frame z="0" duration="1">
     <transform x="-0.4499999999999993" pX="0" pY="0" skX="0" skY="0" scX="0.9807692307692307" y="0.6000000000000014" scY="0.9807692307692307"/>
     <colorTransform bM="5" gO="121" bO="0" aM="100" rM="5" aO="0" gM="5" rO="219"/>
    </frame>
    <frame z="0" displayIndex="1" duration="1" tweenEasing="NaN">
     <transform x="-15.2" pX="0" pY="0" skX="-30" skY="-30" scX="1.923076923076923" y="19.8" scY="1.923076923076923"/>
    </frame>
   </timeline>
   <timeline name="Layer 8" scale="1" pX="0" pY="0" offset="0">
    <frame displayIndex="-1" duration="3"/>
    <frame z="0" duration="1" tweenEasing="NaN">
     <transform x="0" pX="0" pY="0" skX="0" skY="0" scX="1" y="0" scY="1"/>
    </frame>
   </timeline>
   <timeline name="Layer 7" scale="1" pX="0" pY="0" offset="0">
    <frame z="0" duration="1">
     <transform x="0" pX="0" pY="0" skX="0" skY="0" scX="1" y="0" scY="1"/>
     <colorTransform bM="5" gO="121" bO="0" aM="100" rM="5" aO="0" gM="5" rO="219"/>
    </frame>
    <frame z="0" duration="1">
     <transform x="1.5999999999999996" pX="0" pY="0" skX="0" skY="0" scX="1.1153846153846152" y="2.3000000000000007" scY="1.1153846153846152"/>
     <colorTransform bM="5" gO="121" bO="0" aM="100" rM="5" aO="0" gM="5" rO="219"/>
    </frame>
    <frame z="0" duration="1">
     <transform x="-0.40000000000000036" pX="0" pY="0" skX="0" skY="0" scX="0.9807692307692307" y="-0.6499999999999986" scY="0.9807692307692307"/>
     <colorTransform bM="5" gO="121" bO="0" aM="100" rM="5" aO="0" gM="5" rO="219"/>
    </frame>
    <frame z="0" displayIndex="1" duration="1" tweenEasing="NaN">
     <transform x="-14" pX="0" pY="0" skX="75" skY="75" scX="1.923076923076923" y="-20.9" scY="1.923076923076923"/>
    </frame>
   </timeline>
   <timeline name="Layer 6" scale="1" pX="0" pY="0" offset="0">
    <frame displayIndex="-1" duration="3"/>
    <frame z="0" duration="1" tweenEasing="NaN">
     <transform x="0" pX="0" pY="0" skX="0" skY="0" scX="1" y="0" scY="1"/>
    </frame>
   </timeline>
   <timeline name="Layer 5" scale="1" pX="0" pY="0" offset="0">
    <frame z="0" duration="1">
     <transform x="0" pX="0" pY="0" skX="0" skY="0" scX="1" y="0" scY="1"/>
     <colorTransform bM="5" gO="121" bO="0" aM="100" rM="5" aO="0" gM="5" rO="219"/>
    </frame>
    <frame z="0" duration="1">
     <transform x="-1.5999999999999979" pX="0" pY="0" skX="0" skY="0" scX="1.1153846153846152" y="0.10000000000000009" scY="1.1153846153846152"/>
     <colorTransform bM="5" gO="121" bO="0" aM="100" rM="5" aO="0" gM="5" rO="219"/>
    </frame>
    <frame z="0" duration="1">
     <transform x="0.45000000000000107" pX="0" pY="0" skX="0" skY="0" scX="0.9807692307692307" y="-0.050000000000000044" scY="0.9807692307692307"/>
     <colorTransform bM="5" gO="121" bO="0" aM="100" rM="5" aO="0" gM="5" rO="219"/>
    </frame>
    <frame z="0" displayIndex="1" duration="1">
     <transform x="12.05" pX="0" pY="0" skX="-45" skY="-45" scX="1.2307692307692308" y="-11.9" scY="1.2307692307692308"/>
     <colorTransform bM="100" gO="0" bO="0" aM="65" rM="100" aO="0" gM="100" rO="0"/>
    </frame>
   </timeline>
   <timeline name="Layer 3" scale="1" pX="0" pY="0" offset="0">
    <frame z="0" duration="1">
     <transform x="0" pX="0" pY="0" skX="0" skY="0" scX="1" y="0" scY="1"/>
    </frame>
    <frame z="0" duration="1">
     <transform x="-1.3499999999999996" pX="0" pY="0" skX="0" skY="0" scX="1.1111111111111112" y="-2.299999999999997" scY="1.1111111111111112"/>
    </frame>
    <frame z="0" duration="1">
     <transform x="0.40000000000000036" pX="0" pY="0" skX="0" skY="0" scX="0.9666666666666667" y="0.6500000000000021" scY="0.9666666666666667"/>
    </frame>
    <frame displayIndex="-1" duration="1"/>
   </timeline>
   <timeline name="Layer 1" scale="1" pX="0" pY="0" offset="0">
    <frame z="0" duration="1">
     <transform x="0" pX="0" pY="0" skX="0" skY="0" scX="1" y="0" scY="1"/>
     <colorTransform bM="100" gO="0" bO="0" aM="65" rM="100" aO="0" gM="100" rO="0"/>
    </frame>
    <frame z="0" duration="1">
     <transform x="-0.25" pX="0" pY="0" skX="0" skY="0" scX="1.1224489795918369" y="-1.1999999999999993" scY="1.1224489795918369"/>
     <colorTransform bM="100" gO="0" bO="0" aM="65" rM="100" aO="0" gM="100" rO="0"/>
    </frame>
    <frame z="0" duration="1">
     <transform x="0.10000000000000009" pX="0" pY="0" skX="0" skY="0" scX="0.9795918367346939" y="0.34999999999999964" scY="0.9795918367346939"/>
     <colorTransform bM="100" gO="0" bO="0" aM="65" rM="100" aO="0" gM="100" rO="0"/>
    </frame>
    <frame displayIndex="-1" duration="1"/>
   </timeline>
  </animation>
 </armature>
 <armature name="Symbol 1911">
  <skin name="default">
   <slot name="Layer 2" z="0" parent="Layer 2">
    <display name="Symbol 1910" type="image">
     <transform x="0" pX="0" pY="8.8" skX="0" skY="0" scX="1" y="0" scY="1"/>
    </display>
   </slot>
   <slot name="Layer 1" z="1" parent="Layer 1">
    <display name="Symbol 1910" type="image">
     <transform x="0" pX="0" pY="8.8" skX="0" skY="0" scX="1" y="0" scY="1"/>
    </display>
   </slot>
  </skin>
  <bone name="Layer 2">
   <transform y="0" skY="0" x="1034.95" scX="1" skX="0" scY="1"/>
  </bone>
  <bone name="Layer 1">
   <transform y="-28.2" skY="0" x="591.8" scX="1" skX="0" scY="1"/>
  </bone>
  <animation name="unnamed" scale="1" loop="1" duration="26" autoTween="NaN" fadeInTime="0" tweenEasing="NaN">
   <timeline name="Layer 2" scale="1" pX="0" pY="0" offset="0">
    <frame z="0" duration="1">
     <transform x="0" pX="0" pY="0" skX="0" skY="0" scX="1" y="0" scY="1"/>
    </frame>
    <frame z="0" duration="1">
     <transform x="-74.60000000000002" pX="0" pY="0" skX="0" skY="0" scX="1" y="0" scY="1"/>
    </frame>
    <frame z="0" duration="1">
     <transform x="-149.20000000000005" pX="0" pY="0" skX="0" skY="0" scX="1" y="0" scY="1"/>
    </frame>
    <frame z="0" duration="1">
     <transform x="-223.80000000000007" pX="0" pY="0" skX="0" skY="0" scX="1" y="0" scY="1"/>
    </frame>
    <frame z="0" duration="1">
     <transform x="-298.45000000000005" pX="0" pY="0" skX="0" skY="0" scX="1" y="0" scY="1"/>
    </frame>
    <frame z="0" duration="1">
     <transform x="-373" pX="0" pY="0" skX="0" skY="0" scX="1" y="0" scY="1"/>
    </frame>
    <frame z="0" duration="1">
     <transform x="-447.6" pX="0" pY="0" skX="0" skY="0" scX="1" y="0" scY="1"/>
    </frame>
    <frame z="0" duration="1">
     <transform x="-522.2" pX="0" pY="0" skX="0" skY="0" scX="1" y="0" scY="1"/>
    </frame>
    <frame z="0" duration="1">
     <transform x="-596.85" pX="0" pY="0" skX="0" skY="0" scX="1" y="0" scY="1"/>
    </frame>
    <frame z="0" duration="1">
     <transform x="-671.45" pX="0" pY="0" skX="0" skY="0" scX="1" y="0" scY="1"/>
    </frame>
    <frame z="0" duration="1">
     <transform x="-746.0500000000001" pX="0" pY="0" skX="0" skY="0" scX="1" y="0" scY="1"/>
    </frame>
    <frame z="0" duration="1">
     <transform x="-820.6500000000001" pX="0" pY="0" skX="0" skY="0" scX="1" y="0" scY="1"/>
    </frame>
    <frame z="0" duration="1">
     <transform x="-895.25" pX="0" pY="0" skX="0" skY="0" scX="1" y="0" scY="1"/>
    </frame>
    <frame z="0" duration="1">
     <transform x="-969.85" pX="0" pY="0" skX="0" skY="0" scX="1" y="0" scY="1"/>
    </frame>
    <frame z="0" duration="1">
     <transform x="-1044.45" pX="0" pY="0" skX="0" skY="0" scX="1" y="0" scY="1"/>
    </frame>
    <frame z="0" duration="1">
     <transform x="-1119.1000000000001" pX="0" pY="0" skX="0" skY="0" scX="1" y="0" scY="1"/>
    </frame>
    <frame z="0" duration="1">
     <transform x="-1193.65" pX="0" pY="0" skX="0" skY="0" scX="1" y="0" scY="1"/>
    </frame>
    <frame z="0" duration="1">
     <transform x="-1268.25" pX="0" pY="0" skX="0" skY="0" scX="1" y="0" scY="1"/>
    </frame>
    <frame z="0" duration="1">
     <transform x="-1342.85" pX="0" pY="0" skX="0" skY="0" scX="1" y="0" scY="1"/>
    </frame>
    <frame z="0" duration="1">
     <transform x="-1417.45" pX="0" pY="0" skX="0" skY="0" scX="1" y="0" scY="1"/>
    </frame>
    <frame z="0" duration="1">
     <transform x="-1492.1" pX="0" pY="0" skX="0" skY="0" scX="1" y="0" scY="1"/>
    </frame>
    <frame z="0" duration="1">
     <transform x="-1566.7" pX="0" pY="0" skX="0" skY="0" scX="1" y="0" scY="1"/>
    </frame>
    <frame z="0" duration="1">
     <transform x="-1641.3000000000002" pX="0" pY="0" skX="0" skY="0" scX="1" y="0" scY="1"/>
    </frame>
    <frame z="0" duration="1">
     <transform x="-1715.9" pX="0" pY="0" skX="0" skY="0" scX="1" y="0" scY="1"/>
    </frame>
    <frame z="0" duration="1">
     <transform x="-1790.5" pX="0" pY="0" skX="0" skY="0" scX="1" y="0" scY="1"/>
    </frame>
    <frame z="0" duration="1">
     <transform x="-1865.1" pX="0" pY="0" skX="0" skY="0" scX="1" y="0" scY="1"/>
    </frame>
   </timeline>
   <timeline name="Layer 1" scale="1" pX="0" pY="0" offset="0">
    <frame z="0" duration="1">
     <transform x="0" pX="0" pY="0" skX="0" skY="0" scX="1" y="0" scY="1"/>
    </frame>
    <frame z="0" duration="1">
     <transform x="-105.09999999999997" pX="0" pY="0" skX="0" skY="0" scX="1" y="0" scY="1"/>
     <colorTransform bM="100" gO="0" bO="0" aM="97" rM="100" aO="0" gM="100" rO="0"/>
    </frame>
    <frame z="0" duration="1">
     <transform x="-210.24999999999994" pX="0" pY="0" skX="0" skY="0" scX="1" y="0" scY="1"/>
     <colorTransform bM="100" gO="0" bO="0" aM="94" rM="100" aO="0" gM="100" rO="0"/>
    </frame>
    <frame z="0" duration="1">
     <transform x="-315.34999999999997" pX="0" pY="0" skX="0" skY="0" scX="1" y="0" scY="1"/>
     <colorTransform bM="100" gO="0" bO="0" aM="91" rM="100" aO="0" gM="100" rO="0"/>
    </frame>
    <frame z="0" duration="1">
     <transform x="-420.44999999999993" pX="0" pY="0" skX="0" skY="0" scX="1" y="0" scY="1"/>
     <colorTransform bM="100" gO="0" bO="0" aM="88" rM="100" aO="0" gM="100" rO="0"/>
    </frame>
    <frame z="0" duration="1">
     <transform x="-525.55" pX="0" pY="0" skX="0" skY="0" scX="1" y="0" scY="1"/>
     <colorTransform bM="100" gO="0" bO="0" aM="85" rM="100" aO="0" gM="100" rO="0"/>
    </frame>
    <frame z="0" duration="1">
     <transform x="-630.6999999999999" pX="0" pY="0" skX="0" skY="0" scX="1" y="0" scY="1"/>
     <colorTransform bM="100" gO="0" bO="0" aM="82" rM="100" aO="0" gM="100" rO="0"/>
    </frame>
    <frame z="0" duration="1">
     <transform x="-735.8" pX="0" pY="0" skX="0" skY="0" scX="1" y="0" scY="1"/>
     <colorTransform bM="100" gO="0" bO="0" aM="79" rM="100" aO="0" gM="100" rO="0"/>
    </frame>
    <frame z="0" duration="1">
     <transform x="-840.9499999999999" pX="0" pY="0" skX="0" skY="0" scX="1" y="0" scY="1"/>
     <colorTransform bM="100" gO="0" bO="0" aM="76" rM="100" aO="0" gM="100" rO="0"/>
    </frame>
    <frame z="0" duration="1">
     <transform x="-946.05" pX="0" pY="0" skX="0" skY="0" scX="1" y="0" scY="1"/>
     <colorTransform bM="100" gO="0" bO="0" aM="73" rM="100" aO="0" gM="100" rO="0"/>
    </frame>
    <frame z="0" duration="1">
     <transform x="-1051.15" pX="0" pY="0" skX="0" skY="0" scX="1" y="0" scY="1"/>
     <colorTransform bM="100" gO="0" bO="0" aM="70" rM="100" aO="0" gM="100" rO="0"/>
    </frame>
    <frame z="0" duration="1">
     <transform x="-1156.3" pX="0" pY="0" skX="0" skY="0" scX="1" y="0" scY="1"/>
     <colorTransform bM="100" gO="0" bO="0" aM="67" rM="100" aO="0" gM="100" rO="0"/>
    </frame>
    <frame displayIndex="-1" duration="14"/>
   </timeline>
  </animation>
 </armature>
</root>