<TextureAtlas name="Preloader" imagePath="texture.png">
 <SubTexture name="Symbol 1906" x="0" y="184" width="650" height="450"/>
 <SubTexture name="Symbol 1907" x="0" y="0" width="1112" height="183"/>
 <SubTexture name="位图 44" x="988" y="184" width="70" height="27"/>
 <SubTexture name="Deqaf_button" x="1765" y="190" width="39" height="39"/>
 <SubTexture name="Sponsor_button" x="1805" y="190" width="39" height="39"/>
 <SubTexture name="Symbol 1915" x="652" y="184" width="335" height="11"/>
 <SubTexture name="Symbol 1921" x="1973" y="131" width="67" height="68"/>
 <SubTexture name="Symbol 1940" x="652" y="452" width="488" height="203"/>
 <SubTexture name="Symbol 1923" x="1982" y="0" width="61" height="63"/>
 <SubTexture name="Symbol 1925" x="1981" y="64" width="53" height="66"/>
 <SubTexture name="Symbol 1926" x="1113" y="0" width="650" height="450"/>
 <SubTexture name="Symbol 1943" x="1141" y="457" width="493" height="25"/>
 <SubTexture name="__dbTextures/Symbol 1947/bg_0" x="1141" y="483" width="479" height="12"/>
 <SubTexture name="Symbol 1945" x="1765" y="22" width="102" height="85"/>
 <SubTexture name="Symbol 1917" x="1141" y="452" width="668" height="4"/>
 <SubTexture name="Symbol 169" x="1765" y="109" width="80" height="80"/>
 <SubTexture name="Symbol 176" x="1868" y="22" width="89" height="89"/>
 <SubTexture name="Symbol 177" x="1846" y="112" width="78" height="78"/>
 <SubTexture name="Symbol 171" x="1958" y="22" width="22" height="21"/>
 <SubTexture name="__dbTextures/play_cl/Layer 9_3" x="1958" y="88" width="22" height="21"/>
 <SubTexture name="__dbTextures/play_cl/Layer 8_3" x="1958" y="44" width="22" height="21"/>
 <SubTexture name="__dbTextures/play_cl/Layer 7_3" x="1958" y="66" width="22" height="21"/>
 <SubTexture name="__dbTextures/play_cl/Layer 6_3" x="1925" y="160" width="42" height="52"/>
 <SubTexture name="Symbol 174" x="1845" y="191" width="36" height="36"/>
 <SubTexture name="Symbol 173" x="1060" y="184" width="42" height="52"/>
 <SubTexture name="Symbol 175" x="1925" y="112" width="47" height="47"/>
 <SubTexture name="Symbol 1910" x="1765" y="0" width="215" height="20"/>
</TextureAtlas>