<root name="foot_cl" isGlobal="0" frameRate="30" version="3.0">
 <armature name="foot_cl">
  <skin name="default">
   <slot name="wool_cl" z="0" parent="wool_cl">
    <display name="wool_cl" type="armature">
     <transform scY="1" skY="0" x="0" scX="1" skX="0" y="0"/>
    </display>
   </slot>
   <slot name="p2" z="1" parent="p2">
    <display name="p2" type="armature">
     <transform scY="1" skY="0" x="0" scX="1" skX="0" y="0"/>
    </display>
   </slot>
  </skin>
  <bone name="wool_cl">
   <transform y="0.1" skY="0" x="0.35" scX="1" skX="0" scY="1"/>
  </bone>
  <bone name="p2">
   <transform y="-0.05" skY="0" x="0" scX="1" skX="0" scY="1"/>
  </bone>
  <animation name="foot1_cl" scale="1" loop="1" duration="1" autoTween="NaN" fadeInTime="0.3" tweenEasing="NaN">
   <timeline name="wool_cl" scale="1" pX="0" pY="0" offset="0">
    <frame z="0" duration="1">
     <transform x="0" pX="0" pY="0" skX="0" skY="0" scX="1" y="0" scY="1"/>
    </frame>
   </timeline>
   <timeline name="p2" scale="1" pX="0" pY="0" offset="0">
    <frame z="0" duration="1">
     <transform x="0" pX="0" pY="0" skX="0" skY="0" scX="1" y="0" scY="1"/>
    </frame>
   </timeline>
  </animation>
 </armature>
 <armature name="wool_cl">
  <skin name="default">
   <slot name="Layer 1" z="0" parent="Layer 1">
    <display name="Graphic/shape 690" type="image">
     <transform x="0" pX="4.3" pY="6.05" skX="0" skY="0" scX="1" y="0" scY="1"/>
    </display>
    <display name="Graphic/shape 691" type="image">
     <transform x="0" pX="4.3" pY="6.05" skX="0" skY="0" scX="1" y="0" scY="1"/>
    </display>
    <display name="Graphic/shape 692" type="image">
     <transform x="0" pX="4.3" pY="6.05" skX="0" skY="0" scX="1" y="0" scY="1"/>
    </display>
    <display name="Graphic/shape 693" type="image">
     <transform x="0" pX="4.3" pY="6.05" skX="0" skY="0" scX="1" y="0" scY="1"/>
    </display>
    <display name="Graphic/shape 694" type="image">
     <transform x="0" pX="4.1" pY="6" skX="0" skY="0" scX="1" y="0" scY="1"/>
    </display>
    <display name="Graphic/shape 695" type="image">
     <transform x="0" pX="3.8" pY="6.15" skX="0" skY="0" scX="1" y="0" scY="1"/>
    </display>
    <display name="Graphic/shape 696" type="image">
     <transform x="0" pX="3.85" pY="6.25" skX="0" skY="0" scX="1" y="0" scY="1"/>
    </display>
    <display name="Graphic/shape 697" type="image">
     <transform x="0" pX="4.1" pY="6.2" skX="0" skY="0" scX="1" y="0" scY="1"/>
    </display>
    <display name="Graphic/shape 698" type="image">
     <transform x="0" pX="4.3" pY="6.2" skX="0" skY="0" scX="1" y="0" scY="1"/>
    </display>
    <display name="Graphic/shape 699" type="image">
     <transform x="0" pX="4.3" pY="6.1" skX="0" skY="0" scX="1" y="0" scY="1"/>
    </display>
    <display name="Graphic/shape 700" type="image">
     <transform x="0" pX="4.25" pY="6.1" skX="0" skY="0" scX="1" y="0" scY="1"/>
    </display>
    <display name="Graphic/shape 701" type="image">
     <transform x="0" pX="4.35" pY="6.05" skX="0" skY="0" scX="1" y="0" scY="1"/>
    </display>
    <display name="Graphic/shape 702" type="image">
     <transform x="0" pX="4.3" pY="6.2" skX="0" skY="0" scX="1" y="0" scY="1"/>
    </display>
    <display name="Graphic/shape 703" type="image">
     <transform x="0" pX="4.3" pY="6.2" skX="0" skY="0" scX="1" y="0" scY="1"/>
    </display>
   </slot>
  </skin>
  <bone name="Layer 1">
   <transform y="0" skY="0" x="0" scX="1" skX="0" scY="1"/>
  </bone>
  <animation name="wool_cl" scale="1" loop="1" duration="20" autoTween="NaN" fadeInTime="0.3" tweenEasing="NaN">
   <timeline name="Layer 1" scale="1" pX="0" pY="0" offset="0">
    <frame z="0" duration="1">
     <transform x="0" pX="0" pY="0" skX="0" skY="0" scX="1" y="0" scY="1"/>
    </frame>
    <frame displayIndex="1" z="0" duration="1">
     <transform x="0" pX="0" pY="0" skX="0" skY="0" scX="1" y="0" scY="1"/>
    </frame>
    <frame displayIndex="2" z="0" duration="1">
     <transform x="0" pX="0" pY="0" skX="0" skY="0" scX="1" y="0" scY="1"/>
    </frame>
    <frame displayIndex="3" z="0" duration="1">
     <transform x="0" pX="0" pY="0" skX="0" skY="0" scX="1" y="0" scY="1"/>
    </frame>
    <frame displayIndex="4" z="0" duration="1">
     <transform x="0" pX="0" pY="0" skX="0" skY="0" scX="1" y="0" scY="1"/>
    </frame>
    <frame displayIndex="5" z="0" duration="1">
     <transform x="0" pX="0" pY="0" skX="0" skY="0" scX="1" y="0" scY="1"/>
    </frame>
    <frame displayIndex="6" z="0" duration="1">
     <transform x="0" pX="0" pY="0" skX="0" skY="0" scX="1" y="0" scY="1"/>
    </frame>
    <frame displayIndex="7" z="0" duration="1">
     <transform x="0" pX="0" pY="0" skX="0" skY="0" scX="1" y="0" scY="1"/>
    </frame>
    <frame displayIndex="8" z="0" duration="1">
     <transform x="0" pX="0" pY="0" skX="0" skY="0" scX="1" y="0" scY="1"/>
    </frame>
    <frame displayIndex="9" z="0" duration="1">
     <transform x="0" pX="0" pY="0" skX="0" skY="0" scX="1" y="0" scY="1"/>
    </frame>
    <frame displayIndex="10" z="0" duration="1">
     <transform x="0" pX="0" pY="0" skX="0" skY="0" scX="1" y="0" scY="1"/>
    </frame>
    <frame displayIndex="11" z="0" duration="1">
     <transform x="0" pX="0" pY="0" skX="0" skY="0" scX="1" y="0" scY="1"/>
    </frame>
    <frame displayIndex="-1" duration="6"/>
    <frame displayIndex="12" z="0" duration="1">
     <transform x="0" pX="0" pY="0" skX="0" skY="0" scX="1" y="0" scY="1"/>
    </frame>
    <frame displayIndex="13" z="0" duration="1">
     <transform x="0" pX="0" pY="0" skX="0" skY="0" scX="1" y="0" scY="1"/>
    </frame>
   </timeline>
  </animation>
 </armature>
 <armature name="p2">
  <skin name="default">
   <slot name="Layer 1" z="0" parent="Layer 1">
    <display name="sprite 206" type="image">
     <transform x="0" pX="59.4" pY="55" skX="0" skY="0" scX="1" y="0" scY="1"/>
    </display>
    <display name="Graphic/shape 705" type="image">
     <transform x="0" pX="4.3" pY="6.05" skX="0" skY="0" scX="1" y="0" scY="1"/>
    </display>
    <display name="Graphic/shape 706" type="image">
     <transform x="0" pX="4.25" pY="6.1" skX="0" skY="0" scX="1" y="0" scY="1"/>
    </display>
    <display name="Graphic/shape 707" type="image">
     <transform x="0" pX="4.25" pY="-0.55" skX="0" skY="0" scX="1" y="0" scY="1"/>
    </display>
    <display name="Graphic/shape 708" type="image">
     <transform x="0" pX="4.25" pY="-0.4" skX="0" skY="0" scX="1" y="0" scY="1"/>
    </display>
    <display name="Graphic/shape 709" type="image">
     <transform x="0" pX="4.55" pY="6.1" skX="0" skY="0" scX="1" y="0" scY="1"/>
    </display>
    <display name="Graphic/shape 710" type="image">
     <transform x="0" pX="4.75" pY="6.55" skX="0" skY="0" scX="1" y="0" scY="1"/>
    </display>
    <display name="Graphic/shape 711" type="image">
     <transform x="0" pX="4.35" pY="-0.1" skX="0" skY="0" scX="1" y="0" scY="1"/>
    </display>
    <display name="Graphic/shape 712" type="image">
     <transform x="0" pX="4.15" pY="6" skX="0" skY="0" scX="1" y="0" scY="1"/>
    </display>
    <display name="Graphic/shape 713" type="image">
     <transform x="0" pX="4.25" pY="6.1" skX="0" skY="0" scX="1" y="0" scY="1"/>
    </display>
    <display name="Graphic/shape 714" type="image">
     <transform x="0" pX="4.5" pY="6.85" skX="0" skY="0" scX="1" y="0" scY="1"/>
    </display>
    <display name="Graphic/shape 715" type="image">
     <transform x="0" pX="4.25" pY="6.2" skX="0" skY="0" scX="1" y="0" scY="1"/>
    </display>
    <display name="Graphic/shape 716" type="image">
     <transform x="0" pX="4.25" pY="6.25" skX="0" skY="0" scX="1" y="0" scY="1"/>
    </display>
    <display name="Graphic/shape 717" type="image">
     <transform x="0" pX="4.3" pY="6.15" skX="0" skY="0" scX="1" y="0" scY="1"/>
    </display>
    <display name="Graphic/shape 718" type="image">
     <transform x="0" pX="4.05" pY="6.1" skX="0" skY="0" scX="1" y="0" scY="1"/>
    </display>
    <display name="Graphic/shape 719" type="image">
     <transform x="0" pX="4.4" pY="6.35" skX="0" skY="0" scX="1" y="0" scY="1"/>
    </display>
    <display name="Graphic/shape 720" type="image">
     <transform x="0" pX="4.05" pY="6.25" skX="0" skY="0" scX="1" y="0" scY="1"/>
    </display>
    <display name="Graphic/shape 721" type="image">
     <transform x="0" pX="4.05" pY="6" skX="0" skY="0" scX="1" y="0" scY="1"/>
    </display>
    <display name="Graphic/shape 722" type="image">
     <transform x="0" pX="4.5" pY="6.15" skX="0" skY="0" scX="1" y="0" scY="1"/>
    </display>
    <display name="Graphic/shape 723" type="image">
     <transform x="0" pX="4.05" pY="6.15" skX="0" skY="0" scX="1" y="0" scY="1"/>
    </display>
    <display name="Graphic/shape 724" type="image">
     <transform x="0" pX="4.25" pY="6.35" skX="0" skY="0" scX="1" y="0" scY="1"/>
    </display>
    <display name="Graphic/shape 725" type="image">
     <transform x="0" pX="4.2" pY="4.1" skX="0" skY="0" scX="1" y="0" scY="1"/>
    </display>
    <display name="Graphic/shape 726" type="image">
     <transform x="0" pX="3.8" pY="3.75" skX="0" skY="0" scX="1" y="0" scY="1"/>
    </display>
    <display name="Graphic/shape 727" type="image">
     <transform x="0" pX="4.05" pY="3.6" skX="0" skY="0" scX="1" y="0" scY="1"/>
    </display>
    <display name="Graphic/shape 728" type="image">
     <transform x="0" pX="3.85" pY="3.65" skX="0" skY="0" scX="1" y="0" scY="1"/>
    </display>
    <display name="Graphic/shape 729" type="image">
     <transform x="0" pX="4.1" pY="6.2" skX="0" skY="0" scX="1" y="0" scY="1"/>
    </display>
    <display name="Graphic/shape 730" type="image">
     <transform x="0" pX="4.1" pY="6.35" skX="0" skY="0" scX="1" y="0" scY="1"/>
    </display>
    <display name="Graphic/shape 731" type="image">
     <transform x="0" pX="4.15" pY="6.2" skX="0" skY="0" scX="1" y="0" scY="1"/>
    </display>
    <display name="Graphic/shape 732" type="image">
     <transform x="0" pX="4.15" pY="6.05" skX="0" skY="0" scX="1" y="0" scY="1"/>
    </display>
    <display name="Graphic/shape 733" type="image">
     <transform x="0" pX="4.15" pY="6.2" skX="0" skY="0" scX="1" y="0" scY="1"/>
    </display>
    <display name="Graphic/shape 734" type="image">
     <transform x="0" pX="4.3" pY="5.9" skX="0" skY="0" scX="1" y="0" scY="1"/>
    </display>
    <display name="Graphic/shape 735" type="image">
     <transform x="0" pX="4.4" pY="6.2" skX="0" skY="0" scX="1" y="0" scY="1"/>
    </display>
    <display name="Graphic/shape 736" type="image">
     <transform x="0" pX="4.25" pY="6.05" skX="0" skY="0" scX="1" y="0" scY="1"/>
    </display>
    <display name="Graphic/shape 737" type="image">
     <transform x="0" pX="4.1" pY="6.05" skX="0" skY="0" scX="1" y="0" scY="1"/>
    </display>
    <display name="Graphic/shape 738" type="image">
     <transform x="0" pX="4" pY="6.05" skX="0" skY="0" scX="1" y="0" scY="1"/>
    </display>
    <display name="Graphic/shape 739" type="image">
     <transform x="0" pX="4.35" pY="6" skX="0" skY="0" scX="1" y="0" scY="1"/>
    </display>
    <display name="Graphic/shape 740" type="image">
     <transform x="0" pX="4.4" pY="6.1" skX="0" skY="0" scX="1" y="0" scY="1"/>
    </display>
    <display name="Graphic/shape 741" type="image">
     <transform x="0" pX="4.4" pY="6" skX="0" skY="0" scX="1" y="0" scY="1"/>
    </display>
    <display name="Graphic/shape 742" type="image">
     <transform x="0" pX="4.3" pY="6.05" skX="0" skY="0" scX="1" y="0" scY="1"/>
    </display>
    <display name="Graphic/shape 743" type="image">
     <transform x="0" pX="4.3" pY="6.05" skX="0" skY="0" scX="1" y="0" scY="1"/>
    </display>
    <display name="Graphic/shape 744" type="image">
     <transform x="0" pX="4.1" pY="6.05" skX="0" skY="0" scX="1" y="0" scY="1"/>
    </display>
    <display name="Graphic/shape 745" type="image">
     <transform x="0" pX="4.4" pY="6.35" skX="0" skY="0" scX="1" y="0" scY="1"/>
    </display>
    <display name="Graphic/shape 746" type="image">
     <transform x="0" pX="4.3" pY="6.35" skX="0" skY="0" scX="1" y="0" scY="1"/>
    </display>
    <display name="Graphic/shape 747" type="image">
     <transform x="0" pX="4.4" pY="6.2" skX="0" skY="0" scX="1" y="0" scY="1"/>
    </display>
    <display name="Graphic/shape 748" type="image">
     <transform x="0" pX="4.15" pY="6.05" skX="0" skY="0" scX="1" y="0" scY="1"/>
    </display>
    <display name="Graphic/shape 749" type="image">
     <transform x="0" pX="4" pY="6.05" skX="0" skY="0" scX="1" y="0" scY="1"/>
    </display>
    <display name="Graphic/shape 750" type="image">
     <transform x="0" pX="4.3" pY="-0.35" skX="0" skY="0" scX="1" y="0" scY="1"/>
    </display>
    <display name="Graphic/shape 751" type="image">
     <transform x="0" pX="4.3" pY="6.35" skX="0" skY="0" scX="1" y="0" scY="1"/>
    </display>
    <display name="Graphic/shape 752" type="image">
     <transform x="0" pX="4.55" pY="6.15" skX="0" skY="0" scX="1" y="0" scY="1"/>
    </display>
    <display name="Graphic/shape 753" type="image">
     <transform x="0" pX="4.3" pY="-0.8" skX="0" skY="0" scX="1" y="0" scY="1"/>
    </display>
    <display name="Graphic/shape 754" type="image">
     <transform x="0" pX="4.25" pY="5.9" skX="0" skY="0" scX="1" y="0" scY="1"/>
    </display>
    <display name="Graphic/shape 755" type="image">
     <transform x="0" pX="4.3" pY="6" skX="0" skY="0" scX="1" y="0" scY="1"/>
    </display>
    <display name="Graphic/shape 756" type="image">
     <transform x="0" pX="4.05" pY="6" skX="0" skY="0" scX="1" y="0" scY="1"/>
    </display>
    <display name="Graphic/shape 757" type="image">
     <transform x="0" pX="4.45" pY="6" skX="0" skY="0" scX="1" y="0" scY="1"/>
    </display>
    <display name="Graphic/shape 758" type="image">
     <transform x="0" pX="4.3" pY="6.2" skX="0" skY="0" scX="1" y="0" scY="1"/>
    </display>
    <display name="Graphic/shape 759" type="image">
     <transform x="0" pX="3.95" pY="5.9" skX="0" skY="0" scX="1" y="0" scY="1"/>
    </display>
    <display name="Graphic/shape 760" type="image">
     <transform x="0" pX="4.2" pY="6" skX="0" skY="0" scX="1" y="0" scY="1"/>
    </display>
    <display name="Graphic/shape 761" type="image">
     <transform x="0" pX="4.15" pY="6.05" skX="0" skY="0" scX="1" y="0" scY="1"/>
    </display>
    <display name="Graphic/shape 762" type="image">
     <transform x="0" pX="4" pY="6.2" skX="0" skY="0" scX="1" y="0" scY="1"/>
    </display>
    <display name="Graphic/shape 763" type="image">
     <transform x="0" pX="4.3" pY="-0.2" skX="0" skY="0" scX="1" y="0" scY="1"/>
    </display>
    <display name="Graphic/shape 764" type="image">
     <transform x="0" pX="4.3" pY="6.05" skX="0" skY="0" scX="1" y="0" scY="1"/>
    </display>
    <display name="Graphic/shape 765" type="image">
     <transform x="0" pX="4.3" pY="-0.35" skX="0" skY="0" scX="1" y="0" scY="1"/>
    </display>
    <display name="Graphic/shape 766" type="image">
     <transform x="0" pX="4.4" pY="5.95" skX="0" skY="0" scX="1" y="0" scY="1"/>
    </display>
    <display name="Graphic/shape 767" type="image">
     <transform x="0" pX="4.85" pY="5.75" skX="0" skY="0" scX="1" y="0" scY="1"/>
    </display>
    <display name="Graphic/shape 768" type="image">
     <transform x="0" pX="4.15" pY="6.2" skX="0" skY="0" scX="1" y="0" scY="1"/>
    </display>
    <display name="Graphic/shape 769" type="image">
     <transform x="0" pX="4.3" pY="6.05" skX="0" skY="0" scX="1" y="0" scY="1"/>
    </display>
    <display name="Graphic/shape 770" type="image">
     <transform x="0" pX="4.25" pY="6.2" skX="0" skY="0" scX="1" y="0" scY="1"/>
    </display>
    <display name="Graphic/shape 771" type="image">
     <transform x="0" pX="4.15" pY="6.1" skX="0" skY="0" scX="1" y="0" scY="1"/>
    </display>
    <display name="Graphic/shape 772" type="image">
     <transform x="0" pX="5.25" pY="5.6" skX="0" skY="0" scX="1" y="0" scY="1"/>
    </display>
    <display name="Graphic/shape 773" type="image">
     <transform x="0" pX="4.25" pY="6.05" skX="0" skY="0" scX="1" y="0" scY="1"/>
    </display>
    <display name="Graphic/shape 774" type="image">
     <transform x="0" pX="7.5" pY="5.95" skX="0" skY="0" scX="1" y="0" scY="1"/>
    </display>
    <display name="Graphic/shape 775" type="image">
     <transform x="0" pX="4.55" pY="-1.5" skX="0" skY="0" scX="1" y="0" scY="1"/>
    </display>
    <display name="Graphic/shape 776" type="image">
     <transform x="0" pX="4.6" pY="6.1" skX="0" skY="0" scX="1" y="0" scY="1"/>
    </display>
    <display name="Graphic/shape 777" type="image">
     <transform x="0" pX="4.05" pY="6.25" skX="0" skY="0" scX="1" y="0" scY="1"/>
    </display>
    <display name="Graphic/shape 778" type="image">
     <transform x="0" pX="4.05" pY="6.1" skX="0" skY="0" scX="1" y="0" scY="1"/>
    </display>
    <display name="Graphic/shape 779" type="image">
     <transform x="0" pX="4.2" pY="6" skX="0" skY="0" scX="1" y="0" scY="1"/>
    </display>
    <display name="Graphic/shape 780" type="image">
     <transform x="0" pX="4.6" pY="0.45" skX="0" skY="0" scX="1" y="0" scY="1"/>
    </display>
    <display name="Graphic/shape 781" type="image">
     <transform x="0" pX="4.55" pY="0.8" skX="0" skY="0" scX="1" y="0" scY="1"/>
    </display>
    <display name="Graphic/shape 782" type="image">
     <transform x="0" pX="4.45" pY="-0.7" skX="0" skY="0" scX="1" y="0" scY="1"/>
    </display>
    <display name="Graphic/shape 783" type="image">
     <transform x="0" pX="4.3" pY="0.6" skX="0" skY="0" scX="1" y="0" scY="1"/>
    </display>
    <display name="Graphic/shape 784" type="image">
     <transform x="0" pX="4.15" pY="6.25" skX="0" skY="0" scX="1" y="0" scY="1"/>
    </display>
    <display name="Graphic/shape 785" type="image">
     <transform x="0" pX="4.3" pY="6.1" skX="0" skY="0" scX="1" y="0" scY="1"/>
    </display>
    <display name="Graphic/shape 786" type="image">
     <transform x="0" pX="4.1" pY="6.05" skX="0" skY="0" scX="1" y="0" scY="1"/>
    </display>
    <display name="Graphic/shape 787" type="image">
     <transform x="0" pX="4.9" pY="6" skX="0" skY="0" scX="1" y="0" scY="1"/>
    </display>
    <display name="Graphic/shape 788" type="image">
     <transform x="0" pX="5.45" pY="6.2" skX="0" skY="0" scX="1" y="0" scY="1"/>
    </display>
    <display name="Graphic/shape 789" type="image">
     <transform x="0" pX="5.5" pY="6.2" skX="0" skY="0" scX="1" y="0" scY="1"/>
    </display>
    <display name="Graphic/shape 790" type="image">
     <transform x="0" pX="5.45" pY="6.2" skX="0" skY="0" scX="1" y="0" scY="1"/>
    </display>
    <display name="Graphic/shape 791" type="image">
     <transform x="0" pX="4.2" pY="6.05" skX="0" skY="0" scX="1" y="0" scY="1"/>
    </display>
    <display name="Graphic/shape 792" type="image">
     <transform x="0" pX="4.2" pY="6.2" skX="0" skY="0" scX="1" y="0" scY="1"/>
    </display>
    <display name="Graphic/shape 793" type="image">
     <transform x="0" pX="4.65" pY="1.65" skX="0" skY="0" scX="1" y="0" scY="1"/>
    </display>
    <display name="Graphic/shape 794" type="image">
     <transform x="0" pX="5.15" pY="6.05" skX="0" skY="0" scX="1" y="0" scY="1"/>
    </display>
    <display name="Graphic/shape 795" type="image">
     <transform x="0" pX="4.1" pY="6" skX="0" skY="0" scX="1" y="0" scY="1"/>
    </display>
    <display name="Graphic/shape 796" type="image">
     <transform x="0" pX="4.2" pY="6.2" skX="0" skY="0" scX="1" y="0" scY="1"/>
    </display>
    <display name="Graphic/shape 797" type="image">
     <transform x="0" pX="4.55" pY="6.05" skX="0" skY="0" scX="1" y="0" scY="1"/>
    </display>
    <display name="Graphic/shape 798" type="image">
     <transform x="0" pX="4.9" pY="6.1" skX="0" skY="0" scX="1" y="0" scY="1"/>
    </display>
    <display name="Graphic/shape 799" type="image">
     <transform x="0" pX="4.35" pY="-0.7" skX="0" skY="0" scX="1" y="0" scY="1"/>
    </display>
    <display name="Graphic/shape 800" type="image">
     <transform x="0" pX="4.15" pY="6" skX="0" skY="0" scX="1" y="0" scY="1"/>
    </display>
    <display name="Graphic/shape 801" type="image">
     <transform x="0" pX="6.2" pY="5.95" skX="0" skY="0" scX="1" y="0" scY="1"/>
    </display>
    <display name="Graphic/shape 802" type="image">
     <transform x="0" pX="4.4" pY="5.95" skX="0" skY="0" scX="1" y="0" scY="1"/>
    </display>
    <display name="Graphic/shape 803" type="image">
     <transform x="0" pX="5.6" pY="2.95" skX="0" skY="0" scX="1" y="0" scY="1"/>
    </display>
    <display name="Graphic/shape 804" type="image">
     <transform x="0" pX="4.45" pY="5.85" skX="0" skY="0" scX="1" y="0" scY="1"/>
    </display>
    <display name="Graphic/shape 805" type="image">
     <transform x="0" pX="4.7" pY="5.8" skX="0" skY="0" scX="1" y="0" scY="1"/>
    </display>
    <display name="Graphic/shape 806" type="image">
     <transform x="0" pX="4.2" pY="6.05" skX="0" skY="0" scX="1" y="0" scY="1"/>
    </display>
    <display name="Graphic/shape 807" type="image">
     <transform x="0" pX="4.4" pY="5.85" skX="0" skY="0" scX="1" y="0" scY="1"/>
    </display>
    <display name="Graphic/shape 808" type="image">
     <transform x="0" pX="4.3" pY="6.05" skX="0" skY="0" scX="1" y="0" scY="1"/>
    </display>
    <display name="Graphic/shape 809" type="image">
     <transform x="0" pX="4.4" pY="-0.95" skX="0" skY="0" scX="1" y="0" scY="1"/>
    </display>
    <display name="Graphic/shape 810" type="image">
     <transform x="0" pX="4.4" pY="6" skX="0" skY="0" scX="1" y="0" scY="1"/>
    </display>
    <display name="Graphic/shape 811" type="image">
     <transform x="0" pX="4.5" pY="5.85" skX="0" skY="0" scX="1" y="0" scY="1"/>
    </display>
    <display name="Graphic/shape 812" type="image">
     <transform x="0" pX="4.4" pY="5.85" skX="0" skY="0" scX="1" y="0" scY="1"/>
    </display>
    <display name="Graphic/shape 813" type="image">
     <transform x="0" pX="4.25" pY="5.85" skX="0" skY="0" scX="1" y="0" scY="1"/>
    </display>
    <display name="Graphic/shape 814" type="image">
     <transform x="0" pX="4.3" pY="5.7" skX="0" skY="0" scX="1" y="0" scY="1"/>
    </display>
    <display name="Graphic/shape 815" type="image">
     <transform x="0" pX="4.3" pY="6.15" skX="0" skY="0" scX="1" y="0" scY="1"/>
    </display>
    <display name="Graphic/shape 816" type="image">
     <transform x="0" pX="4.25" pY="6.1" skX="0" skY="0" scX="1" y="0" scY="1"/>
    </display>
    <display name="Graphic/shape 817" type="image">
     <transform x="0" pX="4.45" pY="-0.9" skX="0" skY="0" scX="1" y="0" scY="1"/>
    </display>
    <display name="Graphic/shape 818" type="image">
     <transform x="0" pX="4.25" pY="6.25" skX="0" skY="0" scX="1" y="0" scY="1"/>
    </display>
    <display name="Graphic/shape 819" type="image">
     <transform x="0" pX="4.95" pY="1.9" skX="0" skY="0" scX="1" y="0" scY="1"/>
    </display>
    <display name="Graphic/shape 820" type="image">
     <transform x="0" pX="4.35" pY="-1.35" skX="0" skY="0" scX="1" y="0" scY="1"/>
    </display>
    <display name="Graphic/shape 821" type="image">
     <transform x="0" pX="4.55" pY="5.9" skX="0" skY="0" scX="1" y="0" scY="1"/>
    </display>
    <display name="Graphic/shape 822" type="image">
     <transform x="0" pX="4.2" pY="6" skX="0" skY="0" scX="1" y="0" scY="1"/>
    </display>
    <display name="Graphic/shape 823" type="image">
     <transform x="0" pX="4.3" pY="6.05" skX="0" skY="0" scX="1" y="0" scY="1"/>
    </display>
    <display name="Graphic/shape 824" type="image">
     <transform x="0" pX="4.2" pY="6" skX="0" skY="0" scX="1" y="0" scY="1"/>
    </display>
    <display name="Graphic/shape 825" type="image">
     <transform x="0" pX="4.15" pY="5.85" skX="0" skY="0" scX="1" y="0" scY="1"/>
    </display>
    <display name="Graphic/shape 826" type="image">
     <transform x="0" pX="4.3" pY="6" skX="0" skY="0" scX="1" y="0" scY="1"/>
    </display>
    <display name="Graphic/shape 827" type="image">
     <transform x="0" pX="4.55" pY="1.3" skX="0" skY="0" scX="1" y="0" scY="1"/>
    </display>
    <display name="Graphic/shape 828" type="image">
     <transform x="0" pX="4.3" pY="6.2" skX="0" skY="0" scX="1" y="0" scY="1"/>
    </display>
    <display name="Graphic/shape 829" type="image">
     <transform x="0" pX="4.1" pY="6.1" skX="0" skY="0" scX="1" y="0" scY="1"/>
    </display>
    <display name="Graphic/shape 830" type="image">
     <transform x="0" pX="4.15" pY="6.15" skX="0" skY="0" scX="1" y="0" scY="1"/>
    </display>
    <display name="Graphic/shape 831" type="image">
     <transform x="0" pX="4.2" pY="6.05" skX="0" skY="0" scX="1" y="0" scY="1"/>
    </display>
    <display name="Graphic/shape 832" type="image">
     <transform x="0" pX="4.3" pY="6.05" skX="0" skY="0" scX="1" y="0" scY="1"/>
    </display>
    <display name="Graphic/shape 833" type="image">
     <transform x="0" pX="4.2" pY="6.15" skX="0" skY="0" scX="1" y="0" scY="1"/>
    </display>
    <display name="Graphic/shape 834" type="image">
     <transform x="0" pX="4.3" pY="5.95" skX="0" skY="0" scX="1" y="0" scY="1"/>
    </display>
    <display name="Graphic/shape 835" type="image">
     <transform x="0" pX="4.25" pY="6.1" skX="0" skY="0" scX="1" y="0" scY="1"/>
    </display>
    <display name="Graphic/shape 836" type="image">
     <transform x="0" pX="4.4" pY="6" skX="0" skY="0" scX="1" y="0" scY="1"/>
    </display>
    <display name="Graphic/shape 837" type="image">
     <transform x="0" pX="4.25" pY="6.05" skX="0" skY="0" scX="1" y="0" scY="1"/>
    </display>
    <display name="Graphic/shape 838" type="image">
     <transform x="0" pX="4.3" pY="6" skX="0" skY="0" scX="1" y="0" scY="1"/>
    </display>
    <display name="Graphic/shape 839" type="image">
     <transform x="0" pX="4.4" pY="6.2" skX="0" skY="0" scX="1" y="0" scY="1"/>
    </display>
    <display name="Graphic/shape 840" type="image">
     <transform x="0" pX="4.3" pY="6" skX="0" skY="0" scX="1" y="0" scY="1"/>
    </display>
    <display name="Graphic/shape 841" type="image">
     <transform x="0" pX="4.2" pY="6.2" skX="0" skY="0" scX="1" y="0" scY="1"/>
    </display>
    <display name="Graphic/shape 842" type="image">
     <transform x="0" pX="4.25" pY="5.95" skX="0" skY="0" scX="1" y="0" scY="1"/>
    </display>
    <display name="Graphic/shape 843" type="image">
     <transform x="0" pX="4.35" pY="6.1" skX="0" skY="0" scX="1" y="0" scY="1"/>
    </display>
    <display name="Graphic/shape 844" type="image">
     <transform x="0" pX="4.4" pY="6" skX="0" skY="0" scX="1" y="0" scY="1"/>
    </display>
    <display name="Graphic/shape 845" type="image">
     <transform x="0" pX="4.25" pY="6.05" skX="0" skY="0" scX="1" y="0" scY="1"/>
    </display>
    <display name="Graphic/shape 846" type="image">
     <transform x="0" pX="4.3" pY="6.15" skX="0" skY="0" scX="1" y="0" scY="1"/>
    </display>
    <display name="Graphic/shape 847" type="image">
     <transform x="0" pX="4.4" pY="6.1" skX="0" skY="0" scX="1" y="0" scY="1"/>
    </display>
    <display name="Graphic/shape 848" type="image">
     <transform x="0" pX="4.65" pY="1.3" skX="0" skY="0" scX="1" y="0" scY="1"/>
    </display>
    <display name="Graphic/shape 849" type="image">
     <transform x="0" pX="4.65" pY="-1.2" skX="0" skY="0" scX="1" y="0" scY="1"/>
    </display>
    <display name="Graphic/shape 850" type="image">
     <transform x="0" pX="4.75" pY="6.25" skX="0" skY="0" scX="1" y="0" scY="1"/>
    </display>
    <display name="Graphic/shape 851" type="image">
     <transform x="0" pX="4.6" pY="6.35" skX="0" skY="0" scX="1" y="0" scY="1"/>
    </display>
    <display name="Graphic/shape 852" type="image">
     <transform x="0" pX="4.25" pY="5.95" skX="0" skY="0" scX="1" y="0" scY="1"/>
    </display>
    <display name="Graphic/shape 853" type="image">
     <transform x="0" pX="4.3" pY="5.95" skX="0" skY="0" scX="1" y="0" scY="1"/>
    </display>
    <display name="Graphic/shape 854" type="image">
     <transform x="0" pX="4.35" pY="6.1" skX="0" skY="0" scX="1" y="0" scY="1"/>
    </display>
    <display name="Graphic/shape 855" type="image">
     <transform x="0" pX="4.45" pY="6.2" skX="0" skY="0" scX="1" y="0" scY="1"/>
    </display>
    <display name="Graphic/shape 856" type="image">
     <transform x="0" pX="4.4" pY="6.2" skX="0" skY="0" scX="1" y="0" scY="1"/>
    </display>
    <display name="Graphic/shape 857" type="image">
     <transform x="0" pX="4.2" pY="6.1" skX="0" skY="0" scX="1" y="0" scY="1"/>
    </display>
    <display name="Graphic/shape 858" type="image">
     <transform x="0" pX="4.3" pY="6.1" skX="0" skY="0" scX="1" y="0" scY="1"/>
    </display>
    <display name="Graphic/shape 859" type="image">
     <transform x="0" pX="4.35" pY="6.15" skX="0" skY="0" scX="1" y="0" scY="1"/>
    </display>
    <display name="Graphic/shape 860" type="image">
     <transform x="0" pX="4.25" pY="6.1" skX="0" skY="0" scX="1" y="0" scY="1"/>
    </display>
    <display name="Graphic/shape 861" type="image">
     <transform x="0" pX="4.25" pY="5.95" skX="0" skY="0" scX="1" y="0" scY="1"/>
    </display>
    <display name="Graphic/shape 862" type="image">
     <transform x="0" pX="4.4" pY="6.1" skX="0" skY="0" scX="1" y="0" scY="1"/>
    </display>
    <display name="Graphic/shape 863" type="image">
     <transform x="0" pX="4.05" pY="5.85" skX="0" skY="0" scX="1" y="0" scY="1"/>
    </display>
    <display name="Graphic/shape 864" type="image">
     <transform x="0" pX="4.3" pY="5.9" skX="0" skY="0" scX="1" y="0" scY="1"/>
    </display>
    <display name="Graphic/shape 865" type="image">
     <transform x="0" pX="4.55" pY="6.15" skX="0" skY="0" scX="1" y="0" scY="1"/>
    </display>
    <display name="Graphic/shape 866" type="image">
     <transform x="0" pX="4.55" pY="6.25" skX="0" skY="0" scX="1" y="0" scY="1"/>
    </display>
    <display name="Graphic/shape 867" type="image">
     <transform x="0" pX="4.4" pY="6" skX="0" skY="0" scX="1" y="0" scY="1"/>
    </display>
    <display name="Graphic/shape 868" type="image">
     <transform x="0" pX="4.3" pY="6" skX="0" skY="0" scX="1" y="0" scY="1"/>
    </display>
    <display name="Graphic/shape 869" type="image">
     <transform x="0" pX="4.3" pY="6.25" skX="0" skY="0" scX="1" y="0" scY="1"/>
    </display>
    <display name="Graphic/shape 870" type="image">
     <transform x="0" pX="4.4" pY="5.95" skX="0" skY="0" scX="1" y="0" scY="1"/>
    </display>
    <display name="Graphic/shape 871" type="image">
     <transform x="0" pX="4.3" pY="6" skX="0" skY="0" scX="1" y="0" scY="1"/>
    </display>
    <display name="Graphic/shape 872" type="image">
     <transform x="0" pX="4.45" pY="6" skX="0" skY="0" scX="1" y="0" scY="1"/>
    </display>
    <display name="Graphic/shape 873" type="image">
     <transform x="0" pX="4.3" pY="6" skX="0" skY="0" scX="1" y="0" scY="1"/>
    </display>
    <display name="Graphic/shape 874" type="image">
     <transform x="0" pX="4.3" pY="6.05" skX="0" skY="0" scX="1" y="0" scY="1"/>
    </display>
    <display name="Graphic/shape 875" type="image">
     <transform x="0" pX="4.3" pY="6.15" skX="0" skY="0" scX="1" y="0" scY="1"/>
    </display>
    <display name="Graphic/shape 876" type="image">
     <transform x="0" pX="4.7" pY="-0.9" skX="0" skY="0" scX="1" y="0" scY="1"/>
    </display>
    <display name="Graphic/shape 877" type="image">
     <transform x="0" pX="4.4" pY="6" skX="0" skY="0" scX="1" y="0" scY="1"/>
    </display>
    <display name="Graphic/shape 878" type="image">
     <transform x="0" pX="4.3" pY="6.15" skX="0" skY="0" scX="1" y="0" scY="1"/>
    </display>
    <display name="Graphic/shape 879" type="image">
     <transform x="0" pX="5.45" pY="6.1" skX="0" skY="0" scX="1" y="0" scY="1"/>
    </display>
    <display name="Graphic/shape 880" type="image">
     <transform x="0" pX="4.4" pY="6.2" skX="0" skY="0" scX="1" y="0" scY="1"/>
    </display>
    <display name="Graphic/shape 881" type="image">
     <transform x="0" pX="4.35" pY="6.1" skX="0" skY="0" scX="1" y="0" scY="1"/>
    </display>
    <display name="Graphic/shape 882" type="image">
     <transform x="0" pX="4.25" pY="6" skX="0" skY="0" scX="1" y="0" scY="1"/>
    </display>
    <display name="Graphic/shape 883" type="image">
     <transform x="0" pX="4.4" pY="6" skX="0" skY="0" scX="1" y="0" scY="1"/>
    </display>
    <display name="Graphic/shape 884" type="image">
     <transform x="0" pX="4.45" pY="6" skX="0" skY="0" scX="1" y="0" scY="1"/>
    </display>
    <display name="Graphic/shape 885" type="image">
     <transform x="0" pX="4.3" pY="6.1" skX="0" skY="0" scX="1" y="0" scY="1"/>
    </display>
    <display name="Graphic/shape 886" type="image">
     <transform x="0" pX="4.35" pY="6" skX="0" skY="0" scX="1" y="0" scY="1"/>
    </display>
    <display name="Graphic/shape 887" type="image">
     <transform x="0" pX="4.2" pY="6" skX="0" skY="0" scX="1" y="0" scY="1"/>
    </display>
    <display name="Graphic/shape 888" type="image">
     <transform x="0" pX="4.45" pY="6.1" skX="0" skY="0" scX="1" y="0" scY="1"/>
    </display>
    <display name="Graphic/shape 889" type="image">
     <transform x="0" pX="4.25" pY="6.3" skX="0" skY="0" scX="1" y="0" scY="1"/>
    </display>
    <display name="Graphic/shape 890" type="image">
     <transform x="0" pX="4.35" pY="6.2" skX="0" skY="0" scX="1" y="0" scY="1"/>
    </display>
    <display name="Graphic/shape 891" type="image">
     <transform x="0" pX="4.7" pY="6" skX="0" skY="0" scX="1" y="0" scY="1"/>
    </display>
    <display name="Graphic/shape 892" type="image">
     <transform x="0" pX="4.25" pY="6.1" skX="0" skY="0" scX="1" y="0" scY="1"/>
    </display>
    <display name="Graphic/shape 893" type="image">
     <transform x="0" pX="4.25" pY="5.85" skX="0" skY="0" scX="1" y="0" scY="1"/>
    </display>
    <display name="Graphic/shape 894" type="image">
     <transform x="0" pX="4.3" pY="6.1" skX="0" skY="0" scX="1" y="0" scY="1"/>
    </display>
    <display name="Graphic/shape 895" type="image">
     <transform x="0" pX="3.3" pY="5.9" skX="0" skY="0" scX="1" y="0" scY="1"/>
    </display>
    <display name="Graphic/shape 896" type="image">
     <transform x="0" pX="4.15" pY="6" skX="0" skY="0" scX="1" y="0" scY="1"/>
    </display>
    <display name="Graphic/shape 897" type="image">
     <transform x="0" pX="3.8" pY="5.95" skX="0" skY="0" scX="1" y="0" scY="1"/>
    </display>
    <display name="Graphic/shape 898" type="image">
     <transform x="0" pX="4.3" pY="6.1" skX="0" skY="0" scX="1" y="0" scY="1"/>
    </display>
    <display name="Graphic/shape 899" type="image">
     <transform x="0" pX="4.4" pY="5.95" skX="0" skY="0" scX="1" y="0" scY="1"/>
    </display>
    <display name="Graphic/shape 900" type="image">
     <transform x="0" pX="3.75" pY="6.15" skX="0" skY="0" scX="1" y="0" scY="1"/>
    </display>
    <display name="Graphic/shape 901" type="image">
     <transform x="0" pX="3.65" pY="6.25" skX="0" skY="0" scX="1" y="0" scY="1"/>
    </display>
    <display name="Graphic/shape 902" type="image">
     <transform x="0" pX="4.05" pY="5.9" skX="0" skY="0" scX="1" y="0" scY="1"/>
    </display>
    <display name="Graphic/shape 903" type="image">
     <transform x="0" pX="3.95" pY="5.8" skX="0" skY="0" scX="1" y="0" scY="1"/>
    </display>
    <display name="Graphic/shape 904" type="image">
     <transform x="0" pX="3.85" pY="6.05" skX="0" skY="0" scX="1" y="0" scY="1"/>
    </display>
    <display name="Graphic/shape 905" type="image">
     <transform x="0" pX="3.7" pY="5.9" skX="0" skY="0" scX="1" y="0" scY="1"/>
    </display>
    <display name="Graphic/shape 906" type="image">
     <transform x="0" pX="3.75" pY="6.05" skX="0" skY="0" scX="1" y="0" scY="1"/>
    </display>
    <display name="Graphic/shape 907" type="image">
     <transform x="0" pX="3.8" pY="6.05" skX="0" skY="0" scX="1" y="0" scY="1"/>
    </display>
    <display name="Graphic/shape 908" type="image">
     <transform x="0" pX="4.05" pY="6.05" skX="0" skY="0" scX="1" y="0" scY="1"/>
    </display>
    <display name="Graphic/shape 909" type="image">
     <transform x="0" pX="3.8" pY="6.3" skX="0" skY="0" scX="1" y="0" scY="1"/>
    </display>
    <display name="Graphic/shape 910" type="image">
     <transform x="0" pX="3.8" pY="6.3" skX="0" skY="0" scX="1" y="0" scY="1"/>
    </display>
    <display name="Graphic/shape 911" type="image">
     <transform x="0" pX="4.2" pY="6.4" skX="0" skY="0" scX="1" y="0" scY="1"/>
    </display>
    <display name="Graphic/shape 912" type="image">
     <transform x="0" pX="4.65" pY="0.4" skX="0" skY="0" scX="1" y="0" scY="1"/>
    </display>
    <display name="Graphic/shape 913" type="image">
     <transform x="0" pX="3.8" pY="6.05" skX="0" skY="0" scX="1" y="0" scY="1"/>
    </display>
    <display name="Graphic/shape 914" type="image">
     <transform x="0" pX="3.7" pY="6.2" skX="0" skY="0" scX="1" y="0" scY="1"/>
    </display>
    <display name="Graphic/shape 915" type="image">
     <transform x="0" pX="3.8" pY="5.8" skX="0" skY="0" scX="1" y="0" scY="1"/>
    </display>
    <display name="Graphic/shape 916" type="image">
     <transform x="0" pX="3.8" pY="6" skX="0" skY="0" scX="1" y="0" scY="1"/>
    </display>
    <display name="Graphic/shape 917" type="image">
     <transform x="0" pX="3.65" pY="5.8" skX="0" skY="0" scX="1" y="0" scY="1"/>
    </display>
    <display name="Graphic/shape 918" type="image">
     <transform x="0" pX="3.8" pY="5.85" skX="0" skY="0" scX="1" y="0" scY="1"/>
    </display>
    <display name="Graphic/shape 919" type="image">
     <transform x="0" pX="3.65" pY="5.95" skX="0" skY="0" scX="1" y="0" scY="1"/>
    </display>
    <display name="Graphic/shape 920" type="image">
     <transform x="0" pX="3.8" pY="5.85" skX="0" skY="0" scX="1" y="0" scY="1"/>
    </display>
    <display name="Graphic/shape 921" type="image">
     <transform x="0" pX="3.65" pY="0.5" skX="0" skY="0" scX="1" y="0" scY="1"/>
    </display>
    <display name="Graphic/shape 922" type="image">
     <transform x="0" pX="3.75" pY="5.75" skX="0" skY="0" scX="1" y="0" scY="1"/>
    </display>
    <display name="Graphic/shape 923" type="image">
     <transform x="0" pX="3.8" pY="1.45" skX="0" skY="0" scX="1" y="0" scY="1"/>
    </display>
    <display name="Graphic/shape 924" type="image">
     <transform x="0" pX="4.3" pY="5.7" skX="0" skY="0" scX="1" y="0" scY="1"/>
    </display>
    <display name="Graphic/shape 925" type="image">
     <transform x="0" pX="4.4" pY="6.15" skX="0" skY="0" scX="1" y="0" scY="1"/>
    </display>
    <display name="Graphic/shape 926" type="image">
     <transform x="0" pX="3.65" pY="1.95" skX="0" skY="0" scX="1" y="0" scY="1"/>
    </display>
    <display name="Graphic/shape 927" type="image">
     <transform x="0" pX="3.7" pY="0.5" skX="0" skY="0" scX="1" y="0" scY="1"/>
    </display>
    <display name="Graphic/shape 928" type="image">
     <transform x="0" pX="3.6" pY="-0.7" skX="0" skY="0" scX="1" y="0" scY="1"/>
    </display>
    <display name="Graphic/shape 929" type="image">
     <transform x="0" pX="3.8" pY="0.2" skX="0" skY="0" scX="1" y="0" scY="1"/>
    </display>
    <display name="Graphic/shape 930" type="image">
     <transform x="0" pX="3.65" pY="5.85" skX="0" skY="0" scX="1" y="0" scY="1"/>
    </display>
    <display name="Graphic/shape 931" type="image">
     <transform x="0" pX="3.8" pY="5.6" skX="0" skY="0" scX="1" y="0" scY="1"/>
    </display>
    <display name="Graphic/shape 932" type="image">
     <transform x="0" pX="4.5" pY="6" skX="0" skY="0" scX="1" y="0" scY="1"/>
    </display>
    <display name="Graphic/shape 933" type="image">
     <transform x="0" pX="3.95" pY="5.95" skX="0" skY="0" scX="1" y="0" scY="1"/>
    </display>
    <display name="Graphic/shape 934" type="image">
     <transform x="0" pX="3.65" pY="5.8" skX="0" skY="0" scX="1" y="0" scY="1"/>
    </display>
    <display name="Graphic/shape 935" type="image">
     <transform x="0" pX="3.55" pY="5.9" skX="0" skY="0" scX="1" y="0" scY="1"/>
    </display>
    <display name="Graphic/shape 936" type="image">
     <transform x="0" pX="3.7" pY="6.15" skX="0" skY="0" scX="1" y="0" scY="1"/>
    </display>
    <display name="Graphic/shape 937" type="image">
     <transform x="0" pX="3.8" pY="5.95" skX="0" skY="0" scX="1" y="0" scY="1"/>
    </display>
    <display name="Graphic/shape 938" type="image">
     <transform x="0" pX="3.85" pY="-0.55" skX="0" skY="0" scX="1" y="0" scY="1"/>
    </display>
    <display name="Graphic/shape 939" type="image">
     <transform x="0" pX="3.65" pY="5.95" skX="0" skY="0" scX="1" y="0" scY="1"/>
    </display>
    <display name="Graphic/shape 940" type="image">
     <transform x="0" pX="4.3" pY="6.05" skX="0" skY="0" scX="1" y="0" scY="1"/>
    </display>
    <display name="Graphic/shape 941" type="image">
     <transform x="0" pX="3.7" pY="5.7" skX="0" skY="0" scX="1" y="0" scY="1"/>
    </display>
    <display name="Graphic/shape 942" type="image">
     <transform x="0" pX="4.5" pY="5.95" skX="0" skY="0" scX="1" y="0" scY="1"/>
    </display>
    <display name="Graphic/shape 943" type="image">
     <transform x="0" pX="3.8" pY="5.8" skX="0" skY="0" scX="1" y="0" scY="1"/>
    </display>
    <display name="Graphic/shape 944" type="image">
     <transform x="0" pX="4.3" pY="6.1" skX="0" skY="0" scX="1" y="0" scY="1"/>
    </display>
    <display name="Graphic/shape 945" type="image">
     <transform x="0" pX="3.65" pY="5.95" skX="0" skY="0" scX="1" y="0" scY="1"/>
    </display>
    <display name="Graphic/shape 946" type="image">
     <transform x="0" pX="4.65" pY="6" skX="0" skY="0" scX="1" y="0" scY="1"/>
    </display>
    <display name="Graphic/shape 947" type="image">
     <transform x="0" pX="4.05" pY="5.65" skX="0" skY="0" scX="1" y="0" scY="1"/>
    </display>
    <display name="Graphic/shape 948" type="image">
     <transform x="0" pX="3.95" pY="6.4" skX="0" skY="0" scX="1" y="0" scY="1"/>
    </display>
    <display name="Graphic/shape 949" type="image">
     <transform x="0" pX="4.25" pY="5.9" skX="0" skY="0" scX="1" y="0" scY="1"/>
    </display>
    <display name="Graphic/shape 950" type="image">
     <transform x="0" pX="4.05" pY="5.95" skX="0" skY="0" scX="1" y="0" scY="1"/>
    </display>
    <display name="Graphic/shape 951" type="image">
     <transform x="0" pX="3.65" pY="5.9" skX="0" skY="0" scX="1" y="0" scY="1"/>
    </display>
    <display name="Graphic/shape 952" type="image">
     <transform x="0" pX="3.85" pY="2.25" skX="0" skY="0" scX="1" y="0" scY="1"/>
    </display>
    <display name="Graphic/shape 953" type="image">
     <transform x="0" pX="3.95" pY="2.15" skX="0" skY="0" scX="1" y="0" scY="1"/>
    </display>
    <display name="Graphic/shape 954" type="image">
     <transform x="0" pX="3.9" pY="5.9" skX="0" skY="0" scX="1" y="0" scY="1"/>
    </display>
    <display name="Graphic/shape 955" type="image">
     <transform x="0" pX="3.8" pY="5.8" skX="0" skY="0" scX="1" y="0" scY="1"/>
    </display>
    <display name="Graphic/shape 956" type="image">
     <transform x="0" pX="3.95" pY="0.7" skX="0" skY="0" scX="1" y="0" scY="1"/>
    </display>
    <display name="Graphic/shape 957" type="image">
     <transform x="0" pX="3.95" pY="0.35" skX="0" skY="0" scX="1" y="0" scY="1"/>
    </display>
    <display name="Graphic/shape 958" type="image">
     <transform x="0" pX="4.45" pY="6.1" skX="0" skY="0" scX="1" y="0" scY="1"/>
    </display>
    <display name="Graphic/shape 959" type="image">
     <transform x="0" pX="3.9" pY="6.2" skX="0" skY="0" scX="1" y="0" scY="1"/>
    </display>
    <display name="Graphic/shape 960" type="image">
     <transform x="0" pX="3.65" pY="6.05" skX="0" skY="0" scX="1" y="0" scY="1"/>
    </display>
    <display name="Graphic/shape 961" type="image">
     <transform x="0" pX="3.8" pY="5.65" skX="0" skY="0" scX="1" y="0" scY="1"/>
    </display>
    <display name="Graphic/shape 962" type="image">
     <transform x="0" pX="4.5" pY="6.1" skX="0" skY="0" scX="1" y="0" scY="1"/>
    </display>
    <display name="Graphic/shape 963" type="image">
     <transform x="0" pX="4.25" pY="6.1" skX="0" skY="0" scX="1" y="0" scY="1"/>
    </display>
    <display name="Graphic/shape 964" type="image">
     <transform x="0" pX="4.5" pY="5.85" skX="0" skY="0" scX="1" y="0" scY="1"/>
    </display>
    <display name="Graphic/shape 965" type="image">
     <transform x="0" pX="4.85" pY="2.55" skX="0" skY="0" scX="1" y="0" scY="1"/>
    </display>
    <display name="Graphic/shape 966" type="image">
     <transform x="0" pX="4.9" pY="2.15" skX="0" skY="0" scX="1" y="0" scY="1"/>
    </display>
    <display name="Graphic/shape 967" type="image">
     <transform x="0" pX="4.6" pY="2.3" skX="0" skY="0" scX="1" y="0" scY="1"/>
    </display>
    <display name="Graphic/shape 968" type="image">
     <transform x="0" pX="4.6" pY="1.8" skX="0" skY="0" scX="1" y="0" scY="1"/>
    </display>
   </slot>
  </skin>
  <bone name="Layer 1">
   <transform y="0" skY="0" x="0" scX="0.24" skX="0" scY="0.24"/>
  </bone>
  <animation name="p2" scale="1" loop="1" duration="298" autoTween="NaN" fadeInTime="0.3" tweenEasing="NaN">
   <timeline name="Layer 1" scale="1" pX="0" pY="0" offset="0">
    <frame z="0" duration="1">
     <transform x="0" pX="0" pY="0" skX="0" skY="0" scX="1" y="0" scY="1"/>
    </frame>
    <frame displayIndex="1" z="0" duration="2">
     <transform x="0" pX="0" pY="0" skX="0" skY="0" scX="4.166666666666667" y="0" scY="4.166666666666667"/>
    </frame>
    <frame displayIndex="2" z="0" duration="1">
     <transform x="0" pX="0" pY="0" skX="0" skY="0" scX="4.166666666666667" y="0" scY="4.166666666666667"/>
    </frame>
    <frame displayIndex="3" z="0" duration="1">
     <transform x="0" pX="0" pY="0" skX="0" skY="0" scX="4.166666666666667" y="0" scY="4.166666666666667"/>
    </frame>
    <frame displayIndex="4" z="0" duration="1">
     <transform x="0" pX="0" pY="0" skX="0" skY="0" scX="4.166666666666667" y="0" scY="4.166666666666667"/>
    </frame>
    <frame displayIndex="5" z="0" duration="1">
     <transform x="0" pX="0" pY="0" skX="0" skY="0" scX="4.166666666666667" y="0" scY="4.166666666666667"/>
    </frame>
    <frame displayIndex="6" z="0" duration="1">
     <transform x="0" pX="0" pY="0" skX="0" skY="0" scX="4.166666666666667" y="0" scY="4.166666666666667"/>
    </frame>
    <frame displayIndex="7" z="0" duration="1">
     <transform x="0" pX="0" pY="0" skX="0" skY="0" scX="4.166666666666667" y="0" scY="4.166666666666667"/>
    </frame>
    <frame displayIndex="8" z="0" duration="1">
     <transform x="0" pX="0" pY="0" skX="0" skY="0" scX="4.166666666666667" y="0" scY="4.166666666666667"/>
    </frame>
    <frame displayIndex="9" z="0" duration="1">
     <transform x="0" pX="0" pY="0" skX="0" skY="0" scX="4.166666666666667" y="0" scY="4.166666666666667"/>
    </frame>
    <frame displayIndex="10" z="0" duration="1">
     <transform x="0" pX="0" pY="0" skX="0" skY="0" scX="4.166666666666667" y="0" scY="4.166666666666667"/>
    </frame>
    <frame z="0" duration="1">
     <transform x="0" pX="0" pY="0" skX="0" skY="0" scX="1" y="0" scY="1"/>
    </frame>
    <frame displayIndex="11" z="0" duration="1">
     <transform x="0.1" pX="0" pY="0" skX="0" skY="0" scX="4.166666666666667" y="-0.05" scY="4.166666666666667"/>
    </frame>
    <frame displayIndex="12" z="0" duration="1">
     <transform x="0" pX="0" pY="0" skX="0" skY="0" scX="4.166666666666667" y="0" scY="4.166666666666667"/>
    </frame>
    <frame displayIndex="11" z="0" duration="1">
     <transform x="0" pX="0" pY="0" skX="0" skY="0" scX="4.166666666666667" y="-0.1" scY="4.166666666666667"/>
    </frame>
    <frame z="0" duration="2">
     <transform x="0" pX="0" pY="0" skX="0" skY="0" scX="1" y="0" scY="1"/>
    </frame>
    <frame displayIndex="13" z="0" duration="1">
     <transform x="0" pX="0" pY="0" skX="0" skY="0" scX="4.166666666666667" y="0" scY="4.166666666666667"/>
    </frame>
    <frame displayIndex="14" z="0" duration="1">
     <transform x="0" pX="0" pY="0" skX="0" skY="0" scX="4.166666666666667" y="0" scY="4.166666666666667"/>
    </frame>
    <frame displayIndex="15" z="0" duration="1">
     <transform x="0" pX="0" pY="0" skX="0" skY="0" scX="4.166666666666667" y="0" scY="4.166666666666667"/>
    </frame>
    <frame displayIndex="16" z="0" duration="1">
     <transform x="0" pX="0" pY="0" skX="0" skY="0" scX="4.166666666666667" y="0" scY="4.166666666666667"/>
    </frame>
    <frame displayIndex="17" z="0" duration="1">
     <transform x="0" pX="0" pY="0" skX="0" skY="0" scX="4.166666666666667" y="0" scY="4.166666666666667"/>
    </frame>
    <frame displayIndex="18" z="0" duration="1">
     <transform x="0.3" pX="0" pY="0" skX="0" skY="0" scX="4.166666666666667" y="-0.1" scY="4.166666666666667"/>
    </frame>
    <frame z="0" duration="1">
     <transform x="0" pX="0" pY="0" skX="0" skY="0" scX="1" y="0" scY="1"/>
    </frame>
    <frame displayIndex="19" z="0" duration="1">
     <transform x="0" pX="0" pY="0" skX="0" skY="0" scX="4.166666666666667" y="0" scY="4.166666666666667"/>
    </frame>
    <frame displayIndex="20" z="0" duration="1">
     <transform x="0" pX="0" pY="0" skX="0" skY="0" scX="4.166666666666667" y="0" scY="4.166666666666667"/>
    </frame>
    <frame displayIndex="21" z="0" duration="1">
     <transform x="0" pX="0" pY="0" skX="0" skY="0" scX="4.166666666666667" y="0" scY="4.166666666666667"/>
    </frame>
    <frame displayIndex="22" z="0" duration="1">
     <transform x="0" pX="0" pY="0" skX="0" skY="0" scX="4.166666666666667" y="0" scY="4.166666666666667"/>
    </frame>
    <frame displayIndex="23" z="0" duration="1">
     <transform x="0" pX="0" pY="0" skX="0" skY="0" scX="4.166666666666667" y="0" scY="4.166666666666667"/>
    </frame>
    <frame displayIndex="24" z="0" duration="1">
     <transform x="0" pX="0" pY="0" skX="0" skY="0" scX="4.166666666666667" y="0" scY="4.166666666666667"/>
    </frame>
    <frame displayIndex="11" z="0" duration="1">
     <transform x="-0.05" pX="0" pY="0" skX="0" skY="0" scX="4.166666666666667" y="0" scY="4.166666666666667"/>
    </frame>
    <frame z="0" duration="2">
     <transform x="0" pX="0" pY="0" skX="0" skY="0" scX="1" y="0" scY="1"/>
    </frame>
    <frame displayIndex="25" z="0" duration="1">
     <transform x="0" pX="0" pY="0" skX="0" skY="0" scX="4.166666666666667" y="0" scY="4.166666666666667"/>
    </frame>
    <frame z="0" duration="1">
     <transform x="0" pX="0" pY="0" skX="0" skY="0" scX="1" y="0" scY="1"/>
    </frame>
    <frame displayIndex="26" z="0" duration="1">
     <transform x="0" pX="0" pY="0" skX="0" skY="0" scX="4.166666666666667" y="0" scY="4.166666666666667"/>
    </frame>
    <frame displayIndex="27" z="0" duration="1">
     <transform x="0" pX="0" pY="0" skX="0" skY="0" scX="4.166666666666667" y="0" scY="4.166666666666667"/>
    </frame>
    <frame displayIndex="28" z="0" duration="1">
     <transform x="0" pX="0" pY="0" skX="0" skY="0" scX="4.166666666666667" y="0" scY="4.166666666666667"/>
    </frame>
    <frame displayIndex="29" z="0" duration="1">
     <transform x="0" pX="0" pY="0" skX="0" skY="0" scX="4.166666666666667" y="0" scY="4.166666666666667"/>
    </frame>
    <frame displayIndex="30" z="0" duration="1">
     <transform x="0" pX="0" pY="0" skX="0" skY="0" scX="4.166666666666667" y="0" scY="4.166666666666667"/>
    </frame>
    <frame displayIndex="31" z="0" duration="1">
     <transform x="0" pX="0" pY="0" skX="0" skY="0" scX="4.166666666666667" y="0" scY="4.166666666666667"/>
    </frame>
    <frame displayIndex="32" z="0" duration="1">
     <transform x="0" pX="0" pY="0" skX="0" skY="0" scX="4.166666666666667" y="0" scY="4.166666666666667"/>
    </frame>
    <frame displayIndex="11" z="0" duration="1">
     <transform x="0" pX="0" pY="0" skX="0" skY="0" scX="4.166666666666667" y="0" scY="4.166666666666667"/>
    </frame>
    <frame z="0" displayIndex="33" duration="1" tweenEasing="0">
     <transform x="-0.2" pX="0" pY="0" skX="0" skY="0" scX="4.166666666666667" y="-0.15" scY="4.166666666666667"/>
    </frame>
    <frame displayIndex="33" z="0" duration="1">
     <transform x="-0.05" pX="0" pY="0" skX="0" skY="0" scX="4.166666666666667" y="0.15" scY="4.166666666666667"/>
    </frame>
    <frame displayIndex="34" z="0" duration="1">
     <transform x="0" pX="0" pY="0" skX="0" skY="0" scX="4.166666666666667" y="0" scY="4.166666666666667"/>
    </frame>
    <frame displayIndex="18" z="0" duration="1">
     <transform x="0.1" pX="0" pY="0" skX="0" skY="0" scX="4.166666666666667" y="0.15" scY="4.166666666666667"/>
    </frame>
    <frame displayIndex="35" z="0" duration="1">
     <transform x="0" pX="0" pY="0" skX="0" skY="0" scX="4.166666666666667" y="0" scY="4.166666666666667"/>
    </frame>
    <frame z="0" duration="1">
     <transform x="0" pX="0" pY="0" skX="0" skY="0" scX="1" y="0" scY="1"/>
    </frame>
    <frame displayIndex="36" z="0" duration="1">
     <transform x="0" pX="0" pY="0" skX="0" skY="0" scX="4.166666666666667" y="0" scY="4.166666666666667"/>
    </frame>
    <frame displayIndex="37" z="0" duration="1">
     <transform x="0" pX="0" pY="0" skX="0" skY="0" scX="4.166666666666667" y="0" scY="4.166666666666667"/>
    </frame>
    <frame displayIndex="38" z="0" duration="1">
     <transform x="0" pX="0" pY="0" skX="0" skY="0" scX="4.166666666666667" y="0" scY="4.166666666666667"/>
    </frame>
    <frame displayIndex="39" z="0" duration="1">
     <transform x="0" pX="0" pY="0" skX="0" skY="0" scX="4.166666666666667" y="0" scY="4.166666666666667"/>
    </frame>
    <frame displayIndex="40" z="0" duration="1">
     <transform x="0" pX="0" pY="0" skX="0" skY="0" scX="4.166666666666667" y="0" scY="4.166666666666667"/>
    </frame>
    <frame displayIndex="41" z="0" duration="1">
     <transform x="0" pX="0" pY="0" skX="0" skY="0" scX="4.166666666666667" y="0" scY="4.166666666666667"/>
    </frame>
    <frame displayIndex="42" z="0" duration="1">
     <transform x="0" pX="0" pY="0" skX="0" skY="0" scX="4.166666666666667" y="0" scY="4.166666666666667"/>
    </frame>
    <frame displayIndex="43" z="0" duration="1">
     <transform x="0" pX="0" pY="0" skX="0" skY="0" scX="4.166666666666667" y="0" scY="4.166666666666667"/>
    </frame>
    <frame displayIndex="44" z="0" duration="1">
     <transform x="0" pX="0" pY="0" skX="0" skY="0" scX="4.166666666666667" y="0" scY="4.166666666666667"/>
    </frame>
    <frame displayIndex="45" z="0" duration="1">
     <transform x="0" pX="0" pY="0" skX="0" skY="0" scX="4.166666666666667" y="0" scY="4.166666666666667"/>
    </frame>
    <frame displayIndex="46" z="0" duration="1">
     <transform x="0" pX="0" pY="0" skX="0" skY="0" scX="4.166666666666667" y="0" scY="4.166666666666667"/>
    </frame>
    <frame displayIndex="33" z="0" duration="1">
     <transform x="0" pX="0" pY="0" skX="0" skY="0" scX="4.166666666666667" y="0" scY="4.166666666666667"/>
    </frame>
    <frame displayIndex="47" z="0" duration="1">
     <transform x="0" pX="0" pY="0" skX="0" skY="0" scX="4.166666666666667" y="0" scY="4.166666666666667"/>
    </frame>
    <frame displayIndex="48" z="0" duration="1">
     <transform x="0" pX="0" pY="0" skX="0" skY="0" scX="4.166666666666667" y="0" scY="4.166666666666667"/>
    </frame>
    <frame displayIndex="19" z="0" duration="1">
     <transform x="-0.2" pX="0" pY="0" skX="0" skY="0" scX="4.166666666666667" y="-0.15" scY="4.166666666666667"/>
    </frame>
    <frame displayIndex="49" z="0" duration="1">
     <transform x="0" pX="0" pY="0" skX="0" skY="0" scX="4.166666666666667" y="0" scY="4.166666666666667"/>
    </frame>
    <frame z="0" duration="1">
     <transform x="0" pX="0" pY="0" skX="0" skY="0" scX="1" y="0" scY="1"/>
    </frame>
    <frame displayIndex="50" z="0" duration="1">
     <transform x="0" pX="0" pY="0" skX="0" skY="0" scX="4.166666666666667" y="0" scY="4.166666666666667"/>
    </frame>
    <frame displayIndex="51" z="0" duration="1">
     <transform x="0" pX="0" pY="0" skX="0" skY="0" scX="4.166666666666667" y="0" scY="4.166666666666667"/>
    </frame>
    <frame displayIndex="52" z="0" duration="1">
     <transform x="0" pX="0" pY="0" skX="0" skY="0" scX="4.166666666666667" y="0" scY="4.166666666666667"/>
    </frame>
    <frame displayIndex="53" z="0" duration="1">
     <transform x="0" pX="0" pY="0" skX="0" skY="0" scX="4.166666666666667" y="0" scY="4.166666666666667"/>
    </frame>
    <frame displayIndex="54" z="0" duration="1">
     <transform x="0" pX="0" pY="0" skX="0" skY="0" scX="4.166666666666667" y="0" scY="4.166666666666667"/>
    </frame>
    <frame displayIndex="55" z="0" duration="1">
     <transform x="0" pX="0" pY="0" skX="0" skY="0" scX="4.166666666666667" y="0" scY="4.166666666666667"/>
    </frame>
    <frame displayIndex="56" z="0" duration="1">
     <transform x="0" pX="0" pY="0" skX="0" skY="0" scX="4.166666666666667" y="0" scY="4.166666666666667"/>
    </frame>
    <frame displayIndex="57" z="0" duration="1">
     <transform x="0" pX="0" pY="0" skX="0" skY="0" scX="4.166666666666667" y="0" scY="4.166666666666667"/>
    </frame>
    <frame displayIndex="58" z="0" duration="1">
     <transform x="0" pX="0" pY="0" skX="0" skY="0" scX="4.166666666666667" y="0" scY="4.166666666666667"/>
    </frame>
    <frame displayIndex="59" z="0" duration="1">
     <transform x="0" pX="0" pY="0" skX="0" skY="0" scX="4.166666666666667" y="0" scY="4.166666666666667"/>
    </frame>
    <frame displayIndex="60" z="0" duration="1">
     <transform x="0" pX="0" pY="0" skX="0" skY="0" scX="4.166666666666667" y="0" scY="4.166666666666667"/>
    </frame>
    <frame displayIndex="61" z="0" duration="1">
     <transform x="0" pX="0" pY="0" skX="0" skY="0" scX="4.166666666666667" y="0" scY="4.166666666666667"/>
    </frame>
    <frame displayIndex="19" z="0" duration="1">
     <transform x="0" pX="0" pY="0" skX="0" skY="0" scX="4.166666666666667" y="-0.3" scY="4.166666666666667"/>
    </frame>
    <frame displayIndex="62" z="0" duration="1">
     <transform x="0" pX="0" pY="0" skX="0" skY="0" scX="4.166666666666667" y="0" scY="4.166666666666667"/>
    </frame>
    <frame displayIndex="63" z="0" duration="1">
     <transform x="0" pX="0" pY="0" skX="0" skY="0" scX="4.166666666666667" y="0" scY="4.166666666666667"/>
    </frame>
    <frame displayIndex="64" z="0" duration="1">
     <transform x="0" pX="0" pY="0" skX="0" skY="0" scX="4.166666666666667" y="0" scY="4.166666666666667"/>
    </frame>
    <frame displayIndex="65" z="0" duration="1">
     <transform x="0" pX="0" pY="0" skX="0" skY="0" scX="4.166666666666667" y="0" scY="4.166666666666667"/>
    </frame>
    <frame displayIndex="66" z="0" duration="1">
     <transform x="0" pX="0" pY="0" skX="0" skY="0" scX="4.166666666666667" y="0" scY="4.166666666666667"/>
    </frame>
    <frame displayIndex="67" z="0" duration="1">
     <transform x="0" pX="0" pY="0" skX="0" skY="0" scX="4.166666666666667" y="0" scY="4.166666666666667"/>
    </frame>
    <frame displayIndex="68" z="0" duration="1">
     <transform x="0" pX="0" pY="0" skX="0" skY="0" scX="4.166666666666667" y="0" scY="4.166666666666667"/>
    </frame>
    <frame displayIndex="69" z="0" duration="1">
     <transform x="0.1" pX="0" pY="0" skX="0" skY="0" scX="4.166666666666667" y="-0.1" scY="4.166666666666667"/>
    </frame>
    <frame displayIndex="70" z="0" duration="1">
     <transform x="0" pX="0" pY="0" skX="0" skY="0" scX="4.166666666666667" y="0" scY="4.166666666666667"/>
    </frame>
    <frame displayIndex="71" z="0" duration="1">
     <transform x="0" pX="0" pY="0" skX="0" skY="0" scX="4.166666666666667" y="0" scY="4.166666666666667"/>
    </frame>
    <frame displayIndex="72" z="0" duration="1">
     <transform x="0" pX="0" pY="0" skX="0" skY="0" scX="4.166666666666667" y="0" scY="4.166666666666667"/>
    </frame>
    <frame displayIndex="73" z="0" duration="1">
     <transform x="0" pX="0" pY="0" skX="0" skY="0" scX="4.166666666666667" y="0" scY="4.166666666666667"/>
    </frame>
    <frame displayIndex="74" z="0" duration="1">
     <transform x="0" pX="0" pY="0" skX="0" skY="0" scX="4.166666666666667" y="0" scY="4.166666666666667"/>
    </frame>
    <frame displayIndex="75" z="0" duration="1">
     <transform x="0" pX="0" pY="0" skX="0" skY="0" scX="4.166666666666667" y="0" scY="4.166666666666667"/>
    </frame>
    <frame displayIndex="76" z="0" duration="1">
     <transform x="0" pX="0" pY="0" skX="0" skY="0" scX="4.166666666666667" y="0" scY="4.166666666666667"/>
    </frame>
    <frame displayIndex="77" z="0" duration="1">
     <transform x="0" pX="0" pY="0" skX="0" skY="0" scX="4.166666666666667" y="0" scY="4.166666666666667"/>
    </frame>
    <frame displayIndex="78" z="0" duration="1">
     <transform x="0" pX="0" pY="0" skX="0" skY="0" scX="4.166666666666667" y="0" scY="4.166666666666667"/>
    </frame>
    <frame displayIndex="79" z="0" duration="1">
     <transform x="0" pX="0" pY="0" skX="0" skY="0" scX="4.166666666666667" y="0" scY="4.166666666666667"/>
    </frame>
    <frame displayIndex="80" z="0" duration="1">
     <transform x="0" pX="0" pY="0" skX="0" skY="0" scX="4.166666666666667" y="0" scY="4.166666666666667"/>
    </frame>
    <frame displayIndex="81" z="0" duration="1">
     <transform x="0" pX="0" pY="0" skX="0" skY="0" scX="4.166666666666667" y="0" scY="4.166666666666667"/>
    </frame>
    <frame displayIndex="82" z="0" duration="1">
     <transform x="0" pX="0" pY="0" skX="0" skY="0" scX="4.166666666666667" y="0" scY="4.166666666666667"/>
    </frame>
    <frame displayIndex="83" z="0" duration="1">
     <transform x="0" pX="0" pY="0" skX="0" skY="0" scX="4.166666666666667" y="0" scY="4.166666666666667"/>
    </frame>
    <frame displayIndex="84" z="0" duration="1">
     <transform x="0" pX="0" pY="0" skX="0" skY="0" scX="4.166666666666667" y="0" scY="4.166666666666667"/>
    </frame>
    <frame displayIndex="85" z="0" duration="1">
     <transform x="0" pX="0" pY="0" skX="0" skY="0" scX="4.166666666666667" y="0" scY="4.166666666666667"/>
    </frame>
    <frame displayIndex="86" z="0" duration="1">
     <transform x="0" pX="0" pY="0" skX="0" skY="0" scX="4.166666666666667" y="0" scY="4.166666666666667"/>
    </frame>
    <frame displayIndex="87" z="0" duration="1">
     <transform x="0" pX="0" pY="0" skX="0" skY="0" scX="4.166666666666667" y="0" scY="4.166666666666667"/>
    </frame>
    <frame displayIndex="88" z="0" duration="1">
     <transform x="0" pX="0" pY="0" skX="0" skY="0" scX="4.166666666666667" y="0" scY="4.166666666666667"/>
    </frame>
    <frame displayIndex="89" z="0" duration="1">
     <transform x="0" pX="0" pY="0" skX="0" skY="0" scX="4.166666666666667" y="0" scY="4.166666666666667"/>
    </frame>
    <frame displayIndex="90" z="0" duration="1">
     <transform x="0" pX="0" pY="0" skX="0" skY="0" scX="4.166666666666667" y="0" scY="4.166666666666667"/>
    </frame>
    <frame displayIndex="91" z="0" duration="1">
     <transform x="0" pX="0" pY="0" skX="0" skY="0" scX="4.166666666666667" y="0" scY="4.166666666666667"/>
    </frame>
    <frame displayIndex="92" z="0" duration="1">
     <transform x="0" pX="0" pY="0" skX="0" skY="0" scX="4.166666666666667" y="0" scY="4.166666666666667"/>
    </frame>
    <frame displayIndex="93" z="0" duration="1">
     <transform x="0" pX="0" pY="0" skX="0" skY="0" scX="4.166666666666667" y="0" scY="4.166666666666667"/>
    </frame>
    <frame displayIndex="94" z="0" duration="1">
     <transform x="0" pX="0" pY="0" skX="0" skY="0" scX="4.166666666666667" y="0" scY="4.166666666666667"/>
    </frame>
    <frame displayIndex="95" z="0" duration="1">
     <transform x="0" pX="0" pY="0" skX="0" skY="0" scX="4.166666666666667" y="0" scY="4.166666666666667"/>
    </frame>
    <frame displayIndex="96" z="0" duration="1">
     <transform x="0" pX="0" pY="0" skX="0" skY="0" scX="4.166666666666667" y="0" scY="4.166666666666667"/>
    </frame>
    <frame displayIndex="97" z="0" duration="1">
     <transform x="0" pX="0" pY="0" skX="0" skY="0" scX="4.166666666666667" y="0" scY="4.166666666666667"/>
    </frame>
    <frame displayIndex="98" z="0" duration="1">
     <transform x="0" pX="0" pY="0" skX="0" skY="0" scX="4.166666666666667" y="0" scY="4.166666666666667"/>
    </frame>
    <frame displayIndex="99" z="0" duration="1">
     <transform x="0" pX="0" pY="0" skX="0" skY="0" scX="4.166666666666667" y="0" scY="4.166666666666667"/>
    </frame>
    <frame displayIndex="100" z="0" duration="1">
     <transform x="0" pX="0" pY="0" skX="0" skY="0" scX="4.166666666666667" y="0" scY="4.166666666666667"/>
    </frame>
    <frame displayIndex="101" z="0" duration="1">
     <transform x="0" pX="0" pY="0" skX="0" skY="0" scX="4.166666666666667" y="0" scY="4.166666666666667"/>
    </frame>
    <frame displayIndex="102" z="0" duration="1">
     <transform x="-0.1" pX="0" pY="0" skX="0" skY="0" scX="4.166666666666667" y="0.25" scY="4.166666666666667"/>
    </frame>
    <frame displayIndex="103" z="0" duration="1">
     <transform x="0" pX="0" pY="0" skX="0" skY="0" scX="4.166666666666667" y="0" scY="4.166666666666667"/>
    </frame>
    <frame displayIndex="104" z="0" duration="1">
     <transform x="0" pX="0" pY="0" skX="0" skY="0" scX="4.166666666666667" y="0" scY="4.166666666666667"/>
    </frame>
    <frame displayIndex="105" z="0" duration="1">
     <transform x="0" pX="0" pY="0" skX="0" skY="0" scX="4.166666666666667" y="0" scY="4.166666666666667"/>
    </frame>
    <frame displayIndex="106" z="0" duration="1">
     <transform x="0" pX="0" pY="0" skX="0" skY="0" scX="4.166666666666667" y="0" scY="4.166666666666667"/>
    </frame>
    <frame displayIndex="107" z="0" duration="1">
     <transform x="0" pX="0" pY="0" skX="0" skY="0" scX="4.166666666666667" y="0" scY="4.166666666666667"/>
    </frame>
    <frame displayIndex="108" z="0" duration="1">
     <transform x="0" pX="0" pY="0" skX="0" skY="0" scX="4.166666666666667" y="0" scY="4.166666666666667"/>
    </frame>
    <frame displayIndex="109" z="0" duration="1">
     <transform x="0" pX="0" pY="0" skX="0" skY="0" scX="4.166666666666667" y="0" scY="4.166666666666667"/>
    </frame>
    <frame displayIndex="110" z="0" duration="1">
     <transform x="0" pX="0" pY="0" skX="0" skY="0" scX="4.166666666666667" y="0" scY="4.166666666666667"/>
    </frame>
    <frame displayIndex="111" z="0" duration="1">
     <transform x="0" pX="0" pY="0" skX="0" skY="0" scX="4.166666666666667" y="0" scY="4.166666666666667"/>
    </frame>
    <frame displayIndex="112" z="0" duration="1">
     <transform x="0" pX="0" pY="0" skX="0" skY="0" scX="4.166666666666667" y="0" scY="4.166666666666667"/>
    </frame>
    <frame displayIndex="113" z="0" duration="1">
     <transform x="0" pX="0" pY="0" skX="0" skY="0" scX="4.166666666666667" y="0" scY="4.166666666666667"/>
    </frame>
    <frame displayIndex="114" z="0" duration="1">
     <transform x="0" pX="0" pY="0" skX="0" skY="0" scX="4.166666666666667" y="0" scY="4.166666666666667"/>
    </frame>
    <frame displayIndex="102" z="0" duration="1">
     <transform x="0" pX="0" pY="0" skX="0" skY="0" scX="4.166666666666667" y="0" scY="4.166666666666667"/>
    </frame>
    <frame displayIndex="115" z="0" duration="1">
     <transform x="0" pX="0" pY="0" skX="0" skY="0" scX="4.166666666666667" y="0" scY="4.166666666666667"/>
    </frame>
    <frame displayIndex="116" z="0" duration="1">
     <transform x="0" pX="0" pY="0" skX="0" skY="0" scX="4.166666666666667" y="0" scY="4.166666666666667"/>
    </frame>
    <frame displayIndex="117" z="0" duration="1">
     <transform x="0" pX="0" pY="0" skX="0" skY="0" scX="4.166666666666667" y="0" scY="4.166666666666667"/>
    </frame>
    <frame z="0" duration="4">
     <transform x="0" pX="0" pY="0" skX="0" skY="0" scX="1" y="0" scY="1"/>
    </frame>
    <frame displayIndex="118" z="0" duration="1">
     <transform x="0" pX="0" pY="0" skX="0" skY="0" scX="4.166666666666667" y="0" scY="4.166666666666667"/>
    </frame>
    <frame displayIndex="119" z="0" duration="1">
     <transform x="0" pX="0" pY="0" skX="0" skY="0" scX="4.166666666666667" y="0" scY="4.166666666666667"/>
    </frame>
    <frame displayIndex="120" z="0" duration="1">
     <transform x="0" pX="0" pY="0" skX="0" skY="0" scX="4.166666666666667" y="0" scY="4.166666666666667"/>
    </frame>
    <frame displayIndex="121" z="0" duration="1">
     <transform x="0" pX="0" pY="0" skX="0" skY="0" scX="4.166666666666667" y="0" scY="4.166666666666667"/>
    </frame>
    <frame displayIndex="122" z="0" duration="1">
     <transform x="0" pX="0" pY="0" skX="0" skY="0" scX="4.166666666666667" y="0" scY="4.166666666666667"/>
    </frame>
    <frame displayIndex="123" z="0" duration="1">
     <transform x="0" pX="0" pY="0" skX="0" skY="0" scX="4.166666666666667" y="0" scY="4.166666666666667"/>
    </frame>
    <frame displayIndex="124" z="0" duration="1">
     <transform x="0" pX="0" pY="0" skX="0" skY="0" scX="4.166666666666667" y="0" scY="4.166666666666667"/>
    </frame>
    <frame displayIndex="125" z="0" duration="1">
     <transform x="0" pX="0" pY="0" skX="0" skY="0" scX="4.166666666666667" y="0" scY="4.166666666666667"/>
    </frame>
    <frame displayIndex="126" z="0" duration="1">
     <transform x="0" pX="0" pY="0" skX="0" skY="0" scX="4.166666666666667" y="0" scY="4.166666666666667"/>
    </frame>
    <frame displayIndex="127" z="0" duration="1">
     <transform x="0" pX="0" pY="0" skX="0" skY="0" scX="4.166666666666667" y="0" scY="4.166666666666667"/>
    </frame>
    <frame displayIndex="128" z="0" duration="1">
     <transform x="0" pX="0" pY="0" skX="0" skY="0" scX="4.166666666666667" y="0" scY="4.166666666666667"/>
    </frame>
    <frame displayIndex="129" z="0" duration="1">
     <transform x="0" pX="0" pY="0" skX="0" skY="0" scX="4.166666666666667" y="0" scY="4.166666666666667"/>
    </frame>
    <frame displayIndex="130" z="0" duration="1">
     <transform x="0" pX="0" pY="0" skX="0" skY="0" scX="4.166666666666667" y="0" scY="4.166666666666667"/>
    </frame>
    <frame displayIndex="131" z="0" duration="1">
     <transform x="0" pX="0" pY="0" skX="0" skY="0" scX="4.166666666666667" y="0" scY="4.166666666666667"/>
    </frame>
    <frame displayIndex="132" z="0" duration="1">
     <transform x="0" pX="0" pY="0" skX="0" skY="0" scX="4.166666666666667" y="0" scY="4.166666666666667"/>
    </frame>
    <frame displayIndex="133" z="0" duration="1">
     <transform x="0" pX="0" pY="0" skX="0" skY="0" scX="4.166666666666667" y="0" scY="4.166666666666667"/>
    </frame>
    <frame displayIndex="134" z="0" duration="1">
     <transform x="0" pX="0" pY="0" skX="0" skY="0" scX="4.166666666666667" y="0" scY="4.166666666666667"/>
    </frame>
    <frame displayIndex="135" z="0" duration="1">
     <transform x="0" pX="0" pY="0" skX="0" skY="0" scX="4.166666666666667" y="0" scY="4.166666666666667"/>
    </frame>
    <frame displayIndex="136" z="0" duration="1">
     <transform x="0" pX="0" pY="0" skX="0" skY="0" scX="4.166666666666667" y="0" scY="4.166666666666667"/>
    </frame>
    <frame displayIndex="137" z="0" duration="1">
     <transform x="0" pX="0" pY="0" skX="0" skY="0" scX="4.166666666666667" y="0" scY="4.166666666666667"/>
    </frame>
    <frame displayIndex="138" z="0" duration="1">
     <transform x="0" pX="0" pY="0" skX="0" skY="0" scX="4.166666666666667" y="0" scY="4.166666666666667"/>
    </frame>
    <frame displayIndex="139" z="0" duration="1">
     <transform x="0" pX="0" pY="0" skX="0" skY="0" scX="4.166666666666667" y="0" scY="4.166666666666667"/>
    </frame>
    <frame z="0" duration="2">
     <transform x="0" pX="0" pY="0" skX="0" skY="0" scX="1" y="0" scY="1"/>
    </frame>
    <frame displayIndex="140" z="0" duration="1">
     <transform x="0" pX="0" pY="0" skX="0" skY="0" scX="4.166666666666667" y="0" scY="4.166666666666667"/>
    </frame>
    <frame displayIndex="141" z="0" duration="1">
     <transform x="0" pX="0" pY="0" skX="0" skY="0" scX="4.166666666666667" y="0" scY="4.166666666666667"/>
    </frame>
    <frame displayIndex="142" z="0" duration="1">
     <transform x="0" pX="0" pY="0" skX="0" skY="0" scX="4.166666666666667" y="0" scY="4.166666666666667"/>
    </frame>
    <frame displayIndex="143" z="0" duration="1">
     <transform x="0" pX="0" pY="0" skX="0" skY="0" scX="4.166666666666667" y="0" scY="4.166666666666667"/>
    </frame>
    <frame displayIndex="144" z="0" duration="1">
     <transform x="0" pX="0" pY="0" skX="0" skY="0" scX="4.166666666666667" y="0" scY="4.166666666666667"/>
    </frame>
    <frame displayIndex="145" z="0" duration="1">
     <transform x="0" pX="0" pY="0" skX="0" skY="0" scX="4.166666666666667" y="0" scY="4.166666666666667"/>
    </frame>
    <frame displayIndex="146" z="0" duration="1">
     <transform x="0" pX="0" pY="0" skX="0" skY="0" scX="4.166666666666667" y="0" scY="4.166666666666667"/>
    </frame>
    <frame displayIndex="147" z="0" duration="1">
     <transform x="0" pX="0" pY="0" skX="0" skY="0" scX="4.166666666666667" y="0" scY="4.166666666666667"/>
    </frame>
    <frame displayIndex="148" z="0" duration="1">
     <transform x="0" pX="0" pY="0" skX="0" skY="0" scX="4.166666666666667" y="0" scY="4.166666666666667"/>
    </frame>
    <frame displayIndex="149" z="0" duration="1">
     <transform x="0" pX="0" pY="0" skX="0" skY="0" scX="4.166666666666667" y="0" scY="4.166666666666667"/>
    </frame>
    <frame displayIndex="150" z="0" duration="1">
     <transform x="0" pX="0" pY="0" skX="0" skY="0" scX="4.166666666666667" y="0" scY="4.166666666666667"/>
    </frame>
    <frame z="0" displayIndex="151" duration="1" tweenEasing="0">
     <transform x="-0.05" pX="0" pY="0" skX="0" skY="0" scX="4.166666666666667" y="-0.05" scY="4.166666666666667"/>
    </frame>
    <frame displayIndex="151" z="0" duration="1">
     <transform x="0" pX="0" pY="0" skX="0" skY="0" scX="4.166666666666667" y="0" scY="4.166666666666667"/>
    </frame>
    <frame displayIndex="152" z="0" duration="1">
     <transform x="0" pX="0" pY="0" skX="0" skY="0" scX="4.166666666666667" y="0" scY="4.166666666666667"/>
    </frame>
    <frame displayIndex="153" z="0" duration="1">
     <transform x="0" pX="0" pY="0" skX="0" skY="0" scX="4.166666666666667" y="0" scY="4.166666666666667"/>
    </frame>
    <frame displayIndex="154" z="0" duration="1">
     <transform x="0" pX="0" pY="0" skX="0" skY="0" scX="4.166666666666667" y="0" scY="4.166666666666667"/>
    </frame>
    <frame displayIndex="155" z="0" duration="1">
     <transform x="0" pX="0" pY="0" skX="0" skY="0" scX="4.166666666666667" y="0" scY="4.166666666666667"/>
    </frame>
    <frame displayIndex="156" z="0" duration="1">
     <transform x="0" pX="0" pY="0" skX="0" skY="0" scX="4.166666666666667" y="0" scY="4.166666666666667"/>
    </frame>
    <frame displayIndex="157" z="0" duration="1">
     <transform x="0" pX="0" pY="0" skX="0" skY="0" scX="4.166666666666667" y="0" scY="4.166666666666667"/>
    </frame>
    <frame displayIndex="158" z="0" duration="1">
     <transform x="0" pX="0" pY="0" skX="0" skY="0" scX="4.166666666666667" y="0" scY="4.166666666666667"/>
    </frame>
    <frame displayIndex="18" z="0" duration="1">
     <transform x="0" pX="0" pY="0" skX="0" skY="0" scX="4.166666666666667" y="0" scY="4.166666666666667"/>
    </frame>
    <frame displayIndex="159" z="0" duration="1">
     <transform x="0" pX="0" pY="0" skX="0" skY="0" scX="4.166666666666667" y="0" scY="4.166666666666667"/>
    </frame>
    <frame displayIndex="160" z="0" duration="1">
     <transform x="0" pX="0" pY="0" skX="0" skY="0" scX="4.166666666666667" y="0" scY="4.166666666666667"/>
    </frame>
    <frame displayIndex="161" z="0" duration="1">
     <transform x="0" pX="0" pY="0" skX="0" skY="0" scX="4.166666666666667" y="0" scY="4.166666666666667"/>
    </frame>
    <frame displayIndex="162" z="0" duration="1">
     <transform x="0" pX="0" pY="0" skX="0" skY="0" scX="4.166666666666667" y="0" scY="4.166666666666667"/>
    </frame>
    <frame displayIndex="163" z="0" duration="1">
     <transform x="0" pX="0" pY="0" skX="0" skY="0" scX="4.166666666666667" y="0" scY="4.166666666666667"/>
    </frame>
    <frame displayIndex="164" z="0" duration="1">
     <transform x="0" pX="0" pY="0" skX="0" skY="0" scX="4.166666666666667" y="0" scY="4.166666666666667"/>
    </frame>
    <frame displayIndex="165" z="0" duration="1">
     <transform x="0" pX="0" pY="0" skX="0" skY="0" scX="4.166666666666667" y="0" scY="4.166666666666667"/>
    </frame>
    <frame displayIndex="166" z="0" duration="1">
     <transform x="0" pX="0" pY="0" skX="0" skY="0" scX="4.166666666666667" y="0" scY="4.166666666666667"/>
    </frame>
    <frame displayIndex="167" z="0" duration="1">
     <transform x="0" pX="0" pY="0" skX="0" skY="0" scX="4.166666666666667" y="0" scY="4.166666666666667"/>
    </frame>
    <frame displayIndex="168" z="0" duration="1">
     <transform x="0" pX="0" pY="0" skX="0" skY="0" scX="4.166666666666667" y="0" scY="4.166666666666667"/>
    </frame>
    <frame displayIndex="169" z="0" duration="1">
     <transform x="0" pX="0" pY="0" skX="0" skY="0" scX="4.166666666666667" y="0" scY="4.166666666666667"/>
    </frame>
    <frame displayIndex="170" z="0" duration="1">
     <transform x="0" pX="0" pY="0" skX="0" skY="0" scX="4.166666666666667" y="0" scY="4.166666666666667"/>
    </frame>
    <frame displayIndex="171" z="0" duration="1">
     <transform x="0" pX="0" pY="0" skX="0" skY="0" scX="4.166666666666667" y="0" scY="4.166666666666667"/>
    </frame>
    <frame displayIndex="172" z="0" duration="1">
     <transform x="0" pX="0" pY="0" skX="0" skY="0" scX="4.166666666666667" y="0" scY="4.166666666666667"/>
    </frame>
    <frame displayIndex="173" z="0" duration="1">
     <transform x="0" pX="0" pY="0" skX="0" skY="0" scX="4.166666666666667" y="0" scY="4.166666666666667"/>
    </frame>
    <frame displayIndex="174" z="0" duration="1">
     <transform x="0" pX="0" pY="0" skX="0" skY="0" scX="4.166666666666667" y="0" scY="4.166666666666667"/>
    </frame>
    <frame z="0" duration="1">
     <transform x="0" pX="0" pY="0" skX="0" skY="0" scX="1" y="0" scY="1"/>
    </frame>
    <frame displayIndex="175" z="0" duration="1">
     <transform x="0" pX="0" pY="0" skX="0" skY="0" scX="4.166666666666667" y="0" scY="4.166666666666667"/>
    </frame>
    <frame displayIndex="69" z="0" duration="1">
     <transform x="0" pX="0" pY="0" skX="0" skY="0" scX="4.166666666666667" y="0" scY="4.166666666666667"/>
    </frame>
    <frame displayIndex="176" z="0" duration="1">
     <transform x="0" pX="0" pY="0" skX="0" skY="0" scX="4.166666666666667" y="0" scY="4.166666666666667"/>
    </frame>
    <frame displayIndex="177" z="0" duration="1">
     <transform x="0" pX="0" pY="0" skX="0" skY="0" scX="4.166666666666667" y="0" scY="4.166666666666667"/>
    </frame>
    <frame displayIndex="178" z="0" duration="1">
     <transform x="0" pX="0" pY="0" skX="0" skY="0" scX="4.166666666666667" y="0" scY="4.166666666666667"/>
    </frame>
    <frame displayIndex="179" z="0" duration="1">
     <transform x="0" pX="0" pY="0" skX="0" skY="0" scX="4.166666666666667" y="0" scY="4.166666666666667"/>
    </frame>
    <frame displayIndex="180" z="0" duration="1">
     <transform x="0" pX="0" pY="0" skX="0" skY="0" scX="4.166666666666667" y="0" scY="4.166666666666667"/>
    </frame>
    <frame displayIndex="181" z="0" duration="1">
     <transform x="0" pX="0" pY="0" skX="0" skY="0" scX="4.166666666666667" y="0" scY="4.166666666666667"/>
    </frame>
    <frame displayIndex="182" z="0" duration="1">
     <transform x="0" pX="0" pY="0" skX="0" skY="0" scX="4.166666666666667" y="0" scY="4.166666666666667"/>
    </frame>
    <frame displayIndex="183" z="0" duration="1">
     <transform x="0" pX="0" pY="0" skX="0" skY="0" scX="4.166666666666667" y="0" scY="4.166666666666667"/>
    </frame>
    <frame displayIndex="184" z="0" duration="1">
     <transform x="0" pX="0" pY="0" skX="0" skY="0" scX="4.166666666666667" y="0" scY="4.166666666666667"/>
    </frame>
    <frame displayIndex="185" z="0" duration="1">
     <transform x="0" pX="0" pY="0" skX="0" skY="0" scX="4.166666666666667" y="0" scY="4.166666666666667"/>
    </frame>
    <frame displayIndex="186" z="0" duration="1">
     <transform x="0.1" pX="0" pY="0" skX="0" skY="0" scX="4.166666666666667" y="0.2" scY="4.166666666666667"/>
    </frame>
    <frame displayIndex="187" z="0" duration="1">
     <transform x="0" pX="0" pY="0" skX="0" skY="0" scX="4.166666666666667" y="0" scY="4.166666666666667"/>
    </frame>
    <frame displayIndex="188" z="0" duration="1">
     <transform x="0" pX="0" pY="0" skX="0" skY="0" scX="4.166666666666667" y="0" scY="4.166666666666667"/>
    </frame>
    <frame displayIndex="189" z="0" duration="1">
     <transform x="0" pX="0" pY="0" skX="0" skY="0" scX="4.166666666666667" y="0" scY="4.166666666666667"/>
    </frame>
    <frame displayIndex="190" z="0" duration="1">
     <transform x="0" pX="0" pY="0" skX="0" skY="0" scX="4.166666666666667" y="0" scY="4.166666666666667"/>
    </frame>
    <frame displayIndex="191" z="0" duration="1">
     <transform x="0" pX="0" pY="0" skX="0" skY="0" scX="4.166666666666667" y="0" scY="4.166666666666667"/>
    </frame>
    <frame displayIndex="192" z="0" duration="1">
     <transform x="0" pX="0" pY="0" skX="0" skY="0" scX="4.166666666666667" y="0" scY="4.166666666666667"/>
    </frame>
    <frame displayIndex="193" z="0" duration="1">
     <transform x="0" pX="0" pY="0" skX="0" skY="0" scX="4.166666666666667" y="0" scY="4.166666666666667"/>
    </frame>
    <frame displayIndex="186" z="0" duration="1">
     <transform x="0" pX="0" pY="0" skX="0" skY="0" scX="4.166666666666667" y="0" scY="4.166666666666667"/>
    </frame>
    <frame displayIndex="194" z="0" duration="1">
     <transform x="0" pX="0" pY="0" skX="0" skY="0" scX="4.166666666666667" y="0" scY="4.166666666666667"/>
    </frame>
    <frame displayIndex="195" z="0" duration="1">
     <transform x="0" pX="0" pY="0" skX="0" skY="0" scX="4.166666666666667" y="0" scY="4.166666666666667"/>
    </frame>
    <frame displayIndex="196" z="0" duration="1">
     <transform x="0" pX="0" pY="0" skX="0" skY="0" scX="4.166666666666667" y="0" scY="4.166666666666667"/>
    </frame>
    <frame displayIndex="197" z="0" duration="1">
     <transform x="0" pX="0" pY="0" skX="0" skY="0" scX="4.166666666666667" y="0" scY="4.166666666666667"/>
    </frame>
    <frame displayIndex="198" z="0" duration="1">
     <transform x="0" pX="0" pY="0" skX="0" skY="0" scX="4.166666666666667" y="0" scY="4.166666666666667"/>
    </frame>
    <frame displayIndex="199" z="0" duration="1">
     <transform x="0" pX="0" pY="0" skX="0" skY="0" scX="4.166666666666667" y="0" scY="4.166666666666667"/>
    </frame>
    <frame displayIndex="200" z="0" duration="1">
     <transform x="0" pX="0" pY="0" skX="0" skY="0" scX="4.166666666666667" y="0" scY="4.166666666666667"/>
    </frame>
    <frame displayIndex="201" z="0" duration="1">
     <transform x="0" pX="0" pY="0" skX="0" skY="0" scX="4.166666666666667" y="0" scY="4.166666666666667"/>
    </frame>
    <frame displayIndex="202" z="0" duration="1">
     <transform x="0" pX="0" pY="0" skX="0" skY="0" scX="4.166666666666667" y="0" scY="4.166666666666667"/>
    </frame>
    <frame displayIndex="203" z="0" duration="1">
     <transform x="0" pX="0" pY="0" skX="0" skY="0" scX="4.166666666666667" y="0" scY="4.166666666666667"/>
    </frame>
    <frame displayIndex="204" z="0" duration="1">
     <transform x="0" pX="0" pY="0" skX="0" skY="0" scX="4.166666666666667" y="0" scY="4.166666666666667"/>
    </frame>
    <frame displayIndex="-1" duration="1"/>
    <frame displayIndex="205" z="0" duration="1">
     <transform x="0" pX="0" pY="0" skX="0" skY="0" scX="4.166666666666667" y="0" scY="4.166666666666667"/>
    </frame>
    <frame displayIndex="206" z="0" duration="1">
     <transform x="0" pX="0" pY="0" skX="0" skY="0" scX="4.166666666666667" y="0" scY="4.166666666666667"/>
    </frame>
    <frame displayIndex="207" z="0" duration="1">
     <transform x="0" pX="0" pY="0" skX="0" skY="0" scX="4.166666666666667" y="0" scY="4.166666666666667"/>
    </frame>
    <frame displayIndex="208" z="0" duration="1">
     <transform x="0" pX="0" pY="0" skX="0" skY="0" scX="4.166666666666667" y="0" scY="4.166666666666667"/>
    </frame>
    <frame displayIndex="209" z="0" duration="1">
     <transform x="0" pX="0" pY="0" skX="0" skY="0" scX="4.166666666666667" y="0" scY="4.166666666666667"/>
    </frame>
    <frame displayIndex="210" z="0" duration="1">
     <transform x="0" pX="0" pY="0" skX="0" skY="0" scX="4.166666666666667" y="0" scY="4.166666666666667"/>
    </frame>
    <frame displayIndex="211" z="0" duration="1">
     <transform x="0" pX="0" pY="0" skX="0" skY="0" scX="4.166666666666667" y="0" scY="4.166666666666667"/>
    </frame>
    <frame displayIndex="212" z="0" duration="1">
     <transform x="0" pX="0" pY="0" skX="0" skY="0" scX="4.166666666666667" y="0" scY="4.166666666666667"/>
    </frame>
    <frame displayIndex="213" z="0" duration="1">
     <transform x="0" pX="0" pY="0" skX="0" skY="0" scX="4.166666666666667" y="0" scY="4.166666666666667"/>
    </frame>
    <frame displayIndex="214" z="0" duration="1">
     <transform x="0" pX="0" pY="0" skX="0" skY="0" scX="4.166666666666667" y="0" scY="4.166666666666667"/>
    </frame>
    <frame displayIndex="215" z="0" duration="1">
     <transform x="0" pX="0" pY="0" skX="0" skY="0" scX="4.166666666666667" y="0" scY="4.166666666666667"/>
    </frame>
    <frame displayIndex="216" z="0" duration="1">
     <transform x="0" pX="0" pY="0" skX="0" skY="0" scX="4.166666666666667" y="0" scY="4.166666666666667"/>
    </frame>
    <frame displayIndex="217" z="0" duration="1">
     <transform x="0" pX="0" pY="0" skX="0" skY="0" scX="4.166666666666667" y="0" scY="4.166666666666667"/>
    </frame>
    <frame displayIndex="218" z="0" duration="1">
     <transform x="0" pX="0" pY="0" skX="0" skY="0" scX="4.166666666666667" y="0" scY="4.166666666666667"/>
    </frame>
    <frame displayIndex="219" z="0" duration="1">
     <transform x="0" pX="0" pY="0" skX="0" skY="0" scX="4.166666666666667" y="0" scY="4.166666666666667"/>
    </frame>
    <frame displayIndex="220" z="0" duration="1">
     <transform x="0" pX="0" pY="0" skX="0" skY="0" scX="4.166666666666667" y="0" scY="4.166666666666667"/>
    </frame>
    <frame displayIndex="221" z="0" duration="1">
     <transform x="0" pX="0" pY="0" skX="0" skY="0" scX="4.166666666666667" y="0" scY="4.166666666666667"/>
    </frame>
    <frame displayIndex="222" z="0" duration="1">
     <transform x="0" pX="0" pY="0" skX="0" skY="0" scX="4.166666666666667" y="0" scY="4.166666666666667"/>
    </frame>
    <frame displayIndex="223" z="0" duration="1">
     <transform x="0" pX="0" pY="0" skX="0" skY="0" scX="4.166666666666667" y="0" scY="4.166666666666667"/>
    </frame>
    <frame displayIndex="224" z="0" duration="1">
     <transform x="0" pX="0" pY="0" skX="0" skY="0" scX="4.166666666666667" y="0" scY="4.166666666666667"/>
    </frame>
    <frame displayIndex="225" z="0" duration="1">
     <transform x="0" pX="0" pY="0" skX="0" skY="0" scX="4.166666666666667" y="0" scY="4.166666666666667"/>
    </frame>
    <frame displayIndex="226" z="0" duration="1">
     <transform x="0" pX="0" pY="0" skX="0" skY="0" scX="4.166666666666667" y="0" scY="4.166666666666667"/>
    </frame>
    <frame displayIndex="227" z="0" duration="1">
     <transform x="0" pX="0" pY="0" skX="0" skY="0" scX="4.166666666666667" y="0" scY="4.166666666666667"/>
    </frame>
    <frame displayIndex="228" z="0" duration="1">
     <transform x="0" pX="0" pY="0" skX="0" skY="0" scX="4.166666666666667" y="0" scY="4.166666666666667"/>
    </frame>
    <frame displayIndex="229" z="0" duration="1">
     <transform x="0" pX="0" pY="0" skX="0" skY="0" scX="4.166666666666667" y="0" scY="4.166666666666667"/>
    </frame>
    <frame displayIndex="230" z="0" duration="1">
     <transform x="0" pX="0" pY="0" skX="0" skY="0" scX="4.166666666666667" y="0" scY="4.166666666666667"/>
    </frame>
    <frame displayIndex="231" z="0" duration="1">
     <transform x="0" pX="0" pY="0" skX="0" skY="0" scX="4.166666666666667" y="0" scY="4.166666666666667"/>
    </frame>
    <frame displayIndex="232" z="0" duration="1">
     <transform x="0" pX="0" pY="0" skX="0" skY="0" scX="4.166666666666667" y="0" scY="4.166666666666667"/>
    </frame>
    <frame displayIndex="233" z="0" duration="1">
     <transform x="0" pX="0" pY="0" skX="0" skY="0" scX="4.166666666666667" y="0" scY="4.166666666666667"/>
    </frame>
    <frame displayIndex="234" z="0" duration="1">
     <transform x="0" pX="0" pY="0" skX="0" skY="0" scX="4.166666666666667" y="0" scY="4.166666666666667"/>
    </frame>
    <frame displayIndex="235" z="0" duration="1">
     <transform x="0" pX="0" pY="0" skX="0" skY="0" scX="4.166666666666667" y="0" scY="4.166666666666667"/>
    </frame>
    <frame displayIndex="236" z="0" duration="1">
     <transform x="0" pX="0" pY="0" skX="0" skY="0" scX="4.166666666666667" y="0" scY="4.166666666666667"/>
    </frame>
    <frame displayIndex="237" z="0" duration="1">
     <transform x="0" pX="0" pY="0" skX="0" skY="0" scX="4.166666666666667" y="0" scY="4.166666666666667"/>
    </frame>
    <frame displayIndex="238" z="0" duration="1">
     <transform x="0" pX="0" pY="0" skX="0" skY="0" scX="4.166666666666667" y="0" scY="4.166666666666667"/>
    </frame>
    <frame displayIndex="239" z="0" duration="1">
     <transform x="0" pX="0" pY="0" skX="0" skY="0" scX="4.166666666666667" y="0" scY="4.166666666666667"/>
    </frame>
    <frame displayIndex="240" z="0" duration="1">
     <transform x="0" pX="0" pY="0" skX="0" skY="0" scX="4.166666666666667" y="0" scY="4.166666666666667"/>
    </frame>
    <frame displayIndex="241" z="0" duration="1">
     <transform x="0" pX="0" pY="0" skX="0" skY="0" scX="4.166666666666667" y="0" scY="4.166666666666667"/>
    </frame>
    <frame displayIndex="242" z="0" duration="1">
     <transform x="0" pX="0" pY="0" skX="0" skY="0" scX="4.166666666666667" y="0" scY="4.166666666666667"/>
    </frame>
    <frame displayIndex="243" z="0" duration="1">
     <transform x="0" pX="0" pY="0" skX="0" skY="0" scX="4.166666666666667" y="0" scY="4.166666666666667"/>
    </frame>
    <frame displayIndex="244" z="0" duration="1">
     <transform x="0" pX="0" pY="0" skX="0" skY="0" scX="4.166666666666667" y="0" scY="4.166666666666667"/>
    </frame>
    <frame displayIndex="245" z="0" duration="1">
     <transform x="0" pX="0" pY="0" skX="0" skY="0" scX="4.166666666666667" y="0" scY="4.166666666666667"/>
    </frame>
    <frame displayIndex="246" z="0" duration="1">
     <transform x="0" pX="0" pY="0" skX="0" skY="0" scX="4.166666666666667" y="0" scY="4.166666666666667"/>
    </frame>
    <frame z="0" displayIndex="247" duration="1" tweenEasing="0">
     <transform x="0" pX="0" pY="0" skX="0" skY="0" scX="4.166666666666667" y="0.1" scY="4.166666666666667"/>
    </frame>
    <frame displayIndex="247" z="0" duration="1">
     <transform x="0" pX="0" pY="0" skX="0" skY="0" scX="4.166666666666667" y="0" scY="4.166666666666667"/>
    </frame>
    <frame displayIndex="248" z="0" duration="1">
     <transform x="0" pX="0" pY="0" skX="0" skY="0" scX="4.166666666666667" y="0" scY="4.166666666666667"/>
    </frame>
    <frame displayIndex="249" z="0" duration="1">
     <transform x="0" pX="0" pY="0" skX="0" skY="0" scX="4.166666666666667" y="0" scY="4.166666666666667"/>
    </frame>
    <frame displayIndex="250" z="0" duration="1">
     <transform x="0" pX="0" pY="0" skX="0" skY="0" scX="4.166666666666667" y="0" scY="4.166666666666667"/>
    </frame>
    <frame displayIndex="251" z="0" duration="1">
     <transform x="0" pX="0" pY="0" skX="0" skY="0" scX="4.166666666666667" y="0" scY="4.166666666666667"/>
    </frame>
    <frame displayIndex="252" z="0" duration="1">
     <transform x="0" pX="0" pY="0" skX="0" skY="0" scX="4.166666666666667" y="0" scY="4.166666666666667"/>
    </frame>
    <frame displayIndex="253" z="0" duration="1">
     <transform x="0" pX="0" pY="0" skX="0" skY="0" scX="4.166666666666667" y="0" scY="4.166666666666667"/>
    </frame>
    <frame displayIndex="254" z="0" duration="1">
     <transform x="0" pX="0" pY="0" skX="0" skY="0" scX="4.166666666666667" y="0" scY="4.166666666666667"/>
    </frame>
    <frame displayIndex="255" z="0" duration="1">
     <transform x="0" pX="0" pY="0" skX="0" skY="0" scX="4.166666666666667" y="0" scY="4.166666666666667"/>
    </frame>
    <frame displayIndex="256" z="0" duration="1">
     <transform x="0" pX="0" pY="0" skX="0" skY="0" scX="4.166666666666667" y="0" scY="4.166666666666667"/>
    </frame>
    <frame displayIndex="257" z="0" duration="1">
     <transform x="0" pX="0" pY="0" skX="0" skY="0" scX="4.166666666666667" y="0" scY="4.166666666666667"/>
    </frame>
    <frame displayIndex="258" z="0" duration="1">
     <transform x="0" pX="0" pY="0" skX="0" skY="0" scX="4.166666666666667" y="0" scY="4.166666666666667"/>
    </frame>
    <frame displayIndex="259" z="0" duration="1">
     <transform x="0" pX="0" pY="0" skX="0" skY="0" scX="4.166666666666667" y="0" scY="4.166666666666667"/>
    </frame>
    <frame displayIndex="260" z="0" duration="1">
     <transform x="0" pX="0" pY="0" skX="0" skY="0" scX="4.166666666666667" y="0" scY="4.166666666666667"/>
    </frame>
    <frame displayIndex="261" z="0" duration="1">
     <transform x="0" pX="0" pY="0" skX="0" skY="0" scX="4.166666666666667" y="0" scY="4.166666666666667"/>
    </frame>
    <frame displayIndex="262" z="0" duration="1">
     <transform x="0" pX="0" pY="0" skX="0" skY="0" scX="4.166666666666667" y="0" scY="4.166666666666667"/>
    </frame>
    <frame displayIndex="263" z="0" duration="1">
     <transform x="0" pX="0" pY="0" skX="0" skY="0" scX="4.166666666666667" y="0" scY="4.166666666666667"/>
    </frame>
    <frame displayIndex="264" z="0" duration="1">
     <transform x="0" pX="0" pY="0" skX="0" skY="0" scX="4.166666666666667" y="0" scY="4.166666666666667"/>
    </frame>
    <frame displayIndex="-1" duration="1"/>
   </timeline>
  </animation>
 </armature>
</root>