<TextureAtlas name="foot_cl" imagePath="texture.png">
 <SubTexture name="Graphic/shape 690" x="120" y="98" width="9" height="13"/>
 <SubTexture name="Graphic/shape 691" x="40" y="95" width="9" height="13"/>
 <SubTexture name="Graphic/shape 692" x="80" y="69" width="9" height="13"/>
 <SubTexture name="Graphic/shape 693" x="50" y="84" width="9" height="13"/>
 <SubTexture name="Graphic/shape 694" x="0" y="78" width="9" height="13"/>
 <SubTexture name="Graphic/shape 695" x="230" y="112" width="9" height="13"/>
 <SubTexture name="Graphic/shape 696" x="80" y="83" width="9" height="13"/>
 <SubTexture name="Graphic/shape 697" x="105" y="26" width="9" height="13"/>
 <SubTexture name="Graphic/shape 698" x="201" y="14" width="9" height="13"/>
 <SubTexture name="Graphic/shape 699" x="148" y="25" width="9" height="13"/>
 <SubTexture name="Graphic/shape 700" x="196" y="56" width="9" height="13"/>
 <SubTexture name="Graphic/shape 701" x="211" y="14" width="9" height="13"/>
 <SubTexture name="Graphic/shape 702" x="236" y="56" width="9" height="13"/>
 <SubTexture name="Graphic/shape 703" x="166" y="56" width="9" height="13"/>
 <SubTexture name="sprite 206" x="0" y="0" width="41" height="34"/>
 <SubTexture name="Graphic/shape 705" x="100" y="70" width="9" height="13"/>
 <SubTexture name="Graphic/shape 706" x="190" y="112" width="9" height="13"/>
 <SubTexture name="Graphic/shape 707" x="160" y="137" width="9" height="6"/>
 <SubTexture name="Graphic/shape 708" x="220" y="136" width="9" height="6"/>
 <SubTexture name="Graphic/shape 709" x="140" y="82" width="9" height="13"/>
 <SubTexture name="Graphic/shape 710" x="52" y="147" width="10" height="10"/>
 <SubTexture name="Graphic/shape 711" x="150" y="137" width="9" height="6"/>
 <SubTexture name="Graphic/shape 712" x="106" y="42" width="9" height="13"/>
 <SubTexture name="Graphic/shape 713" x="240" y="84" width="9" height="13"/>
 <SubTexture name="Graphic/shape 714" x="134" y="146" width="10" height="9"/>
 <SubTexture name="Graphic/shape 715" x="110" y="112" width="9" height="13"/>
 <SubTexture name="Graphic/shape 716" x="130" y="81" width="9" height="13"/>
 <SubTexture name="Graphic/shape 717" x="20" y="64" width="9" height="13"/>
 <SubTexture name="Graphic/shape 718" x="200" y="136" width="9" height="6"/>
 <SubTexture name="Graphic/shape 719" x="198" y="28" width="9" height="13"/>
 <SubTexture name="Graphic/shape 720" x="110" y="126" width="9" height="11"/>
 <SubTexture name="Graphic/shape 721" x="120" y="126" width="9" height="11"/>
 <SubTexture name="Graphic/shape 722" x="40" y="109" width="9" height="13"/>
 <SubTexture name="Graphic/shape 723" x="140" y="124" width="9" height="13"/>
 <SubTexture name="Graphic/shape 724" x="40" y="81" width="9" height="13"/>
 <SubTexture name="Graphic/shape 725" x="80" y="139" width="9" height="7"/>
 <SubTexture name="Graphic/shape 726" x="140" y="138" width="9" height="7"/>
 <SubTexture name="Graphic/shape 727" x="120" y="138" width="9" height="7"/>
 <SubTexture name="Graphic/shape 728" x="110" y="138" width="9" height="7"/>
 <SubTexture name="Graphic/shape 729" x="246" y="56" width="9" height="13"/>
 <SubTexture name="Graphic/shape 730" x="170" y="112" width="9" height="13"/>
 <SubTexture name="Graphic/shape 731" x="208" y="28" width="9" height="13"/>
 <SubTexture name="Graphic/shape 732" x="125" y="28" width="9" height="13"/>
 <SubTexture name="Graphic/shape 733" x="136" y="53" width="9" height="13"/>
 <SubTexture name="Graphic/shape 734" x="90" y="110" width="9" height="13"/>
 <SubTexture name="Graphic/shape 735" x="235" y="42" width="9" height="13"/>
 <SubTexture name="Graphic/shape 736" x="10" y="64" width="9" height="13"/>
 <SubTexture name="Graphic/shape 737" x="0" y="106" width="9" height="13"/>
 <SubTexture name="Graphic/shape 738" x="70" y="70" width="9" height="13"/>
 <SubTexture name="Graphic/shape 739" x="60" y="112" width="9" height="13"/>
 <SubTexture name="Graphic/shape 740" x="188" y="28" width="9" height="13"/>
 <SubTexture name="Graphic/shape 741" x="70" y="42" width="9" height="13"/>
 <SubTexture name="Graphic/shape 742" x="100" y="98" width="9" height="13"/>
 <SubTexture name="Graphic/shape 743" x="226" y="56" width="9" height="13"/>
 <SubTexture name="Graphic/shape 744" x="112" y="56" width="9" height="13"/>
 <SubTexture name="Graphic/shape 745" x="60" y="42" width="9" height="13"/>
 <SubTexture name="Graphic/shape 746" x="240" y="112" width="9" height="13"/>
 <SubTexture name="Graphic/shape 747" x="20" y="50" width="9" height="13"/>
 <SubTexture name="Graphic/shape 748" x="168" y="28" width="9" height="13"/>
 <SubTexture name="Graphic/shape 749" x="182" y="70" width="9" height="13"/>
 <SubTexture name="Graphic/shape 750" x="230" y="136" width="9" height="6"/>
 <SubTexture name="Graphic/shape 751" x="142" y="68" width="9" height="13"/>
 <SubTexture name="Graphic/shape 752" x="229" y="0" width="10" height="13"/>
 <SubTexture name="Graphic/shape 753" x="130" y="137" width="9" height="6"/>
 <SubTexture name="Graphic/shape 754" x="60" y="98" width="9" height="13"/>
 <SubTexture name="Graphic/shape 755" x="40" y="67" width="9" height="13"/>
 <SubTexture name="Graphic/shape 756" x="70" y="126" width="9" height="13"/>
 <SubTexture name="Graphic/shape 757" x="80" y="55" width="9" height="13"/>
 <SubTexture name="Graphic/shape 758" x="241" y="14" width="9" height="13"/>
 <SubTexture name="Graphic/shape 759" x="231" y="14" width="9" height="13"/>
 <SubTexture name="Graphic/shape 760" x="80" y="125" width="9" height="13"/>
 <SubTexture name="Graphic/shape 761" x="175" y="42" width="9" height="13"/>
 <SubTexture name="Graphic/shape 762" x="50" y="70" width="9" height="13"/>
 <SubTexture name="Graphic/shape 763" x="40" y="137" width="9" height="6"/>
 <SubTexture name="Graphic/shape 764" x="230" y="84" width="9" height="13"/>
 <SubTexture name="Graphic/shape 765" x="90" y="138" width="9" height="6"/>
 <SubTexture name="Graphic/shape 766" x="205" y="42" width="9" height="13"/>
 <SubTexture name="Graphic/shape 767" x="207" y="0" width="10" height="13"/>
 <SubTexture name="Graphic/shape 768" x="245" y="42" width="9" height="13"/>
 <SubTexture name="Graphic/shape 769" x="160" y="98" width="9" height="13"/>
 <SubTexture name="Graphic/shape 770" x="190" y="84" width="9" height="13"/>
 <SubTexture name="Graphic/shape 771" x="52" y="28" width="9" height="13"/>
 <SubTexture name="Graphic/shape 772" x="110" y="146" width="11" height="9"/>
 <SubTexture name="Graphic/shape 773" x="80" y="111" width="9" height="13"/>
 <SubTexture name="Graphic/shape 774" x="42" y="0" width="15" height="10"/>
 <SubTexture name="Graphic/shape 775" x="60" y="140" width="9" height="5"/>
 <SubTexture name="Graphic/shape 776" x="63" y="147" width="9" height="10"/>
 <SubTexture name="Graphic/shape 777" x="140" y="96" width="9" height="13"/>
 <SubTexture name="Graphic/shape 778" x="20" y="92" width="9" height="13"/>
 <SubTexture name="Graphic/shape 779" x="50" y="56" width="9" height="13"/>
 <SubTexture name="Graphic/shape 780" x="170" y="135" width="9" height="7"/>
 <SubTexture name="Graphic/shape 781" x="190" y="135" width="9" height="7"/>
 <SubTexture name="Graphic/shape 782" x="30" y="143" width="9" height="6"/>
 <SubTexture name="Graphic/shape 783" x="180" y="135" width="9" height="7"/>
 <SubTexture name="Graphic/shape 784" x="0" y="50" width="9" height="13"/>
 <SubTexture name="Graphic/shape 785" x="152" y="70" width="9" height="13"/>
 <SubTexture name="Graphic/shape 786" x="210" y="84" width="9" height="13"/>
 <SubTexture name="Graphic/shape 787" x="141" y="0" width="10" height="13"/>
 <SubTexture name="Graphic/shape 788" x="82" y="0" width="11" height="13"/>
 <SubTexture name="Graphic/shape 789" x="240" y="126" width="11" height="10"/>
 <SubTexture name="Graphic/shape 790" x="58" y="0" width="11" height="13"/>
 <SubTexture name="Graphic/shape 791" x="178" y="28" width="9" height="13"/>
 <SubTexture name="Graphic/shape 792" x="10" y="36" width="9" height="13"/>
 <SubTexture name="Graphic/shape 793" x="180" y="126" width="9" height="8"/>
 <SubTexture name="Graphic/shape 794" x="94" y="0" width="11" height="12"/>
 <SubTexture name="Graphic/shape 795" x="110" y="70" width="9" height="13"/>
 <SubTexture name="Graphic/shape 796" x="126" y="42" width="9" height="13"/>
 <SubTexture name="Graphic/shape 797" x="181" y="14" width="9" height="13"/>
 <SubTexture name="Graphic/shape 798" x="152" y="0" width="10" height="13"/>
 <SubTexture name="Graphic/shape 799" x="170" y="143" width="9" height="6"/>
 <SubTexture name="Graphic/shape 800" x="40" y="123" width="9" height="13"/>
 <SubTexture name="Graphic/shape 801" x="106" y="0" width="12" height="11"/>
 <SubTexture name="Graphic/shape 802" x="158" y="26" width="9" height="13"/>
 <SubTexture name="Graphic/shape 803" x="148" y="14" width="11" height="10"/>
 <SubTexture name="Graphic/shape 804" x="145" y="39" width="9" height="13"/>
 <SubTexture name="Graphic/shape 805" x="196" y="0" width="10" height="13"/>
 <SubTexture name="Graphic/shape 806" x="215" y="42" width="9" height="13"/>
 <SubTexture name="Graphic/shape 807" x="82" y="41" width="9" height="13"/>
 <SubTexture name="Graphic/shape 808" x="130" y="123" width="9" height="13"/>
 <SubTexture name="Graphic/shape 809" x="70" y="140" width="9" height="6"/>
 <SubTexture name="Graphic/shape 810" x="225" y="42" width="9" height="13"/>
 <SubTexture name="Graphic/shape 811" x="10" y="78" width="9" height="13"/>
 <SubTexture name="Graphic/shape 812" x="185" y="42" width="9" height="13"/>
 <SubTexture name="Graphic/shape 813" x="220" y="112" width="9" height="13"/>
 <SubTexture name="Graphic/shape 814" x="150" y="112" width="9" height="13"/>
 <SubTexture name="Graphic/shape 815" x="50" y="112" width="9" height="13"/>
 <SubTexture name="Graphic/shape 816" x="90" y="68" width="9" height="13"/>
 <SubTexture name="Graphic/shape 817" x="10" y="142" width="9" height="6"/>
 <SubTexture name="Graphic/shape 818" x="100" y="126" width="9" height="13"/>
 <SubTexture name="Graphic/shape 819" x="122" y="146" width="11" height="9"/>
 <SubTexture name="Graphic/shape 820" x="20" y="143" width="9" height="5"/>
 <SubTexture name="Graphic/shape 821" x="80" y="97" width="9" height="13"/>
 <SubTexture name="Graphic/shape 822" x="146" y="54" width="9" height="13"/>
 <SubTexture name="Graphic/shape 823" x="60" y="84" width="9" height="13"/>
 <SubTexture name="Graphic/shape 824" x="221" y="14" width="9" height="13"/>
 <SubTexture name="Graphic/shape 825" x="64" y="14" width="10" height="13"/>
 <SubTexture name="Graphic/shape 826" x="10" y="106" width="9" height="13"/>
 <SubTexture name="Graphic/shape 827" x="0" y="134" width="9" height="8"/>
 <SubTexture name="Graphic/shape 828" x="42" y="25" width="9" height="13"/>
 <SubTexture name="Graphic/shape 829" x="0" y="120" width="9" height="12"/>
 <SubTexture name="Graphic/shape 830" x="40" y="53" width="9" height="13"/>
 <SubTexture name="Graphic/shape 831" x="20" y="120" width="9" height="13"/>
 <SubTexture name="Graphic/shape 832" x="162" y="70" width="9" height="13"/>
 <SubTexture name="Graphic/shape 833" x="20" y="36" width="9" height="13"/>
 <SubTexture name="Graphic/shape 834" x="242" y="70" width="9" height="13"/>
 <SubTexture name="Graphic/shape 835" x="120" y="70" width="9" height="13"/>
 <SubTexture name="Graphic/shape 836" x="72" y="28" width="9" height="13"/>
 <SubTexture name="Graphic/shape 837" x="216" y="56" width="9" height="13"/>
 <SubTexture name="Graphic/shape 838" x="200" y="112" width="9" height="13"/>
 <SubTexture name="Graphic/shape 839" x="238" y="28" width="9" height="13"/>
 <SubTexture name="Graphic/shape 840" x="0" y="92" width="9" height="13"/>
 <SubTexture name="Graphic/shape 841" x="42" y="11" width="10" height="13"/>
 <SubTexture name="Graphic/shape 842" x="240" y="0" width="10" height="13"/>
 <SubTexture name="Graphic/shape 843" x="106" y="12" width="10" height="13"/>
 <SubTexture name="Graphic/shape 844" x="155" y="40" width="9" height="13"/>
 <SubTexture name="Graphic/shape 845" x="120" y="84" width="9" height="13"/>
 <SubTexture name="Graphic/shape 846" x="200" y="84" width="9" height="13"/>
 <SubTexture name="Graphic/shape 847" x="0" y="36" width="9" height="13"/>
 <SubTexture name="Graphic/shape 848" x="190" y="126" width="9" height="8"/>
 <SubTexture name="Graphic/shape 849" x="50" y="140" width="9" height="5"/>
 <SubTexture name="Graphic/shape 850" x="128" y="14" width="9" height="13"/>
 <SubTexture name="Graphic/shape 851" x="86" y="147" width="10" height="7"/>
 <SubTexture name="Graphic/shape 852" x="110" y="98" width="9" height="13"/>
 <SubTexture name="Graphic/shape 853" x="90" y="82" width="9" height="13"/>
 <SubTexture name="Graphic/shape 854" x="100" y="84" width="9" height="13"/>
 <SubTexture name="Graphic/shape 855" x="165" y="42" width="9" height="13"/>
 <SubTexture name="Graphic/shape 856" x="92" y="54" width="9" height="13"/>
 <SubTexture name="Graphic/shape 857" x="86" y="27" width="9" height="13"/>
 <SubTexture name="Graphic/shape 858" x="130" y="95" width="9" height="13"/>
 <SubTexture name="Graphic/shape 859" x="30" y="92" width="9" height="13"/>
 <SubTexture name="Graphic/shape 860" x="122" y="56" width="9" height="13"/>
 <SubTexture name="Graphic/shape 861" x="117" y="14" width="9" height="13"/>
 <SubTexture name="Graphic/shape 862" x="115" y="28" width="9" height="13"/>
 <SubTexture name="Graphic/shape 863" x="90" y="124" width="9" height="13"/>
 <SubTexture name="Graphic/shape 864" x="30" y="120" width="9" height="13"/>
 <SubTexture name="Graphic/shape 865" x="222" y="70" width="9" height="13"/>
 <SubTexture name="Graphic/shape 866" x="230" y="98" width="9" height="13"/>
 <SubTexture name="Graphic/shape 867" x="40" y="39" width="9" height="13"/>
 <SubTexture name="Graphic/shape 868" x="20" y="78" width="9" height="13"/>
 <SubTexture name="Graphic/shape 869" x="60" y="70" width="9" height="13"/>
 <SubTexture name="Graphic/shape 870" x="53" y="14" width="10" height="13"/>
 <SubTexture name="Graphic/shape 871" x="50" y="98" width="9" height="13"/>
 <SubTexture name="Graphic/shape 872" x="50" y="42" width="9" height="13"/>
 <SubTexture name="Graphic/shape 873" x="180" y="84" width="9" height="13"/>
 <SubTexture name="Graphic/shape 874" x="30" y="64" width="9" height="13"/>
 <SubTexture name="Graphic/shape 875" x="120" y="112" width="9" height="13"/>
 <SubTexture name="Graphic/shape 876" x="100" y="140" width="9" height="6"/>
 <SubTexture name="Graphic/shape 877" x="228" y="28" width="9" height="13"/>
 <SubTexture name="Graphic/shape 878" x="192" y="70" width="9" height="13"/>
 <SubTexture name="Graphic/shape 879" x="70" y="0" width="11" height="13"/>
 <SubTexture name="Graphic/shape 880" x="116" y="42" width="9" height="13"/>
 <SubTexture name="Graphic/shape 881" x="240" y="98" width="9" height="13"/>
 <SubTexture name="Graphic/shape 882" x="70" y="112" width="9" height="13"/>
 <SubTexture name="Graphic/shape 883" x="10" y="50" width="9" height="13"/>
 <SubTexture name="Graphic/shape 884" x="30" y="50" width="9" height="13"/>
 <SubTexture name="Graphic/shape 885" x="150" y="98" width="9" height="13"/>
 <SubTexture name="Graphic/shape 886" x="60" y="56" width="9" height="13"/>
 <SubTexture name="Graphic/shape 887" x="10" y="120" width="9" height="12"/>
 <SubTexture name="Graphic/shape 888" x="195" y="42" width="9" height="13"/>
 <SubTexture name="Graphic/shape 889" x="156" y="56" width="9" height="13"/>
 <SubTexture name="Graphic/shape 890" x="70" y="98" width="9" height="13"/>
 <SubTexture name="Graphic/shape 891" x="218" y="0" width="10" height="13"/>
 <SubTexture name="Graphic/shape 892" x="90" y="96" width="9" height="13"/>
 <SubTexture name="Graphic/shape 893" x="171" y="14" width="9" height="13"/>
 <SubTexture name="Graphic/shape 894" x="10" y="92" width="9" height="13"/>
 <SubTexture name="Graphic/shape 895" x="220" y="98" width="9" height="13"/>
 <SubTexture name="Graphic/shape 896" x="75" y="14" width="9" height="13"/>
 <SubTexture name="Graphic/shape 897" x="160" y="84" width="9" height="13"/>
 <SubTexture name="Graphic/shape 898" x="30" y="78" width="9" height="13"/>
 <SubTexture name="Graphic/shape 899" x="50" y="126" width="9" height="13"/>
 <SubTexture name="Graphic/shape 900" x="140" y="110" width="9" height="13"/>
 <SubTexture name="Graphic/shape 901" x="130" y="109" width="9" height="13"/>
 <SubTexture name="Graphic/shape 902" x="180" y="98" width="9" height="13"/>
 <SubTexture name="Graphic/shape 903" x="62" y="28" width="9" height="13"/>
 <SubTexture name="Graphic/shape 904" x="110" y="84" width="9" height="13"/>
 <SubTexture name="Graphic/shape 905" x="60" y="126" width="9" height="13"/>
 <SubTexture name="Graphic/shape 906" x="102" y="56" width="9" height="13"/>
 <SubTexture name="Graphic/shape 907" x="70" y="56" width="9" height="13"/>
 <SubTexture name="Graphic/shape 908" x="190" y="98" width="9" height="13"/>
 <SubTexture name="Graphic/shape 909" x="160" y="112" width="9" height="13"/>
 <SubTexture name="Graphic/shape 910" x="20" y="106" width="9" height="13"/>
 <SubTexture name="Graphic/shape 911" x="170" y="126" width="9" height="8"/>
 <SubTexture name="Graphic/shape 912" x="74" y="147" width="11" height="8"/>
 <SubTexture name="Graphic/shape 913" x="100" y="112" width="9" height="13"/>
 <SubTexture name="Graphic/shape 914" x="160" y="126" width="9" height="10"/>
 <SubTexture name="Graphic/shape 915" x="202" y="70" width="9" height="13"/>
 <SubTexture name="Graphic/shape 916" x="210" y="112" width="9" height="13"/>
 <SubTexture name="Graphic/shape 917" x="170" y="84" width="9" height="13"/>
 <SubTexture name="Graphic/shape 918" x="220" y="84" width="9" height="13"/>
 <SubTexture name="Graphic/shape 919" x="170" y="98" width="9" height="13"/>
 <SubTexture name="Graphic/shape 920" x="172" y="70" width="9" height="13"/>
 <SubTexture name="Graphic/shape 921" x="20" y="134" width="9" height="8"/>
 <SubTexture name="Graphic/shape 922" x="212" y="70" width="9" height="13"/>
 <SubTexture name="Graphic/shape 923" x="200" y="126" width="9" height="9"/>
 <SubTexture name="Graphic/shape 924" x="130" y="0" width="10" height="13"/>
 <SubTexture name="Graphic/shape 925" x="202" y="144" width="10" height="10"/>
 <SubTexture name="Graphic/shape 926" x="210" y="126" width="9" height="9"/>
 <SubTexture name="Graphic/shape 927" x="10" y="134" width="9" height="7"/>
 <SubTexture name="Graphic/shape 928" x="0" y="143" width="9" height="6"/>
 <SubTexture name="Graphic/shape 929" x="30" y="134" width="9" height="8"/>
 <SubTexture name="Graphic/shape 930" x="210" y="98" width="9" height="13"/>
 <SubTexture name="Graphic/shape 931" x="30" y="106" width="9" height="13"/>
 <SubTexture name="Graphic/shape 932" x="180" y="143" width="10" height="10"/>
 <SubTexture name="Graphic/shape 933" x="135" y="28" width="9" height="13"/>
 <SubTexture name="Graphic/shape 934" x="70" y="84" width="9" height="13"/>
 <SubTexture name="Graphic/shape 935" x="150" y="84" width="9" height="13"/>
 <SubTexture name="Graphic/shape 936" x="30" y="36" width="9" height="13"/>
 <SubTexture name="Graphic/shape 937" x="180" y="112" width="9" height="13"/>
 <SubTexture name="Graphic/shape 938" x="210" y="136" width="9" height="7"/>
 <SubTexture name="Graphic/shape 939" x="150" y="126" width="9" height="10"/>
 <SubTexture name="Graphic/shape 940" x="160" y="14" width="10" height="11"/>
 <SubTexture name="Graphic/shape 941" x="96" y="40" width="9" height="13"/>
 <SubTexture name="Graphic/shape 942" x="191" y="143" width="10" height="10"/>
 <SubTexture name="Graphic/shape 943" x="132" y="67" width="9" height="13"/>
 <SubTexture name="Graphic/shape 944" x="220" y="143" width="10" height="10"/>
 <SubTexture name="Graphic/shape 945" x="138" y="14" width="9" height="13"/>
 <SubTexture name="Graphic/shape 946" x="240" y="137" width="10" height="10"/>
 <SubTexture name="Graphic/shape 947" x="206" y="56" width="9" height="13"/>
 <SubTexture name="Graphic/shape 948" x="218" y="28" width="9" height="13"/>
 <SubTexture name="Graphic/shape 949" x="119" y="0" width="10" height="13"/>
 <SubTexture name="Graphic/shape 950" x="232" y="70" width="9" height="13"/>
 <SubTexture name="Graphic/shape 951" x="0" y="64" width="9" height="13"/>
 <SubTexture name="Graphic/shape 952" x="230" y="126" width="9" height="9"/>
 <SubTexture name="Graphic/shape 953" x="220" y="126" width="9" height="9"/>
 <SubTexture name="Graphic/shape 954" x="176" y="56" width="9" height="13"/>
 <SubTexture name="Graphic/shape 955" x="186" y="56" width="9" height="13"/>
 <SubTexture name="Graphic/shape 956" x="40" y="146" width="11" height="8"/>
 <SubTexture name="Graphic/shape 957" x="22" y="150" width="10" height="7"/>
 <SubTexture name="Graphic/shape 958" x="150" y="144" width="10" height="10"/>
 <SubTexture name="Graphic/shape 959" x="94" y="13" width="10" height="13"/>
 <SubTexture name="Graphic/shape 960" x="191" y="14" width="9" height="13"/>
 <SubTexture name="Graphic/shape 961" x="200" y="98" width="9" height="13"/>
 <SubTexture name="Graphic/shape 962" x="174" y="0" width="10" height="13"/>
 <SubTexture name="Graphic/shape 963" x="185" y="0" width="10" height="13"/>
 <SubTexture name="Graphic/shape 964" x="163" y="0" width="10" height="13"/>
 <SubTexture name="Graphic/shape 965" x="231" y="148" width="11" height="6"/>
 <SubTexture name="Graphic/shape 966" x="10" y="149" width="11" height="6"/>
 <SubTexture name="Graphic/shape 967" x="243" y="148" width="11" height="6"/>
 <SubTexture name="Graphic/shape 968" x="97" y="147" width="11" height="6"/>
</TextureAtlas>