<TextureAtlas name="hand_r_cl" imagePath="texture.png">
 <SubTexture name="Graphic/shape 236" x="246" y="166" width="9" height="14"/>
 <SubTexture name="Graphic/shape 237" x="167" y="39" width="9" height="14"/>
 <SubTexture name="Graphic/shape 238" x="167" y="54" width="9" height="14"/>
 <SubTexture name="Graphic/shape 239" x="108" y="78" width="9" height="14"/>
 <SubTexture name="Graphic/shape 240" x="221" y="180" width="9" height="14"/>
 <SubTexture name="Graphic/shape 241" x="200" y="180" width="10" height="14"/>
 <SubTexture name="Graphic/shape 242" x="167" y="69" width="9" height="14"/>
 <SubTexture name="Graphic/shape 243" x="52" y="177" width="10" height="14"/>
 <SubTexture name="Graphic/shape 244" x="245" y="106" width="10" height="14"/>
 <SubTexture name="Graphic/shape 245" x="232" y="181" width="9" height="14"/>
 <SubTexture name="Graphic/shape 246" x="211" y="180" width="9" height="14"/>
 <SubTexture name="Graphic/shape 247" x="146" y="177" width="10" height="15"/>
 <SubTexture name="Graphic/shape 248" x="108" y="93" width="9" height="14"/>
 <SubTexture name="Graphic/shape 249" x="52" y="192" width="9" height="14"/>
 <SubTexture name="MovieClip/sprite 206" x="0" y="0" width="41" height="34"/>
 <SubTexture name="Graphic/shape 251" x="174" y="206" width="10" height="11"/>
 <SubTexture name="Graphic/shape 252" x="121" y="217" width="10" height="11"/>
 <SubTexture name="Graphic/shape 253" x="196" y="150" width="12" height="14"/>
 <SubTexture name="Graphic/shape 254" x="75" y="185" width="11" height="11"/>
 <SubTexture name="Graphic/shape 255" x="94" y="229" width="11" height="8"/>
 <SubTexture name="Graphic/shape 256" x="201" y="120" width="12" height="14"/>
 <SubTexture name="Graphic/shape 257" x="235" y="151" width="12" height="14"/>
 <SubTexture name="Graphic/shape 258" x="65" y="150" width="12" height="14"/>
 <SubTexture name="Graphic/shape 259" x="177" y="94" width="13" height="13"/>
 <SubTexture name="Graphic/shape 260" x="62" y="206" width="10" height="11"/>
 <SubTexture name="Graphic/shape 261" x="89" y="40" width="11" height="15"/>
 <SubTexture name="Graphic/shape 262" x="73" y="209" width="10" height="11"/>
 <SubTexture name="Graphic/shape 263" x="97" y="217" width="10" height="11"/>
 <SubTexture name="Graphic/shape 264" x="26" y="155" width="12" height="14"/>
 <SubTexture name="Graphic/shape 265" x="176" y="240" width="10" height="8"/>
 <SubTexture name="Graphic/shape 266" x="91" y="153" width="12" height="14"/>
 <SubTexture name="Graphic/shape 267" x="13" y="124" width="12" height="14"/>
 <SubTexture name="Graphic/shape 268" x="132" y="218" width="10" height="11"/>
 <SubTexture name="Graphic/shape 269" x="0" y="197" width="11" height="11"/>
 <SubTexture name="Graphic/shape 270" x="129" y="240" width="10" height="8"/>
 <SubTexture name="Graphic/shape 271" x="165" y="240" width="10" height="8"/>
 <SubTexture name="Graphic/shape 272" x="80" y="240" width="10" height="8"/>
 <SubTexture name="Graphic/shape 273" x="55" y="240" width="10" height="8"/>
 <SubTexture name="Graphic/shape 274" x="14" y="95" width="13" height="13"/>
 <SubTexture name="Graphic/shape 275" x="138" y="206" width="10" height="11"/>
 <SubTexture name="Graphic/shape 276" x="169" y="153" width="12" height="14"/>
 <SubTexture name="Graphic/shape 277" x="143" y="134" width="12" height="14"/>
 <SubTexture name="Graphic/shape 278" x="182" y="164" width="12" height="14"/>
 <SubTexture name="Graphic/shape 279" x="120" y="161" width="12" height="14"/>
 <SubTexture name="Graphic/shape 280" x="144" y="119" width="12" height="14"/>
 <SubTexture name="Graphic/shape 281" x="98" y="123" width="12" height="14"/>
 <SubTexture name="Graphic/shape 282" x="152" y="205" width="10" height="11"/>
 <SubTexture name="Graphic/shape 283" x="195" y="165" width="12" height="14"/>
 <SubTexture name="Graphic/shape 284" x="47" y="207" width="10" height="11"/>
 <SubTexture name="Graphic/shape 285" x="99" y="205" width="10" height="11"/>
 <SubTexture name="Graphic/shape 286" x="127" y="205" width="10" height="11"/>
 <SubTexture name="Graphic/shape 287" x="65" y="135" width="12" height="14"/>
 <SubTexture name="Graphic/shape 288" x="16" y="57" width="14" height="19"/>
 <SubTexture name="Graphic/shape 289" x="0" y="57" width="15" height="22"/>
 <SubTexture name="Graphic/shape 290" x="71" y="106" width="13" height="13"/>
 <SubTexture name="Graphic/shape 291" x="34" y="50" width="16" height="26"/>
 <SubTexture name="Graphic/shape 292" x="52" y="132" width="12" height="14"/>
 <SubTexture name="Graphic/shape 293" x="177" y="77" width="13" height="16"/>
 <SubTexture name="Graphic/shape 294" x="171" y="218" width="10" height="11"/>
 <SubTexture name="Graphic/shape 295" x="34" y="218" width="10" height="11"/>
 <SubTexture name="Graphic/shape 296" x="116" y="190" width="11" height="12"/>
 <SubTexture name="Graphic/shape 297" x="58" y="218" width="10" height="11"/>
 <SubTexture name="Graphic/shape 298" x="57" y="230" width="11" height="9"/>
 <SubTexture name="Graphic/shape 299" x="39" y="165" width="12" height="14"/>
 <SubTexture name="Graphic/shape 300" x="217" y="54" width="11" height="15"/>
 <SubTexture name="Graphic/shape 301" x="154" y="238" width="10" height="8"/>
 <SubTexture name="Graphic/shape 302" x="51" y="70" width="13" height="17"/>
 <SubTexture name="Graphic/shape 303" x="195" y="70" width="13" height="17"/>
 <SubTexture name="Graphic/shape 304" x="239" y="217" width="10" height="11"/>
 <SubTexture name="Graphic/shape 305" x="196" y="207" width="10" height="11"/>
 <SubTexture name="Graphic/shape 306" x="39" y="180" width="12" height="12"/>
 <SubTexture name="Graphic/shape 307" x="133" y="84" width="12" height="16"/>
 <SubTexture name="Graphic/shape 308" x="115" y="249" width="9" height="6"/>
 <SubTexture name="Graphic/shape 309" x="28" y="95" width="12" height="14"/>
 <SubTexture name="Graphic/shape 310" x="193" y="195" width="11" height="10"/>
 <SubTexture name="Graphic/shape 311" x="13" y="169" width="12" height="12"/>
 <SubTexture name="Graphic/shape 312" x="185" y="206" width="10" height="11"/>
 <SubTexture name="Graphic/shape 313" x="80" y="72" width="13" height="16"/>
 <SubTexture name="Graphic/shape 314" x="36" y="206" width="10" height="11"/>
 <SubTexture name="Graphic/shape 315" x="183" y="149" width="12" height="14"/>
 <SubTexture name="Graphic/shape 316" x="151" y="39" width="15" height="32"/>
 <SubTexture name="Graphic/shape 317" x="150" y="162" width="12" height="14"/>
 <SubTexture name="Graphic/shape 318" x="222" y="150" width="12" height="14"/>
 <SubTexture name="Graphic/shape 319" x="183" y="134" width="12" height="14"/>
 <SubTexture name="Graphic/shape 320" x="231" y="106" width="12" height="13"/>
 <SubTexture name="Graphic/shape 321" x="0" y="209" width="10" height="11"/>
 <SubTexture name="Graphic/shape 322" x="175" y="179" width="12" height="12"/>
 <SubTexture name="Graphic/shape 323" x="103" y="192" width="11" height="12"/>
 <SubTexture name="Graphic/shape 324" x="170" y="123" width="12" height="14"/>
 <SubTexture name="Graphic/shape 325" x="13" y="154" width="12" height="14"/>
 <SubTexture name="Graphic/shape 326" x="0" y="231" width="10" height="10"/>
 <SubTexture name="Graphic/shape 327" x="205" y="230" width="10" height="10"/>
 <SubTexture name="Graphic/shape 328" x="216" y="230" width="10" height="10"/>
 <SubTexture name="Graphic/shape 329" x="22" y="231" width="10" height="10"/>
 <SubTexture name="Graphic/shape 330" x="0" y="142" width="12" height="14"/>
 <SubTexture name="Graphic/shape 331" x="118" y="239" width="10" height="9"/>
 <SubTexture name="Graphic/shape 332" x="24" y="195" width="11" height="12"/>
 <SubTexture name="Graphic/shape 333" x="11" y="219" width="10" height="12"/>
 <SubTexture name="Graphic/shape 334" x="78" y="172" width="12" height="12"/>
 <SubTexture name="Graphic/shape 335" x="26" y="183" width="11" height="11"/>
 <SubTexture name="Graphic/shape 336" x="205" y="195" width="11" height="11"/>
 <SubTexture name="Graphic/shape 337" x="217" y="33" width="11" height="20"/>
 <SubTexture name="Graphic/shape 338" x="177" y="55" width="17" height="21"/>
 <SubTexture name="Graphic/shape 339" x="62" y="193" width="11" height="12"/>
 <SubTexture name="Graphic/shape 340" x="169" y="192" width="11" height="12"/>
 <SubTexture name="Graphic/shape 341" x="13" y="109" width="12" height="14"/>
 <SubTexture name="Graphic/shape 342" x="41" y="106" width="13" height="13"/>
 <SubTexture name="Graphic/shape 343" x="45" y="229" width="11" height="10"/>
 <SubTexture name="Graphic/shape 344" x="16" y="78" width="13" height="16"/>
 <SubTexture name="Graphic/shape 345" x="221" y="165" width="11" height="14"/>
 <SubTexture name="Graphic/shape 346" x="157" y="132" width="12" height="14"/>
 <SubTexture name="Graphic/shape 347" x="0" y="112" width="12" height="14"/>
 <SubTexture name="Graphic/shape 348" x="39" y="150" width="12" height="14"/>
 <SubTexture name="Graphic/shape 349" x="129" y="179" width="12" height="12"/>
 <SubTexture name="Graphic/shape 350" x="0" y="127" width="12" height="14"/>
 <SubTexture name="Graphic/shape 351" x="26" y="140" width="12" height="14"/>
 <SubTexture name="Graphic/shape 352" x="227" y="120" width="12" height="14"/>
 <SubTexture name="Graphic/shape 353" x="157" y="117" width="12" height="14"/>
 <SubTexture name="Graphic/shape 354" x="188" y="119" width="12" height="14"/>
 <SubTexture name="Graphic/shape 355" x="94" y="138" width="12" height="14"/>
 <SubTexture name="Graphic/shape 356" x="238" y="239" width="10" height="9"/>
 <SubTexture name="Graphic/shape 357" x="152" y="195" width="12" height="9"/>
 <SubTexture name="Graphic/shape 358" x="13" y="182" width="11" height="11"/>
 <SubTexture name="Graphic/shape 359" x="228" y="208" width="10" height="11"/>
 <SubTexture name="Graphic/shape 360" x="54" y="249" width="9" height="7"/>
 <SubTexture name="Graphic/shape 361" x="242" y="192" width="11" height="12"/>
 <SubTexture name="Graphic/shape 362" x="65" y="165" width="12" height="14"/>
 <SubTexture name="Graphic/shape 363" x="147" y="89" width="14" height="13"/>
 <SubTexture name="Graphic/shape 364" x="242" y="181" width="12" height="10"/>
 <SubTexture name="Graphic/shape 365" x="23" y="208" width="10" height="11"/>
 <SubTexture name="Graphic/shape 366" x="206" y="219" width="10" height="10"/>
 <SubTexture name="Graphic/shape 367" x="175" y="108" width="12" height="14"/>
 <SubTexture name="Graphic/shape 368" x="196" y="135" width="12" height="14"/>
 <SubTexture name="Graphic/shape 369" x="162" y="101" width="12" height="15"/>
 <SubTexture name="Graphic/shape 370" x="228" y="220" width="10" height="10"/>
 <SubTexture name="Graphic/shape 371" x="217" y="219" width="10" height="10"/>
 <SubTexture name="Graphic/shape 372" x="137" y="149" width="12" height="14"/>
 <SubTexture name="Graphic/shape 373" x="39" y="120" width="12" height="14"/>
 <SubTexture name="Graphic/shape 374" x="58" y="102" width="12" height="14"/>
 <SubTexture name="Graphic/shape 375" x="131" y="101" width="12" height="14"/>
 <SubTexture name="Graphic/shape 376" x="31" y="77" width="13" height="16"/>
 <SubTexture name="Graphic/shape 377" x="26" y="110" width="12" height="14"/>
 <SubTexture name="Graphic/shape 378" x="191" y="88" width="12" height="16"/>
 <SubTexture name="Graphic/shape 379" x="240" y="121" width="12" height="14"/>
 <SubTexture name="Graphic/shape 380" x="26" y="125" width="12" height="14"/>
 <SubTexture name="Graphic/shape 381" x="222" y="135" width="12" height="14"/>
 <SubTexture name="Graphic/shape 382" x="124" y="146" width="12" height="14"/>
 <SubTexture name="Graphic/shape 383" x="65" y="85" width="12" height="16"/>
 <SubTexture name="Graphic/shape 384" x="13" y="139" width="12" height="14"/>
 <SubTexture name="Graphic/shape 385" x="135" y="64" width="14" height="19"/>
 <SubTexture name="Graphic/shape 386" x="132" y="230" width="10" height="9"/>
 <SubTexture name="Graphic/shape 387" x="34" y="230" width="10" height="9"/>
 <SubTexture name="Graphic/shape 388" x="82" y="229" width="11" height="9"/>
 <SubTexture name="Graphic/shape 389" x="188" y="180" width="11" height="12"/>
 <SubTexture name="Graphic/shape 390" x="12" y="194" width="11" height="12"/>
 <SubTexture name="Graphic/shape 391" x="38" y="193" width="11" height="12"/>
 <SubTexture name="Graphic/shape 392" x="22" y="220" width="11" height="10"/>
 <SubTexture name="Graphic/shape 393" x="170" y="138" width="12" height="14"/>
 <SubTexture name="Graphic/shape 394" x="78" y="157" width="12" height="14"/>
 <SubTexture name="Graphic/shape 395" x="81" y="127" width="12" height="14"/>
 <SubTexture name="Graphic/shape 396" x="156" y="147" width="12" height="14"/>
 <SubTexture name="Graphic/shape 397" x="178" y="230" width="10" height="9"/>
 <SubTexture name="Graphic/shape 398" x="121" y="229" width="10" height="9"/>
 <SubTexture name="Graphic/shape 399" x="167" y="230" width="10" height="9"/>
 <SubTexture name="Graphic/shape 400" x="232" y="90" width="12" height="15"/>
 <SubTexture name="Graphic/shape 401" x="111" y="134" width="12" height="14"/>
 <SubTexture name="Graphic/shape 402" x="217" y="195" width="11" height="11"/>
 <SubTexture name="Graphic/shape 403" x="144" y="104" width="12" height="14"/>
 <SubTexture name="Graphic/shape 404" x="241" y="205" width="10" height="11"/>
 <SubTexture name="Graphic/shape 405" x="235" y="136" width="12" height="14"/>
 <SubTexture name="Graphic/shape 406" x="91" y="168" width="11" height="14"/>
 <SubTexture name="Graphic/shape 407" x="78" y="89" width="12" height="16"/>
 <SubTexture name="Graphic/shape 408" x="118" y="69" width="14" height="17"/>
 <SubTexture name="Graphic/shape 409" x="117" y="119" width="12" height="14"/>
 <SubTexture name="Graphic/shape 410" x="55" y="117" width="12" height="14"/>
 <SubTexture name="Graphic/shape 411" x="110" y="215" width="10" height="11"/>
 <SubTexture name="Graphic/shape 412" x="234" y="166" width="11" height="14"/>
 <SubTexture name="Graphic/shape 413" x="131" y="116" width="12" height="14"/>
 <SubTexture name="Graphic/shape 414" x="140" y="247" width="9" height="8"/>
 <SubTexture name="Graphic/shape 415" x="52" y="162" width="12" height="14"/>
 <SubTexture name="Graphic/shape 416" x="74" y="197" width="10" height="11"/>
 <SubTexture name="Graphic/shape 417" x="222" y="241" width="9" height="8"/>
 <SubTexture name="Graphic/shape 418" x="128" y="192" width="11" height="12"/>
 <SubTexture name="Graphic/shape 419" x="78" y="142" width="12" height="14"/>
 <SubTexture name="Graphic/shape 420" x="189" y="239" width="10" height="9"/>
 <SubTexture name="Graphic/shape 421" x="0" y="185" width="11" height="11"/>
 <SubTexture name="Graphic/shape 422" x="163" y="205" width="10" height="11"/>
 <SubTexture name="Graphic/shape 423" x="44" y="240" width="10" height="8"/>
 <SubTexture name="Graphic/shape 424" x="133" y="164" width="12" height="14"/>
 <SubTexture name="Graphic/shape 425" x="202" y="50" width="14" height="19"/>
 <SubTexture name="Graphic/shape 426" x="214" y="120" width="12" height="14"/>
 <SubTexture name="Graphic/shape 427" x="209" y="70" width="13" height="18"/>
 <SubTexture name="Graphic/shape 428" x="45" y="89" width="12" height="16"/>
 <SubTexture name="Graphic/shape 429" x="0" y="157" width="12" height="14"/>
 <SubTexture name="Graphic/shape 430" x="130" y="131" width="12" height="14"/>
 <SubTexture name="Graphic/shape 431" x="12" y="207" width="10" height="11"/>
 <SubTexture name="Graphic/shape 432" x="33" y="240" width="10" height="9"/>
 <SubTexture name="Graphic/shape 433" x="118" y="87" width="12" height="16"/>
 <SubTexture name="Graphic/shape 434" x="89" y="56" width="11" height="15"/>
 <SubTexture name="Graphic/shape 435" x="104" y="108" width="12" height="14"/>
 <SubTexture name="Graphic/shape 436" x="181" y="193" width="11" height="12"/>
 <SubTexture name="Graphic/shape 437" x="204" y="89" width="13" height="14"/>
 <SubTexture name="Graphic/shape 438" x="160" y="217" width="10" height="11"/>
 <SubTexture name="Graphic/shape 439" x="118" y="104" width="12" height="14"/>
 <SubTexture name="Graphic/shape 440" x="44" y="249" width="9" height="7"/>
 <SubTexture name="Graphic/shape 441" x="164" y="84" width="12" height="16"/>
 <SubTexture name="Graphic/shape 442" x="149" y="217" width="10" height="11"/>
 <SubTexture name="Graphic/shape 443" x="104" y="164" width="12" height="14"/>
 <SubTexture name="Graphic/shape 444" x="218" y="90" width="13" height="15"/>
 <SubTexture name="Graphic/shape 445" x="209" y="135" width="12" height="14"/>
 <SubTexture name="Graphic/shape 446" x="229" y="196" width="11" height="11"/>
 <SubTexture name="Graphic/shape 447" x="77" y="249" width="9" height="7"/>
 <SubTexture name="Graphic/shape 448" x="157" y="183" width="11" height="11"/>
 <SubTexture name="Graphic/shape 449" x="0" y="96" width="12" height="15"/>
 <SubTexture name="Graphic/shape 450" x="163" y="168" width="11" height="14"/>
 <SubTexture name="Graphic/shape 451" x="11" y="232" width="10" height="10"/>
 <SubTexture name="Graphic/shape 452" x="0" y="221" width="10" height="9"/>
 <SubTexture name="Graphic/shape 453" x="85" y="112" width="12" height="14"/>
 <SubTexture name="Graphic/shape 454" x="22" y="242" width="9" height="8"/>
 <SubTexture name="Graphic/shape 455" x="150" y="72" width="13" height="16"/>
 <SubTexture name="Graphic/shape 456" x="170" y="249" width="9" height="6"/>
 <SubTexture name="Graphic/shape 457" x="182" y="218" width="10" height="11"/>
 <SubTexture name="Graphic/shape 458" x="108" y="227" width="12" height="9"/>
 <SubTexture name="Graphic/shape 459" x="107" y="149" width="12" height="14"/>
 <SubTexture name="Graphic/shape 460" x="101" y="56" width="16" height="21"/>
 <SubTexture name="Graphic/shape 461" x="116" y="12" width="7" height="6"/>
 <SubTexture name="Graphic/shape 462" x="217" y="106" width="13" height="13"/>
 <SubTexture name="Graphic/shape 463" x="117" y="176" width="11" height="13"/>
 <SubTexture name="Graphic/shape 464" x="51" y="50" width="14" height="19"/>
 <SubTexture name="Graphic/shape 465" x="69" y="221" width="12" height="9"/>
 <SubTexture name="Graphic/shape 466" x="10" y="243" width="9" height="8"/>
 <SubTexture name="Graphic/shape 467" x="45" y="219" width="12" height="9"/>
 <SubTexture name="Graphic/shape 468" x="211" y="241" width="9" height="8"/>
 <SubTexture name="Graphic/shape 469" x="200" y="241" width="10" height="8"/>
 <SubTexture name="Graphic/shape 470" x="125" y="249" width="9" height="6"/>
 <SubTexture name="Graphic/shape 471" x="217" y="207" width="10" height="11"/>
 <SubTexture name="Graphic/shape 472" x="91" y="96" width="12" height="15"/>
 <SubTexture name="Graphic/shape 473" x="0" y="242" width="9" height="8"/>
 <SubTexture name="Graphic/shape 474" x="63" y="180" width="11" height="12"/>
 <SubTexture name="Graphic/shape 475" x="87" y="195" width="11" height="11"/>
 <SubTexture name="Graphic/shape 476" x="105" y="246" width="9" height="8"/>
 <SubTexture name="Graphic/shape 477" x="68" y="120" width="12" height="14"/>
 <SubTexture name="Graphic/shape 478" x="95" y="78" width="12" height="17"/>
 <SubTexture name="Graphic/shape 479" x="115" y="203" width="10" height="11"/>
 <SubTexture name="Graphic/shape 480" x="193" y="219" width="12" height="9"/>
 <SubTexture name="Graphic/shape 481" x="69" y="231" width="10" height="9"/>
 <SubTexture name="Graphic/shape 482" x="245" y="90" width="10" height="15"/>
 <SubTexture name="Graphic/shape 483" x="103" y="179" width="12" height="12"/>
 <SubTexture name="Graphic/shape 484" x="0" y="172" width="12" height="12"/>
 <SubTexture name="Graphic/shape 485" x="94" y="238" width="10" height="8"/>
 <SubTexture name="Graphic/shape 486" x="202" y="30" width="14" height="19"/>
 <SubTexture name="Graphic/shape 487" x="143" y="238" width="10" height="8"/>
 <SubTexture name="Graphic/shape 488" x="0" y="80" width="13" height="15"/>
 <SubTexture name="Graphic/shape 489" x="204" y="104" width="11" height="15"/>
 <SubTexture name="Graphic/shape 490" x="66" y="241" width="10" height="8"/>
 <SubTexture name="Graphic/shape 491" x="107" y="237" width="10" height="8"/>
 <SubTexture name="Graphic/shape 492" x="209" y="150" width="12" height="14"/>
 <SubTexture name="Graphic/shape 493" x="39" y="135" width="12" height="14"/>
 <SubTexture name="Graphic/shape 494" x="160" y="249" width="9" height="7"/>
 <SubTexture name="Graphic/shape 495" x="150" y="248" width="9" height="8"/>
 <SubTexture name="Graphic/shape 496" x="207" y="207" width="9" height="11"/>
 <SubTexture name="Graphic/shape 497" x="227" y="231" width="10" height="9"/>
 <SubTexture name="Graphic/shape 498" x="91" y="183" width="11" height="11"/>
 <SubTexture name="Graphic/shape 499" x="84" y="219" width="12" height="9"/>
 <SubTexture name="Graphic/shape 500" x="191" y="105" width="12" height="13"/>
 <SubTexture name="Graphic/shape 501" x="140" y="193" width="11" height="12"/>
 <SubTexture name="Graphic/shape 502" x="91" y="247" width="9" height="8"/>
 <SubTexture name="Graphic/shape 503" x="208" y="165" width="12" height="14"/>
 <SubTexture name="Graphic/shape 504" x="86" y="207" width="10" height="11"/>
 <SubTexture name="Graphic/shape 505" x="52" y="147" width="12" height="14"/>
 <SubTexture name="Graphic/shape 506" x="239" y="229" width="11" height="9"/>
 <SubTexture name="Graphic/shape 507" x="143" y="229" width="11" height="8"/>
 <SubTexture name="Graphic/shape 508" x="193" y="229" width="11" height="9"/>
 <SubTexture name="Graphic/shape 509" x="155" y="229" width="11" height="8"/>
 <SubTexture name="Graphic/shape 1597" x="124" y="13" width="26" height="26"/>
 <SubTexture name="Graphic/shape 1598" x="26" y="170" width="12" height="12"/>
 <SubTexture name="Graphic/shape 1599" x="217" y="12" width="11" height="20"/>
 <SubTexture name="Graphic/shape 1600" x="135" y="40" width="15" height="23"/>
 <SubTexture name="Graphic/shape 1601" x="190" y="249" width="9" height="7"/>
 <SubTexture name="Graphic/shape 1602" x="180" y="249" width="9" height="7"/>
 <SubTexture name="Graphic/shape 1603" x="180" y="12" width="36" height="17"/>
 <SubTexture name="Graphic/shape 1604" x="180" y="0" width="49" height="11"/>
 <SubTexture name="Graphic/shape 1605" x="151" y="13" width="25" height="25"/>
 <SubTexture name="Graphic/shape 1606" x="0" y="36" width="33" height="14"/>
 <SubTexture name="Graphic/shape 1607" x="177" y="30" width="24" height="24"/>
 <SubTexture name="Graphic/shape 1608" x="66" y="63" width="13" height="21"/>
 <SubTexture name="Graphic/shape 1609" x="66" y="25" width="34" height="14"/>
 <SubTexture name="Graphic/shape 1610" x="66" y="12" width="49" height="11"/>
 <SubTexture name="Graphic/shape 1611" x="124" y="0" width="55" height="12"/>
 <SubTexture name="Graphic/shape 1612" x="230" y="0" width="22" height="36"/>
 <SubTexture name="Graphic/shape 1613" x="101" y="25" width="16" height="30"/>
 <SubTexture name="Graphic/shape 1614" x="66" y="0" width="57" height="11"/>
 <SubTexture name="Graphic/shape 1615" x="229" y="61" width="19" height="16"/>
 <SubTexture name="MovieClip/sprite 638" x="42" y="0" width="23" height="49"/>
 <SubTexture name="Graphic/shape 1616" x="229" y="37" width="23" height="23"/>
 <SubTexture name="Graphic/shape 1617" x="223" y="79" width="24" height="10"/>
 <SubTexture name="Graphic/shape 1618" x="0" y="51" width="33" height="5"/>
 <SubTexture name="Graphic/shape 1619" x="118" y="40" width="16" height="28"/>
 <SubTexture name="Graphic/shape 1620" x="66" y="40" width="22" height="22"/>
</TextureAtlas>