<root name="back_to_mc" isGlobal="0" frameRate="30" version="3.0">
 <armature name="back_to_mc">
  <skin name="default">
   <slot name="play_cl" z="0" parent="play_cl">
    <display name="play_cl" type="armature">
     <transform scY="1" skY="0" x="0" scX="1" skX="0" y="0"/>
    </display>
   </slot>
  </skin>
  <bone name="play_cl">
   <transform y="1.3" skY="0" x="1.25" scX="0.62" skX="0" scY="0.62"/>
  </bone>
  <animation name="back_to_mc" scale="1" loop="1" duration="35" autoTween="NaN" fadeInTime="0.3" tweenEasing="NaN">
   <timeline name="play_cl" scale="1" pX="0" pY="0" offset="0">
    <frame z="0" duration="20">
     <transform x="0" pX="0" pY="0" skX="0" skY="0" scX="1" y="0" scY="1"/>
     <colorTransform bM="100" gO="0" bO="0" aM="0" rM="100" aO="0" gM="100" rO="0"/>
    </frame>
    <frame z="0" duration="1">
     <transform x="0" pX="0" pY="0" skX="0" skY="0" scX="1" y="0" scY="1"/>
     <colorTransform bM="100" gO="0" bO="0" aM="7" rM="100" aO="0" gM="100" rO="0"/>
    </frame>
    <frame z="0" duration="1">
     <transform x="0" pX="0" pY="0" skX="0" skY="0" scX="1" y="0" scY="1"/>
     <colorTransform bM="100" gO="0" bO="0" aM="13" rM="100" aO="0" gM="100" rO="0"/>
    </frame>
    <frame z="0" duration="1">
     <transform x="0" pX="0" pY="0" skX="0" skY="0" scX="1" y="0" scY="1"/>
     <colorTransform bM="100" gO="0" bO="0" aM="20" rM="100" aO="0" gM="100" rO="0"/>
    </frame>
    <frame z="0" duration="1">
     <transform x="0" pX="0" pY="0" skX="0" skY="0" scX="1" y="0" scY="1"/>
     <colorTransform bM="100" gO="0" bO="0" aM="27" rM="100" aO="0" gM="100" rO="0"/>
    </frame>
    <frame z="0" duration="1">
     <transform x="0" pX="0" pY="0" skX="0" skY="0" scX="1" y="0" scY="1"/>
     <colorTransform bM="100" gO="0" bO="0" aM="33" rM="100" aO="0" gM="100" rO="0"/>
    </frame>
    <frame z="0" duration="1">
     <transform x="0" pX="0" pY="0" skX="0" skY="0" scX="1" y="0" scY="1"/>
     <colorTransform bM="100" gO="0" bO="0" aM="40" rM="100" aO="0" gM="100" rO="0"/>
    </frame>
    <frame z="0" duration="1">
     <transform x="0" pX="0" pY="0" skX="0" skY="0" scX="1" y="0" scY="1"/>
     <colorTransform bM="100" gO="0" bO="0" aM="46" rM="100" aO="0" gM="100" rO="0"/>
    </frame>
    <frame z="0" duration="1">
     <transform x="0" pX="0" pY="0" skX="0" skY="0" scX="1" y="0" scY="1"/>
     <colorTransform bM="100" gO="0" bO="0" aM="54" rM="100" aO="0" gM="100" rO="0"/>
    </frame>
    <frame z="0" duration="1">
     <transform x="0" pX="0" pY="0" skX="0" skY="0" scX="1" y="0" scY="1"/>
     <colorTransform bM="100" gO="0" bO="0" aM="60" rM="100" aO="0" gM="100" rO="0"/>
    </frame>
    <frame z="0" duration="1">
     <transform x="0" pX="0" pY="0" skX="0" skY="0" scX="1" y="0" scY="1"/>
     <colorTransform bM="100" gO="0" bO="0" aM="67" rM="100" aO="0" gM="100" rO="0"/>
    </frame>
    <frame z="0" duration="1">
     <transform x="0" pX="0" pY="0" skX="0" skY="0" scX="1" y="0" scY="1"/>
     <colorTransform bM="100" gO="0" bO="0" aM="73" rM="100" aO="0" gM="100" rO="0"/>
    </frame>
    <frame z="0" duration="1">
     <transform x="0" pX="0" pY="0" skX="0" skY="0" scX="1" y="0" scY="1"/>
     <colorTransform bM="100" gO="0" bO="0" aM="80" rM="100" aO="0" gM="100" rO="0"/>
    </frame>
    <frame z="0" duration="1">
     <transform x="0" pX="0" pY="0" skX="0" skY="0" scX="1" y="0" scY="1"/>
     <colorTransform bM="100" gO="0" bO="0" aM="87" rM="100" aO="0" gM="100" rO="0"/>
    </frame>
    <frame z="0" duration="1">
     <transform x="0" pX="0" pY="0" skX="0" skY="0" scX="1" y="0" scY="1"/>
     <colorTransform bM="100" gO="0" bO="0" aM="93" rM="100" aO="0" gM="100" rO="0"/>
    </frame>
    <frame z="0" duration="1">
     <transform x="0" pX="0" pY="0" skX="0" skY="0" scX="1" y="0" scY="1"/>
    </frame>
   </timeline>
  </animation>
 </armature>
 <armature name="play_cl">
  <skin name="default">
   <slot name="Layer 10" z="0" parent="Layer 10">
    <display name="Symbol 169" type="image">
     <transform x="0" pX="40.25" pY="39.9" skX="0" skY="0" scX="1" y="0" scY="1"/>
    </display>
    <display name="Symbol 176" type="image">
     <transform x="0" pX="44.45" pY="44.1" skX="0" skY="0" scX="1" y="0" scY="1"/>
    </display>
    <display name="Symbol 177" type="image">
     <transform x="0" pX="39.1" pY="38.75" skX="0" skY="0" scX="1" y="0" scY="1"/>
    </display>
   </slot>
   <slot name="Layer 9" z="1" parent="Layer 9">
    <display name="Symbol 171" type="image">
     <transform x="0" pX="10.75" pY="10.25" skX="0" skY="0" scX="1" y="0" scY="1"/>
    </display>
    <display name="__dbTextures/play_cl/Layer 9_3" type="image">
     <transform x="-10.75" pX="0" pY="0" skX="0" skY="0" scX="1" y="-10.25" scY="1"/>
    </display>
   </slot>
   <slot name="Layer 8" z="2" parent="Layer 8">
    <display name="__dbTextures/play_cl/Layer 8_3" type="image">
     <transform x="-10.75" pX="0" pY="0" skX="0" skY="0" scX="1" y="-10.25" scY="1"/>
    </display>
   </slot>
   <slot name="Layer 7" z="3" parent="Layer 7">
    <display name="Symbol 171" type="image">
     <transform x="0" pX="10.75" pY="10.25" skX="0" skY="0" scX="1" y="0" scY="1"/>
    </display>
    <display name="__dbTextures/play_cl/Layer 7_3" type="image">
     <transform x="-10.75" pX="0" pY="0" skX="0" skY="0" scX="1" y="-10.25" scY="1"/>
    </display>
   </slot>
   <slot name="Layer 6" z="4" parent="Layer 6">
    <display name="__dbTextures/play_cl/Layer 6_3" type="image">
     <transform x="-20.8" pX="0" pY="0" skX="0" skY="0" scX="1" y="-25.7" scY="1"/>
    </display>
   </slot>
   <slot name="Layer 5" z="5" parent="Layer 5">
    <display name="Symbol 171" type="image">
     <transform x="0" pX="10.75" pY="10.25" skX="0" skY="0" scX="1" y="0" scY="1"/>
    </display>
    <display name="Symbol 174" type="image">
     <transform x="0" pX="17.95" pY="17.95" skX="0" skY="0" scX="1" y="0" scY="1"/>
    </display>
   </slot>
   <slot name="Layer 3" z="6" parent="Layer 3">
    <display name="Symbol 173" type="image">
     <transform x="0" pX="1.5" pY="1.45" skX="0" skY="0" scX="1" y="0" scY="1"/>
    </display>
   </slot>
   <slot name="Layer 1" z="7" parent="Layer 1">
    <display name="Symbol 175" type="image">
     <transform x="0" pX="23.3" pY="23.3" skX="0" skY="0" scX="1" y="0" scY="1"/>
    </display>
   </slot>
  </skin>
  <bone name="Layer 6">
   <transform y="1.3" skY="0" x="6.4" scX="1" skX="0" scY="1"/>
  </bone>
  <bone name="Layer 9">
   <transform y="-19.8" skY="30" x="15.2" scX="0.52" skX="30" scY="0.52"/>
  </bone>
  <bone name="Layer 8">
   <transform y="0" skY="0" x="0" scX="1" skX="0" scY="1"/>
  </bone>
  <bone name="Layer 7">
   <transform y="20.9" skY="-75" x="14" scX="0.52" skX="-75" scY="0.52"/>
  </bone>
  <bone name="Layer 10">
   <transform y="0" skY="0" x="0" scX="1" skX="0" scY="1"/>
  </bone>
  <bone name="Layer 5">
   <transform y="1" skY="45" x="-14.8" scX="0.52" skX="45" scY="0.52"/>
  </bone>
  <bone name="Layer 3">
   <transform y="-21.1" skY="0" x="-12.9" scX="0.9" skX="0" scY="0.9"/>
  </bone>
  <bone name="Layer 1">
   <transform y="-10.9" skY="0" x="-2.75" scX="0.49" skX="0" scY="0.49"/>
  </bone>
  <animation name="play_cl" scale="1" loop="1" duration="4" autoTween="NaN" fadeInTime="0.3" tweenEasing="NaN">
   <timeline name="Layer 10" scale="1" pX="0" pY="0" offset="0">
    <frame z="0" duration="1">
     <transform x="0" pX="0" pY="0" skX="0" skY="0" scX="1" y="0" scY="1"/>
    </frame>
    <frame displayIndex="1" z="0" duration="1">
     <transform x="0" pX="0" pY="0" skX="0" skY="0" scX="1" y="0" scY="1"/>
    </frame>
    <frame displayIndex="2" z="0" duration="1">
     <transform x="0" pX="0" pY="0" skX="0" skY="0" scX="1" y="0" scY="1"/>
    </frame>
    <frame z="0" duration="1">
     <transform x="0" pX="0" pY="0" skX="0" skY="0" scX="1" y="0" scY="1"/>
    </frame>
   </timeline>
   <timeline name="Layer 9" scale="1" pX="0" pY="0" offset="0">
    <frame z="0" duration="1">
     <transform x="0" pX="0" pY="0" skX="0" skY="0" scX="1" y="0" scY="1"/>
     <colorTransform bM="5" gO="121" bO="0" aM="100" rM="5" aO="0" gM="5" rO="219"/>
    </frame>
    <frame z="0" duration="1">
     <transform x="1.6999999999999993" pX="0" pY="0" skX="0" skY="0" scX="1.1153846153846152" y="-2.1999999999999993" scY="1.1153846153846152"/>
     <colorTransform bM="5" gO="121" bO="0" aM="100" rM="5" aO="0" gM="5" rO="219"/>
    </frame>
    <frame z="0" duration="1">
     <transform x="-0.4499999999999993" pX="0" pY="0" skX="0" skY="0" scX="0.9807692307692307" y="0.6000000000000014" scY="0.9807692307692307"/>
     <colorTransform bM="5" gO="121" bO="0" aM="100" rM="5" aO="0" gM="5" rO="219"/>
    </frame>
    <frame z="0" displayIndex="1" duration="1" tweenEasing="NaN">
     <transform x="-15.2" pX="0" pY="0" skX="-30" skY="-30" scX="1.923076923076923" y="19.8" scY="1.923076923076923"/>
    </frame>
   </timeline>
   <timeline name="Layer 8" scale="1" pX="0" pY="0" offset="0">
    <frame displayIndex="-1" duration="3"/>
    <frame z="0" duration="1" tweenEasing="NaN">
     <transform x="0" pX="0" pY="0" skX="0" skY="0" scX="1" y="0" scY="1"/>
    </frame>
   </timeline>
   <timeline name="Layer 7" scale="1" pX="0" pY="0" offset="0">
    <frame z="0" duration="1">
     <transform x="0" pX="0" pY="0" skX="0" skY="0" scX="1" y="0" scY="1"/>
     <colorTransform bM="5" gO="121" bO="0" aM="100" rM="5" aO="0" gM="5" rO="219"/>
    </frame>
    <frame z="0" duration="1">
     <transform x="1.5999999999999996" pX="0" pY="0" skX="0" skY="0" scX="1.1153846153846152" y="2.3000000000000007" scY="1.1153846153846152"/>
     <colorTransform bM="5" gO="121" bO="0" aM="100" rM="5" aO="0" gM="5" rO="219"/>
    </frame>
    <frame z="0" duration="1">
     <transform x="-0.40000000000000036" pX="0" pY="0" skX="0" skY="0" scX="0.9807692307692307" y="-0.6499999999999986" scY="0.9807692307692307"/>
     <colorTransform bM="5" gO="121" bO="0" aM="100" rM="5" aO="0" gM="5" rO="219"/>
    </frame>
    <frame z="0" displayIndex="1" duration="1" tweenEasing="NaN">
     <transform x="-14" pX="0" pY="0" skX="75" skY="75" scX="1.923076923076923" y="-20.9" scY="1.923076923076923"/>
    </frame>
   </timeline>
   <timeline name="Layer 6" scale="1" pX="0" pY="0" offset="0">
    <frame displayIndex="-1" duration="3"/>
    <frame z="0" duration="1" tweenEasing="NaN">
     <transform x="0" pX="0" pY="0" skX="0" skY="0" scX="1" y="0" scY="1"/>
    </frame>
   </timeline>
   <timeline name="Layer 5" scale="1" pX="0" pY="0" offset="0">
    <frame z="0" duration="1">
     <transform x="0" pX="0" pY="0" skX="0" skY="0" scX="1" y="0" scY="1"/>
     <colorTransform bM="5" gO="121" bO="0" aM="100" rM="5" aO="0" gM="5" rO="219"/>
    </frame>
    <frame z="0" duration="1">
     <transform x="-1.5999999999999979" pX="0" pY="0" skX="0" skY="0" scX="1.1153846153846152" y="0.10000000000000009" scY="1.1153846153846152"/>
     <colorTransform bM="5" gO="121" bO="0" aM="100" rM="5" aO="0" gM="5" rO="219"/>
    </frame>
    <frame z="0" duration="1">
     <transform x="0.45000000000000107" pX="0" pY="0" skX="0" skY="0" scX="0.9807692307692307" y="-0.050000000000000044" scY="0.9807692307692307"/>
     <colorTransform bM="5" gO="121" bO="0" aM="100" rM="5" aO="0" gM="5" rO="219"/>
    </frame>
    <frame z="0" displayIndex="1" duration="1">
     <transform x="12.05" pX="0" pY="0" skX="-45" skY="-45" scX="1.2307692307692308" y="-11.9" scY="1.2307692307692308"/>
     <colorTransform bM="100" gO="0" bO="0" aM="65" rM="100" aO="0" gM="100" rO="0"/>
    </frame>
   </timeline>
   <timeline name="Layer 3" scale="1" pX="0" pY="0" offset="0">
    <frame z="0" duration="1">
     <transform x="0" pX="0" pY="0" skX="0" skY="0" scX="1" y="0" scY="1"/>
    </frame>
    <frame z="0" duration="1">
     <transform x="-1.3499999999999996" pX="0" pY="0" skX="0" skY="0" scX="1.1111111111111112" y="-2.299999999999997" scY="1.1111111111111112"/>
    </frame>
    <frame z="0" duration="1">
     <transform x="0.40000000000000036" pX="0" pY="0" skX="0" skY="0" scX="0.9666666666666667" y="0.6500000000000021" scY="0.9666666666666667"/>
    </frame>
    <frame displayIndex="-1" duration="1"/>
   </timeline>
   <timeline name="Layer 1" scale="1" pX="0" pY="0" offset="0">
    <frame z="0" duration="1">
     <transform x="0" pX="0" pY="0" skX="0" skY="0" scX="1" y="0" scY="1"/>
     <colorTransform bM="100" gO="0" bO="0" aM="65" rM="100" aO="0" gM="100" rO="0"/>
    </frame>
    <frame z="0" duration="1">
     <transform x="-0.25" pX="0" pY="0" skX="0" skY="0" scX="1.1224489795918369" y="-1.1999999999999993" scY="1.1224489795918369"/>
     <colorTransform bM="100" gO="0" bO="0" aM="65" rM="100" aO="0" gM="100" rO="0"/>
    </frame>
    <frame z="0" duration="1">
     <transform x="0.10000000000000009" pX="0" pY="0" skX="0" skY="0" scX="0.9795918367346939" y="0.34999999999999964" scY="0.9795918367346939"/>
     <colorTransform bM="100" gO="0" bO="0" aM="65" rM="100" aO="0" gM="100" rO="0"/>
    </frame>
    <frame displayIndex="-1" duration="1"/>
   </timeline>
  </animation>
 </armature>
</root>