<TextureAtlas name="back_to_mc" imagePath="texture.png">
 <SubTexture name="Symbol 169" x="90" y="0" width="80" height="80"/>
 <SubTexture name="Symbol 176" x="0" y="0" width="89" height="89"/>
 <SubTexture name="Symbol 177" x="171" y="0" width="78" height="78"/>
 <SubTexture name="Symbol 171" x="66" y="90" width="22" height="21"/>
 <SubTexture name="__dbTextures/play_cl/Layer 9_3" x="133" y="103" width="22" height="21"/>
 <SubTexture name="__dbTextures/play_cl/Layer 8_3" x="43" y="90" width="22" height="21"/>
 <SubTexture name="__dbTextures/play_cl/Layer 7_3" x="133" y="81" width="22" height="21"/>
 <SubTexture name="__dbTextures/play_cl/Layer 6_3" x="0" y="90" width="42" height="52"/>
 <SubTexture name="Symbol 174" x="219" y="79" width="36" height="36"/>
 <SubTexture name="Symbol 173" x="90" y="81" width="42" height="52"/>
 <SubTexture name="Symbol 175" x="171" y="79" width="47" height="47"/>
</TextureAtlas>