<root name="menu_bt_mc" isGlobal="0" frameRate="30" version="3.0">
 <armature name="menu_bt_mc">
  <skin name="default">
   <slot name="menu_bt_mc" z="0" parent="menu_bt_mc">
    <display name="Symbol 1872" type="armature">
     <transform scY="1" skY="0" x="0" scX="1" skX="0" y="0"/>
    </display>
   </slot>
  </skin>
  <bone name="menu_bt_mc">
   <transform y="0" skY="0" x="0" scX="1" skX="0" scY="1"/>
  </bone>
  <animation name="menu_bt_mc" scale="1" loop="1" duration="1" autoTween="NaN" fadeInTime="0.3" tweenEasing="NaN">
   <timeline name="menu_bt_mc" scale="1" pX="0" pY="0" offset="0">
    <frame z="0" duration="1">
     <transform x="0" pX="0" pY="0" skX="0" skY="0" scX="1" y="0" scY="1"/>
    </frame>
   </timeline>
  </animation>
 </armature>
 <armature name="Symbol 1872">
  <skin name="default">
   <slot name="Layer 2" z="0" parent="Layer 2">
    <display name="Symbol 1868" type="image">
     <transform x="0" pX="29.1" pY="10" skX="0" skY="0" scX="1" y="0" scY="1"/>
    </display>
    <display name="__dbTextures/Symbol 1872/Layer 2_3" type="image">
     <transform x="-31.75" pX="0" pY="0" skX="0" skY="0" scX="1" y="-14" scY="1"/>
    </display>
   </slot>
   <slot name="Layer 1" z="1" parent="Layer 1">
    <display name="Symbol 1870" type="image">
     <transform x="0" pX="6.05" pY="7.2" skX="0" skY="0" scX="1" y="0" scY="1"/>
    </display>
   </slot>
  </skin>
  <bone name="Layer 2">
   <transform y="-1.35" skY="0" x="0.05" scX="1.06" skX="0" scY="1.06"/>
  </bone>
  <bone name="Layer 1">
   <transform y="0.1" skY="0" x="-0.7" scX="1" skX="0" scY="1"/>
  </bone>
  <animation name="menu_bt_mc" scale="1" loop="1" duration="4" autoTween="NaN" fadeInTime="0.3" tweenEasing="NaN">
   <timeline name="Layer 2" scale="1" pX="0" pY="0" offset="0">
    <frame z="0" duration="1">
     <transform x="0" pX="0" pY="0" skX="0" skY="0" scX="1" y="0" scY="1"/>
    </frame>
    <frame z="0" duration="1">
     <transform x="0" pX="0" pY="0" skX="0" skY="0" scX="1" y="1.9000000000000001" scY="1"/>
    </frame>
    <frame z="0" duration="1">
     <transform x="-0.05" pX="0" pY="0" skX="0" skY="0" scX="0.9433962264150942" y="1.35" scY="0.9433962264150942"/>
    </frame>
    <frame z="0" displayIndex="1" duration="1" tweenEasing="NaN">
     <transform x="0.4" pX="0" pY="0" skX="0" skY="0" scX="0.9433962264150942" y="2.1" scY="0.9433962264150942"/>
    </frame>
   </timeline>
   <timeline name="Layer 1" scale="1" pX="0" pY="0" offset="0">
    <frame z="0" duration="1">
     <transform x="0" pX="0" pY="0" skX="0" skY="0" scX="1" y="0" scY="1"/>
    </frame>
    <frame z="0" duration="1">
     <transform x="0" pX="0" pY="0" skX="0" skY="0" scX="1" y="1.9" scY="1"/>
    </frame>
    <frame z="0" duration="1">
     <transform x="0" pX="0" pY="0" skX="0" skY="0" scX="0.94" y="1.2999999999999998" scY="0.94"/>
    </frame>
    <frame displayIndex="-1" duration="1"/>
   </timeline>
  </animation>
 </armature>
</root>