<root name="panel_view_hit_mc" isGlobal="0" frameRate="30" version="3.0">
 <armature name="panel_view_hit_mc">
  <skin name="default">
   <slot name="Layer 6" z="0" parent="Layer 6">
    <display name="Symbol 1690" type="image">
     <transform x="0" pX="42.3" pY="29.65" skX="0" skY="0" scX="1" y="0" scY="1"/>
    </display>
   </slot>
   <slot name="Layer 5" z="1" parent="Layer 5">
    <display name="Symbol 1691" type="image">
     <transform x="0" pX="88.85" pY="-19.25" skX="0" skY="0" scX="1" y="0" scY="1"/>
    </display>
   </slot>
   <slot name="Layer 4" z="2" parent="Layer 4">
    <display name="位图 8" type="image">
     <transform x="-52" pX="0" pY="0" skX="0" skY="0" scX="1" y="-37" scY="1"/>
    </display>
   </slot>
   <slot name="Layer 3" z="3" parent="Layer 3">
    <display name="Symbol 1694" type="image">
     <transform x="0" pX="10.55" pY="8.85" skX="0" skY="0" scX="1" y="0" scY="1"/>
    </display>
   </slot>
   <slot name="ok_bt" z="4" parent="ok_bt">
    <display name="Symbol 1697" type="armature">
     <transform scY="1" skY="0" x="0" scX="1" skX="0" y="0"/>
    </display>
   </slot>
  </skin>
  <bone name="Layer 4">
   <transform y="59.7" skY="0" x="-21.15" scX="1" skX="0" scY="1"/>
  </bone>
  <bone name="Layer 5">
   <transform y="0" skY="0" x="0" scX="1" skX="0" scY="1"/>
  </bone>
  <bone name="Layer 6">
   <transform y="-3.35" skY="0" x="6.4" scX="-1" skX="0" scY="1"/>
  </bone>
  <bone name="Layer 3">
   <transform y="19.4" skY="0" x="-85.3" scX="1" skX="0" scY="1"/>
  </bone>
  <bone name="ok_bt">
   <transform y="93.75" skY="0" x="-20.9" scX="0.88" skX="0" scY="0.88"/>
  </bone>
  <animation name="panel_view_hit_mc" scale="1" loop="1" duration="1" autoTween="NaN" fadeInTime="0.3" tweenEasing="NaN">
   <timeline name="Layer 6" scale="1" pX="0" pY="0" offset="0">
    <frame z="0" duration="1">
     <transform x="0" pX="0" pY="0" skX="0" skY="0" scX="1" y="0" scY="1"/>
    </frame>
   </timeline>
   <timeline name="Layer 5" scale="1" pX="0" pY="0" offset="0">
    <frame z="0" duration="1">
     <transform x="0" pX="0" pY="0" skX="0" skY="0" scX="1" y="0" scY="1"/>
    </frame>
   </timeline>
   <timeline name="Layer 4" scale="1" pX="0" pY="0" offset="0">
    <frame z="0" duration="1">
     <transform x="0" pX="0" pY="0" skX="0" skY="0" scX="1" y="0" scY="1"/>
    </frame>
   </timeline>
   <timeline name="Layer 3" scale="1" pX="0" pY="0" offset="0">
    <frame z="0" duration="1">
     <transform x="0" pX="0" pY="0" skX="0" skY="0" scX="1" y="0" scY="1"/>
    </frame>
   </timeline>
   <timeline name="ok_bt" scale="1" pX="0" pY="0" offset="0">
    <frame z="0" duration="1">
     <transform x="0" pX="0" pY="0" skX="0" skY="0" scX="1" y="0" scY="1"/>
    </frame>
   </timeline>
  </animation>
 </armature>
 <armature name="Symbol 1697">
  <skin name="default">
   <slot name="Layer 2" z="0" parent="Layer 2">
    <display name="Symbol 1695" type="image">
     <transform x="0" pX="0" pY="-3" skX="0" skY="0" scX="1" y="0" scY="1"/>
    </display>
   </slot>
   <slot name="label" z="1" parent="label">
    <display name="位图 9" type="image">
     <transform x="-21" pX="0" pY="0" skX="0" skY="0" scX="1" y="-22.5" scY="1"/>
    </display>
    <display name="位图 10" type="image">
     <transform x="-22" pX="0" pY="0" skX="0" skY="0" scX="1" y="-23" scY="1"/>
    </display>
    <display name="位图 11" type="image">
     <transform x="-21" pX="0" pY="0" skX="0" skY="0" scX="1" y="-22.5" scY="1"/>
    </display>
    <display name="位图 12" type="image">
     <transform x="-21" pX="0" pY="0" skX="0" skY="0" scX="1" y="-22.5" scY="1"/>
    </display>
   </slot>
  </skin>
  <bone name="Layer 2">
   <transform y="0" skY="0" x="0" scX="1" skX="0" scY="1"/>
  </bone>
  <bone name="label">
   <transform y="19.4" skY="0" x="26.35" scX="1" skX="0" scY="1"/>
  </bone>
  <animation name="ok_bt" scale="1" loop="1" duration="4" autoTween="NaN" fadeInTime="0.3" tweenEasing="NaN">
   <timeline name="Layer 2" scale="1" pX="0" pY="0" offset="0">
    <frame z="0" duration="1">
     <transform x="0" pX="0" pY="0" skX="0" skY="0" scX="1" y="0" scY="1"/>
    </frame>
    <frame z="0" duration="1">
     <transform x="-1.55" pX="0" pY="0" skX="0" skY="0" scX="1.06" y="-1.3" scY="1.06"/>
    </frame>
    <frame z="0" duration="1">
     <transform x="0" pX="0" pY="0" skX="0" skY="0" scX="1" y="0" scY="1"/>
    </frame>
    <frame z="0" duration="1">
     <transform x="0" pX="0" pY="0" skX="0" skY="0" scX="1" y="0" scY="1"/>
    </frame>
   </timeline>
   <timeline name="label" scale="1" pX="0" pY="0" offset="0">
    <frame z="0" duration="1">
     <transform x="0" pX="0" pY="0" skX="0" skY="0" scX="1" y="0" scY="1"/>
    </frame>
    <frame displayIndex="1" z="0" duration="1">
     <transform x="-0.10000000000000142" pX="0" pY="0" skX="0" skY="0" scX="1" y="-0.7999999999999972" scY="1"/>
    </frame>
    <frame displayIndex="2" z="0" duration="1">
     <transform x="0" pX="0" pY="0" skX="0" skY="0" scX="1" y="0" scY="1"/>
    </frame>
    <frame displayIndex="3" z="0" duration="1">
     <transform x="0" pX="0" pY="0" skX="0" skY="0" scX="1" y="0" scY="1"/>
    </frame>
   </timeline>
  </animation>
 </armature>
</root>