<TextureAtlas name="panel_view_hit_mc" imagePath="texture.png">
 <SubTexture name="Symbol 1690" x="150" y="89" width="78" height="78"/>
 <SubTexture name="Symbol 1691" x="0" y="0" width="179" height="86"/>
 <SubTexture name="位图 8" x="0" y="88" width="104" height="74"/>
 <SubTexture name="Symbol 1694" x="226" y="41" width="22" height="22"/>
 <SubTexture name="Symbol 1695" x="180" y="0" width="53" height="40"/>
 <SubTexture name="位图 9" x="106" y="88" width="42" height="45"/>
 <SubTexture name="位图 10" x="180" y="41" width="44" height="46"/>
 <SubTexture name="位图 11" x="106" y="135" width="42" height="45"/>
 <SubTexture name="位图 12" x="0" y="164" width="42" height="45"/>
</TextureAtlas>