<root name="Deqaf" isGlobal="0" frameRate="30" version="3.0">
 <armature name="Deqaf">
  <skin name="default">
   <slot name="splash_deqaf_cl" z="0" parent="splash_deqaf_cl">
    <display name="Deqafsplash_707" type="armature">
     <transform scX="1" x="0" skX="0" scY="1" y="0" skY="0"/>
    </display>
   </slot>
  </skin>
  <bone name="splash_deqaf_cl">
   <transform scX="1" x="364" skX="0" scY="1" y="250" skY="0"/>
  </bone>
  <animation fadeInTime="0.3" scale="1" loop="1" autoTween="NaN" name="Deqaf" duration="1" tweenEasing="NaN">
   <timeline pX="0" name="splash_deqaf_cl" pY="0" scale="1" offset="0">
    <frame z="0" duration="1">
     <transform scX="1" x="0" scY="1" y="0" pX="0" pY="0" skX="0" skY="0"/>
    </frame>
   </timeline>
  </animation>
 </armature>
 <armature name="Deqafsplash_707">
  <skin name="default">
   <slot name="Layer 4" z="0" parent="Layer 4">
    <display name="__dbTextures/Deqafsplash_707/Layer 4_2" type="image">
     <transform scX="1" x="-512" scY="1" y="-384" pX="0" pY="0" skX="0" skY="0"/>
    </display>
    <display name="__dbTextures/Deqafsplash_707/Layer 4_174" type="image">
     <transform scX="1" x="-512" scY="1" y="-384" pX="0" pY="0" skX="0" skY="0"/>
    </display>
   </slot>
   <slot name="bg" z="1" parent="bg">
    <display name="Symbol 1684" type="image">
     <transform scX="1" x="0" scY="1" y="0" pX="117.8" pY="50.3" skX="0" skY="0"/>
    </display>
   </slot>
   <slot name="mask" z="2" parent="mask">
    <display name="Symbol 1682" type="image">
     <transform scX="1" x="0" scY="1" y="0" pX="118.3" pY="50.8" skX="0" skY="0"/>
    </display>
   </slot>
   <slot name="s708" z="3" parent="s708">
    <display name="s708" type="armature">
     <transform scX="1" x="0" skX="0" scY="1" y="0" skY="0"/>
    </display>
   </slot>
  </skin>
  <bone name="mask">
   <transform scX="1" x="290.3" skX="0" scY="1" y="0.1" skY="0"/>
  </bone>
  <bone name="bg">
   <transform scX="1" x="54.65" skX="0" scY="1" y="0.15" skY="0"/>
  </bone>
  <bone name="Layer 4">
   <transform scX="1" x="0" skX="0" scY="1" y="0" skY="0"/>
  </bone>
  <bone name="s708">
   <transform scX="1" x="0" skX="0" scY="1" y="0" skY="0"/>
  </bone>
  <animation fadeInTime="0.3" scale="1" loop="1" autoTween="NaN" name="splash_deqaf_cl" duration="243" tweenEasing="NaN">
   <timeline pX="0" name="Layer 4" pY="0" scale="1" offset="0">
    <frame displayIndex="-1" duration="2"/>
    <frame z="0" duration="172" tweenEasing="NaN">
     <transform scX="1" x="0" scY="1" y="0" pX="0" pY="0" skX="0" skY="0"/>
    </frame>
    <frame z="0" displayIndex="1" duration="69" tweenEasing="NaN">
     <transform scX="1" x="0" scY="1" y="0" pX="0" pY="0" skX="0" skY="0"/>
    </frame>
   </timeline>
   <timeline pX="0" name="bg" pY="0" scale="1" offset="0">
    <frame displayIndex="-1" duration="113"/>
    <frame z="0" duration="130">
     <transform scX="1" x="0" scY="1" y="0" pX="0" pY="0" skX="0" skY="0"/>
    </frame>
   </timeline>
   <timeline pX="0" name="mask" pY="0" scale="1" offset="0">
    <frame displayIndex="-1" duration="113"/>
    <frame z="0" duration="1">
     <transform scX="1" x="0" scY="1" y="0" pX="0" pY="0" skX="0" skY="0"/>
    </frame>
    <frame z="0" duration="1">
     <transform scX="1" x="-1.8000000000000114" scY="1" y="0" pX="0" pY="0" skX="0" skY="0"/>
    </frame>
    <frame z="0" duration="1">
     <transform scX="1" x="-4.050000000000011" scY="1" y="0" pX="0" pY="0" skX="0" skY="0"/>
    </frame>
    <frame z="0" duration="1">
     <transform scX="1" x="-6.75" scY="1" y="0" pX="0" pY="0" skX="0" skY="0"/>
    </frame>
    <frame z="0" duration="1">
     <transform scX="1" x="-9.850000000000023" scY="1" y="0" pX="0" pY="0" skX="0" skY="0"/>
    </frame>
    <frame z="0" duration="1">
     <transform scX="1" x="-13.400000000000034" scY="1" y="0" pX="0" pY="0" skX="0" skY="0"/>
    </frame>
    <frame z="0" duration="1">
     <transform scX="1" x="-17.350000000000023" scY="1" y="0" pX="0" pY="0" skX="0" skY="0"/>
    </frame>
    <frame z="0" duration="1">
     <transform scX="1" x="-21.75" scY="1" y="0" pX="0" pY="0" skX="0" skY="0"/>
    </frame>
    <frame z="0" duration="1">
     <transform scX="1" x="-26.55000000000001" scY="1" y="0" pX="0" pY="0" skX="0" skY="0"/>
    </frame>
    <frame z="0" duration="1">
     <transform scX="1" x="-31.80000000000001" scY="1" y="0" pX="0" pY="0" skX="0" skY="0"/>
    </frame>
    <frame z="0" duration="1">
     <transform scX="1" x="-37.5" scY="1" y="0" pX="0" pY="0" skX="0" skY="0"/>
    </frame>
    <frame z="0" duration="1">
     <transform scX="1" x="-43.60000000000002" scY="1" y="0" pX="0" pY="0" skX="0" skY="0"/>
    </frame>
    <frame z="0" duration="1">
     <transform scX="1" x="-50.150000000000006" scY="1" y="0" pX="0" pY="0" skX="0" skY="0"/>
    </frame>
    <frame z="0" duration="1">
     <transform scX="1" x="-57.10000000000002" scY="1" y="0" pX="0" pY="0" skX="0" skY="0"/>
    </frame>
    <frame z="0" duration="1">
     <transform scX="1" x="-64.5" scY="1" y="0" pX="0" pY="0" skX="0" skY="0"/>
    </frame>
    <frame z="0" duration="1">
     <transform scX="1" x="-72.30000000000001" scY="1" y="0" pX="0" pY="0" skX="0" skY="0"/>
    </frame>
    <frame z="0" duration="1">
     <transform scX="1" x="-80.55000000000001" scY="1" y="0" pX="0" pY="0" skX="0" skY="0"/>
    </frame>
    <frame z="0" duration="1">
     <transform scX="1" x="-89.25" scY="1" y="0" pX="0" pY="0" skX="0" skY="0"/>
    </frame>
    <frame z="0" duration="1">
     <transform scX="1" x="-98.35000000000002" scY="1" y="0" pX="0" pY="0" skX="0" skY="0"/>
    </frame>
    <frame z="0" duration="1">
     <transform scX="1" x="-107.9" scY="1" y="0" pX="0" pY="0" skX="0" skY="0"/>
    </frame>
    <frame z="0" duration="1">
     <transform scX="1" x="-117.85000000000002" scY="1" y="0" pX="0" pY="0" skX="0" skY="0"/>
    </frame>
    <frame z="0" duration="1">
     <transform scX="1" x="-128.25" scY="1" y="0.04999999999999999" pX="0" pY="0" skX="0" skY="0"/>
    </frame>
    <frame z="0" duration="1">
     <transform scX="1" x="-139.05" scY="1" y="0.04999999999999999" pX="0" pY="0" skX="0" skY="0"/>
    </frame>
    <frame z="0" duration="1">
     <transform scX="1" x="-150.3" scY="1" y="0.04999999999999999" pX="0" pY="0" skX="0" skY="0"/>
    </frame>
    <frame z="0" duration="1">
     <transform scX="1" x="-162" scY="1" y="0.04999999999999999" pX="0" pY="0" skX="0" skY="0"/>
    </frame>
    <frame z="0" duration="1">
     <transform scX="1" x="-174.10000000000002" scY="1" y="0.04999999999999999" pX="0" pY="0" skX="0" skY="0"/>
    </frame>
    <frame z="0" duration="1">
     <transform scX="1" x="-186.60000000000002" scY="1" y="0.04999999999999999" pX="0" pY="0" skX="0" skY="0"/>
    </frame>
    <frame z="0" duration="1">
     <transform scX="1" x="-199.60000000000002" scY="1" y="0.04999999999999999" pX="0" pY="0" skX="0" skY="0"/>
    </frame>
    <frame z="0" duration="1">
     <transform scX="1" x="-213" scY="1" y="0.04999999999999999" pX="0" pY="0" skX="0" skY="0"/>
    </frame>
    <frame z="0" duration="1">
     <transform scX="1" x="-226.8" scY="1" y="0.04999999999999999" pX="0" pY="0" skX="0" skY="0"/>
    </frame>
    <frame z="0" duration="100">
     <transform scX="1" x="-241.05" scY="1" y="0.04999999999999999" pX="0" pY="0" skX="0" skY="0"/>
    </frame>
   </timeline>
   <timeline pX="0" name="s708" pY="0" scale="1" offset="0">
    <frame displayIndex="-1" duration="2"/>
    <frame z="0" duration="97">
     <transform scX="1" x="0" scY="1" y="0" pX="0" pY="0" skX="0" skY="0"/>
    </frame>
    <frame z="0" duration="1">
     <transform scX="1" x="13.45" scY="1" y="0" pX="0" pY="0" skX="0" skY="0"/>
    </frame>
    <frame z="0" duration="1">
     <transform scX="1" x="26.2" scY="1" y="0" pX="0" pY="0" skX="0" skY="0"/>
    </frame>
    <frame z="0" duration="1">
     <transform scX="1" x="38.15" scY="1" y="0.05" pX="0" pY="0" skX="0" skY="0"/>
    </frame>
    <frame z="0" duration="1">
     <transform scX="1" x="49.3" scY="1" y="0.05" pX="0" pY="0" skX="0" skY="0"/>
    </frame>
    <frame z="0" duration="1">
     <transform scX="1" x="59.75" scY="1" y="0.05" pX="0" pY="0" skX="0" skY="0"/>
    </frame>
    <frame z="0" duration="1">
     <transform scX="1" x="69.4" scY="1" y="0.05" pX="0" pY="0" skX="0" skY="0"/>
    </frame>
    <frame z="0" duration="1">
     <transform scX="1" x="78.3" scY="1" y="0.05" pX="0" pY="0" skX="0" skY="0"/>
    </frame>
    <frame z="0" duration="1">
     <transform scX="1" x="86.45" scY="1" y="0.05" pX="0" pY="0" skX="0" skY="0"/>
    </frame>
    <frame z="0" duration="1">
     <transform scX="1" x="93.85" scY="1" y="0.1" pX="0" pY="0" skX="0" skY="0"/>
    </frame>
    <frame z="0" duration="1">
     <transform scX="1" x="100.5" scY="1" y="0.1" pX="0" pY="0" skX="0" skY="0"/>
    </frame>
    <frame z="0" duration="1">
     <transform scX="1" x="106.35" scY="1" y="0.1" pX="0" pY="0" skX="0" skY="0"/>
    </frame>
    <frame z="0" duration="1">
     <transform scX="1" x="111.45" scY="1" y="0.1" pX="0" pY="0" skX="0" skY="0"/>
    </frame>
    <frame z="0" duration="1">
     <transform scX="1" x="115.8" scY="1" y="0.1" pX="0" pY="0" skX="0" skY="0"/>
    </frame>
    <frame z="0" duration="1">
     <transform scX="1" x="119.4" scY="1" y="0.1" pX="0" pY="0" skX="0" skY="0"/>
    </frame>
    <frame z="0" duration="1">
     <transform scX="1" x="122.2" scY="1" y="0.1" pX="0" pY="0" skX="0" skY="0"/>
    </frame>
    <frame z="0" duration="1">
     <transform scX="1" x="120.4" scY="1" y="0.1" pX="0" pY="0" skX="0" skY="0"/>
    </frame>
    <frame z="0" duration="1">
     <transform scX="1" x="118.15" scY="1" y="0.1" pX="0" pY="0" skX="0" skY="0"/>
    </frame>
    <frame z="0" duration="1">
     <transform scX="1" x="115.45" scY="1" y="0.1" pX="0" pY="0" skX="0" skY="0"/>
    </frame>
    <frame z="0" duration="1">
     <transform scX="1" x="112.35" scY="1" y="0.1" pX="0" pY="0" skX="0" skY="0"/>
    </frame>
    <frame z="0" duration="1">
     <transform scX="1" x="108.8" scY="1" y="0.1" pX="0" pY="0" skX="0" skY="0"/>
    </frame>
    <frame z="0" duration="1">
     <transform scX="1" x="104.85" scY="1" y="0.1" pX="0" pY="0" skX="0" skY="0"/>
    </frame>
    <frame z="0" duration="1">
     <transform scX="1" x="100.45" scY="1" y="0.1" pX="0" pY="0" skX="0" skY="0"/>
    </frame>
    <frame z="0" duration="1">
     <transform scX="1" x="95.65" scY="1" y="0.1" pX="0" pY="0" skX="0" skY="0"/>
    </frame>
    <frame z="0" duration="1">
     <transform scX="1" x="90.4" scY="1" y="0.1" pX="0" pY="0" skX="0" skY="0"/>
    </frame>
    <frame z="0" duration="1">
     <transform scX="1" x="84.7" scY="1" y="0.1" pX="0" pY="0" skX="0" skY="0"/>
    </frame>
    <frame z="0" duration="1">
     <transform scX="1" x="78.6" scY="1" y="0.1" pX="0" pY="0" skX="0" skY="0"/>
    </frame>
    <frame z="0" duration="1">
     <transform scX="1" x="72.05" scY="1" y="0.1" pX="0" pY="0" skX="0" skY="0"/>
    </frame>
    <frame z="0" duration="1">
     <transform scX="1" x="65.1" scY="1" y="0.1" pX="0" pY="0" skX="0" skY="0"/>
    </frame>
    <frame z="0" duration="1">
     <transform scX="1" x="57.7" scY="1" y="0.05" pX="0" pY="0" skX="0" skY="0"/>
    </frame>
    <frame z="0" duration="1">
     <transform scX="1" x="49.9" scY="1" y="0.05" pX="0" pY="0" skX="0" skY="0"/>
    </frame>
    <frame z="0" duration="1">
     <transform scX="1" x="41.65" scY="1" y="0.05" pX="0" pY="0" skX="0" skY="0"/>
    </frame>
    <frame z="0" duration="1">
     <transform scX="1" x="33" scY="1" y="0.05" pX="0" pY="0" skX="0" skY="0"/>
    </frame>
    <frame z="0" duration="1">
     <transform scX="1" x="23.9" scY="1" y="0.05" pX="0" pY="0" skX="0" skY="0"/>
    </frame>
    <frame z="0" duration="1">
     <transform scX="1" x="14.35" scY="1" y="0.05" pX="0" pY="0" skX="0" skY="0"/>
    </frame>
    <frame z="0" duration="1">
     <transform scX="1" x="4.4" scY="1" y="0.05" pX="0" pY="0" skX="0" skY="0"/>
    </frame>
    <frame z="0" duration="1">
     <transform scX="1" x="-6" scY="1" y="0.05" pX="0" pY="0" skX="0" skY="0"/>
    </frame>
    <frame z="0" duration="1">
     <transform scX="1" x="-16.85" scY="1" y="0.05" pX="0" pY="0" skX="0" skY="0"/>
    </frame>
    <frame z="0" duration="1">
     <transform scX="1" x="-28.1" scY="1" y="0.05" pX="0" pY="0" skX="0" skY="0"/>
    </frame>
    <frame z="0" duration="1">
     <transform scX="1" x="-39.75" scY="1" y="0.05" pX="0" pY="0" skX="0" skY="0"/>
    </frame>
    <frame z="0" duration="1">
     <transform scX="1" x="-51.85" scY="1" y="0.05" pX="0" pY="0" skX="0" skY="0"/>
    </frame>
    <frame z="0" duration="1">
     <transform scX="1" x="-64.4" scY="1" y="0" pX="0" pY="0" skX="0" skY="0"/>
    </frame>
    <frame z="0" duration="1">
     <transform scX="1" x="-77.35" scY="1" y="0" pX="0" pY="0" skX="0" skY="0"/>
    </frame>
    <frame z="0" duration="1">
     <transform scX="1" x="-90.75" scY="1" y="0" pX="0" pY="0" skX="0" skY="0"/>
    </frame>
    <frame z="0" duration="1">
     <transform scX="1" x="-104.55" scY="1" y="0" pX="0" pY="0" skX="0" skY="0"/>
    </frame>
    <frame z="0" duration="100">
     <transform scX="1" x="-118.8" scY="1" y="0" pX="0" pY="0" skX="0" skY="0"/>
    </frame>
   </timeline>
  </animation>
 </armature>
 <armature name="s708">
  <skin name="default">
   <slot name="s709" z="0" parent="s709">
    <display name="s709" type="armature">
     <transform scX="1" x="0" skX="0" scY="1" y="0" skY="0"/>
    </display>
    <display name="__dbTextures/s708/s709_64" type="image">
     <transform scX="1" x="-50.5" scY="1" y="-50.3" pX="0" pY="0" skX="0" skY="0"/>
    </display>
    <display name="__dbTextures/s708/s709_65" type="image">
     <transform scX="1" x="-50.8" scY="1" y="-50.3" pX="0" pY="0" skX="0" skY="0"/>
    </display>
    <display name="__dbTextures/s708/s709_66" type="image">
     <transform scX="1" x="-47.6" scY="1" y="-50.3" pX="0" pY="0" skX="0" skY="0"/>
    </display>
    <display name="__dbTextures/s708/s709_67" type="image">
     <transform scX="1" x="-43.8" scY="1" y="-50.3" pX="0" pY="0" skX="0" skY="0"/>
    </display>
    <display name="__dbTextures/s708/s709_68" type="image">
     <transform scX="1" x="-40.6" scY="1" y="-50.3" pX="0" pY="0" skX="0" skY="0"/>
    </display>
    <display name="__dbTextures/s708/s709_69" type="image">
     <transform scX="1" x="-37.2" scY="1" y="-50.3" pX="0" pY="0" skX="0" skY="0"/>
    </display>
    <display name="__dbTextures/s708/s709_70" type="image">
     <transform scX="1" x="-33.9" scY="1" y="-50.3" pX="0" pY="0" skX="0" skY="0"/>
    </display>
    <display name="__dbTextures/s708/s709_71" type="image">
     <transform scX="1" x="-31.1" scY="1" y="-50.3" pX="0" pY="0" skX="0" skY="0"/>
    </display>
    <display name="__dbTextures/s708/s709_72" type="image">
     <transform scX="1" x="-27.4" scY="1" y="-50.3" pX="0" pY="0" skX="0" skY="0"/>
    </display>
    <display name="__dbTextures/s708/s709_73" type="image">
     <transform scX="1" x="-23.75" scY="1" y="-50.3" pX="0" pY="0" skX="0" skY="0"/>
    </display>
    <display name="__dbTextures/s708/s709_74" type="image">
     <transform scX="1" x="-22.05" scY="1" y="-50.3" pX="0" pY="0" skX="0" skY="0"/>
    </display>
    <display name="__dbTextures/s708/s709_75" type="image">
     <transform scX="1" x="-23.75" scY="1" y="-50.3" pX="0" pY="0" skX="0" skY="0"/>
    </display>
    <display name="__dbTextures/s708/s709_76" type="image">
     <transform scX="1" x="-27.4" scY="1" y="-50.3" pX="0" pY="0" skX="0" skY="0"/>
    </display>
    <display name="__dbTextures/s708/s709_77" type="image">
     <transform scX="1" x="-31.1" scY="1" y="-50.3" pX="0" pY="0" skX="0" skY="0"/>
    </display>
    <display name="__dbTextures/s708/s709_78" type="image">
     <transform scX="1" x="-15.85" scY="1" y="-21.9" pX="0" pY="0" skX="0" skY="0"/>
    </display>
    <display name="__dbTextures/s708/s709_79" type="image">
     <transform scX="1" x="-37.2" scY="1" y="-50.3" pX="0" pY="0" skX="0" skY="0"/>
    </display>
    <display name="__dbTextures/s708/s709_80" type="image">
     <transform scX="1" x="-40.6" scY="1" y="-50.3" pX="0" pY="0" skX="0" skY="0"/>
    </display>
    <display name="__dbTextures/s708/s709_81" type="image">
     <transform scX="1" x="-43.8" scY="1" y="-50.3" pX="0" pY="0" skX="0" skY="0"/>
    </display>
    <display name="__dbTextures/s708/s709_82" type="image">
     <transform scX="1" x="-47.6" scY="1" y="-50.3" pX="0" pY="0" skX="0" skY="0"/>
    </display>
    <display name="__dbTextures/s708/s709_83" type="image">
     <transform scX="1" x="-50.8" scY="1" y="-50.3" pX="0" pY="0" skX="0" skY="0"/>
    </display>
    <display name="__dbTextures/s708/s709_84" type="image">
     <transform scX="1" x="-50.5" scY="1" y="-50.3" pX="0" pY="0" skX="0" skY="0"/>
    </display>
    <display name="__dbTextures/s708/s709_85" type="image">
     <transform scX="1" x="-50.3" scY="1" y="-50.3" pX="0" pY="0" skX="0" skY="0"/>
    </display>
    <display name="__dbTextures/s708/s709_86" type="image">
     <transform scX="1" x="-50.15" scY="1" y="-50.3" pX="0" pY="0" skX="0" skY="0"/>
    </display>
    <display name="__dbTextures/s708/s709_87" type="image">
     <transform scX="1" x="-47.45" scY="1" y="-50.3" pX="0" pY="0" skX="0" skY="0"/>
    </display>
    <display name="__dbTextures/s708/s709_88" type="image">
     <transform scX="1" x="-43.7" scY="1" y="-50.3" pX="0" pY="0" skX="0" skY="0"/>
    </display>
    <display name="__dbTextures/s708/s709_89" type="image">
     <transform scX="1" x="-40.3" scY="1" y="-50.3" pX="0" pY="0" skX="0" skY="0"/>
    </display>
    <display name="__dbTextures/s708/s709_90" type="image">
     <transform scX="1" x="-38.15" scY="1" y="-50.3" pX="0" pY="0" skX="0" skY="0"/>
    </display>
    <display name="__dbTextures/s708/s709_91" type="image">
     <transform scX="1" x="-34.1" scY="1" y="-50.3" pX="0" pY="0" skX="0" skY="0"/>
    </display>
    <display name="__dbTextures/s708/s709_92" type="image">
     <transform scX="1" x="-30.2" scY="1" y="-50.3" pX="0" pY="0" skX="0" skY="0"/>
    </display>
    <display name="__dbTextures/s708/s709_93" type="image">
     <transform scX="1" x="-26.3" scY="1" y="-50.3" pX="0" pY="0" skX="0" skY="0"/>
    </display>
    <display name="__dbTextures/s708/s709_94" type="image">
     <transform scX="1" x="-22.35" scY="1" y="-50.3" pX="0" pY="0" skX="0" skY="0"/>
    </display>
    <display name="__dbTextures/s708/s709_95" type="image">
     <transform scX="1" x="-22.05" scY="1" y="-50.3" pX="0" pY="0" skX="0" skY="0"/>
    </display>
    <display name="__dbTextures/s708/s709_96" type="image">
     <transform scX="1" x="-22.35" scY="1" y="-50.3" pX="0" pY="0" skX="0" skY="0"/>
    </display>
    <display name="__dbTextures/s708/s709_97" type="image">
     <transform scX="1" x="-26.3" scY="1" y="-50.3" pX="0" pY="0" skX="0" skY="0"/>
    </display>
    <display name="__dbTextures/s708/s709_98" type="image">
     <transform scX="1" x="-30.2" scY="1" y="-50.3" pX="0" pY="0" skX="0" skY="0"/>
    </display>
    <display name="__dbTextures/s708/s709_99" type="image">
     <transform scX="1" x="-34.1" scY="1" y="-50.3" pX="0" pY="0" skX="0" skY="0"/>
    </display>
    <display name="__dbTextures/s708/s709_100" type="image">
     <transform scX="1" x="-38.15" scY="1" y="-50.3" pX="0" pY="0" skX="0" skY="0"/>
    </display>
    <display name="__dbTextures/s708/s709_101" type="image">
     <transform scX="1" x="-40.3" scY="1" y="-50.3" pX="0" pY="0" skX="0" skY="0"/>
    </display>
    <display name="__dbTextures/s708/s709_102" type="image">
     <transform scX="1" x="-43.7" scY="1" y="-50.3" pX="0" pY="0" skX="0" skY="0"/>
    </display>
    <display name="__dbTextures/s708/s709_103" type="image">
     <transform scX="1" x="-40.1" scY="1" y="-50.3" pX="0" pY="0" skX="0" skY="0"/>
    </display>
    <display name="__dbTextures/s708/s709_104" type="image">
     <transform scX="1" x="-50.15" scY="1" y="-50.3" pX="0" pY="0" skX="0" skY="0"/>
    </display>
    <display name="__dbTextures/s708/s709_105" type="image">
     <transform scX="1" x="-50.3" scY="1" y="-50.3" pX="0" pY="0" skX="0" skY="0"/>
    </display>
   </slot>
  </skin>
  <bone name="s709">
   <transform scX="1" x="0" skX="0" scY="1" y="0" skY="0"/>
  </bone>
  <animation fadeInTime="0.3" scale="1" loop="1" autoTween="NaN" name="s708" duration="106" tweenEasing="NaN">
   <timeline pX="0" name="s709" pY="0" scale="1" offset="0">
    <frame z="0" duration="64">
     <transform scX="1" x="0" scY="1" y="0" pX="0" pY="0" skX="0" skY="0"/>
    </frame>
    <frame z="0" displayIndex="1" duration="1" tweenEasing="NaN">
     <transform scX="1" x="-0.1" scY="1" y="0" pX="0" pY="0" skX="0" skY="0"/>
    </frame>
    <frame z="0" displayIndex="2" duration="1" tweenEasing="NaN">
     <transform scX="1" x="0" scY="1" y="0" pX="0" pY="0" skX="0" skY="0"/>
    </frame>
    <frame z="0" displayIndex="3" duration="1" tweenEasing="NaN">
     <transform scX="1" x="-0.05" scY="1" y="0" pX="0" pY="0" skX="0" skY="0"/>
    </frame>
    <frame z="0" displayIndex="4" duration="1" tweenEasing="NaN">
     <transform scX="1" x="0" scY="1" y="0" pX="0" pY="0" skX="0" skY="0"/>
    </frame>
    <frame z="0" displayIndex="5" duration="1" tweenEasing="NaN">
     <transform scX="1" x="-0.1" scY="1" y="0" pX="0" pY="0" skX="0" skY="0"/>
    </frame>
    <frame z="0" displayIndex="6" duration="1" tweenEasing="NaN">
     <transform scX="1" x="0" scY="1" y="0" pX="0" pY="0" skX="0" skY="0"/>
    </frame>
    <frame z="0" displayIndex="7" duration="1" tweenEasing="NaN">
     <transform scX="1" x="-0.05" scY="1" y="0" pX="0" pY="0" skX="0" skY="0"/>
    </frame>
    <frame z="0" displayIndex="8" duration="1" tweenEasing="NaN">
     <transform scX="1" x="-0.05" scY="1" y="0" pX="0" pY="0" skX="0" skY="0"/>
    </frame>
    <frame z="0" displayIndex="9" duration="1" tweenEasing="NaN">
     <transform scX="1" x="-0.1" scY="1" y="0" pX="0" pY="0" skX="0" skY="0"/>
    </frame>
    <frame z="0" displayIndex="10" duration="1" tweenEasing="NaN">
     <transform scX="1" x="-0.1" scY="1" y="0" pX="0" pY="0" skX="0" skY="0"/>
    </frame>
    <frame z="0" displayIndex="11" duration="1" tweenEasing="NaN">
     <transform scX="1" x="-0.1" scY="1" y="0" pX="0" pY="0" skX="0" skY="0"/>
    </frame>
    <frame z="0" displayIndex="12" duration="1" tweenEasing="NaN">
     <transform scX="1" x="-0.05" scY="1" y="0" pX="0" pY="0" skX="0" skY="0"/>
    </frame>
    <frame z="0" displayIndex="13" duration="1" tweenEasing="NaN">
     <transform scX="1" x="-0.05" scY="1" y="0" pX="0" pY="0" skX="0" skY="0"/>
    </frame>
    <frame z="0" displayIndex="14" duration="1" tweenEasing="NaN">
     <transform scX="1" x="-0.1" scY="1" y="0" pX="0" pY="0" skX="0" skY="0"/>
    </frame>
    <frame z="0" displayIndex="15" duration="1" tweenEasing="NaN">
     <transform scX="1" x="18" scY="1" y="0.35" pX="0" pY="0" skX="0" skY="0"/>
    </frame>
    <frame z="0" displayIndex="16" duration="1" tweenEasing="NaN">
     <transform scX="1" x="-0.1" scY="1" y="0" pX="0" pY="0" skX="0" skY="0"/>
    </frame>
    <frame z="0" displayIndex="17" duration="1" tweenEasing="NaN">
     <transform scX="1" x="-0.05" scY="1" y="0" pX="0" pY="0" skX="0" skY="0"/>
    </frame>
    <frame z="0" displayIndex="18" duration="1" tweenEasing="NaN">
     <transform scX="1" x="-0.1" scY="1" y="0" pX="0" pY="0" skX="0" skY="0"/>
    </frame>
    <frame z="0" displayIndex="19" duration="1" tweenEasing="NaN">
     <transform scX="1" x="-0.05" scY="1" y="0" pX="0" pY="0" skX="0" skY="0"/>
    </frame>
    <frame z="0" displayIndex="20" duration="1" tweenEasing="NaN">
     <transform scX="1" x="-0.1" scY="1" y="0" pX="0" pY="0" skX="0" skY="0"/>
    </frame>
    <frame z="0" displayIndex="21" duration="1" tweenEasing="NaN">
     <transform scX="1" x="-0.1" scY="1" y="0" pX="0" pY="0" skX="0" skY="0"/>
    </frame>
    <frame z="0" displayIndex="22" duration="1" tweenEasing="NaN">
     <transform scX="1" x="-0.1" scY="1" y="0" pX="0" pY="0" skX="0" skY="0"/>
    </frame>
    <frame z="0" displayIndex="23" duration="1" tweenEasing="NaN">
     <transform scX="1" x="-0.05" scY="1" y="0" pX="0" pY="0" skX="0" skY="0"/>
    </frame>
    <frame z="0" displayIndex="24" duration="1" tweenEasing="NaN">
     <transform scX="1" x="0" scY="1" y="0" pX="0" pY="0" skX="0" skY="0"/>
    </frame>
    <frame z="0" displayIndex="25" duration="1" tweenEasing="NaN">
     <transform scX="1" x="0" scY="1" y="0" pX="0" pY="0" skX="0" skY="0"/>
    </frame>
    <frame z="0" displayIndex="26" duration="1" tweenEasing="NaN">
     <transform scX="1" x="-0.05" scY="1" y="0" pX="0" pY="0" skX="0" skY="0"/>
    </frame>
    <frame z="0" displayIndex="27" duration="1" tweenEasing="NaN">
     <transform scX="1" x="-0.05" scY="1" y="0" pX="0" pY="0" skX="0" skY="0"/>
    </frame>
    <frame z="0" displayIndex="28" duration="1" tweenEasing="NaN">
     <transform scX="1" x="-0.1" scY="1" y="0" pX="0" pY="0" skX="0" skY="0"/>
    </frame>
    <frame z="0" displayIndex="29" duration="1" tweenEasing="NaN">
     <transform scX="1" x="-0.05" scY="1" y="0" pX="0" pY="0" skX="0" skY="0"/>
    </frame>
    <frame z="0" displayIndex="30" duration="1" tweenEasing="NaN">
     <transform scX="1" x="-0.1" scY="1" y="0" pX="0" pY="0" skX="0" skY="0"/>
    </frame>
    <frame z="0" displayIndex="31" duration="1" tweenEasing="NaN">
     <transform scX="1" x="-0.1" scY="1" y="0" pX="0" pY="0" skX="0" skY="0"/>
    </frame>
    <frame z="0" displayIndex="32" duration="1" tweenEasing="NaN">
     <transform scX="1" x="-0.1" scY="1" y="0" pX="0" pY="0" skX="0" skY="0"/>
    </frame>
    <frame z="0" displayIndex="33" duration="1" tweenEasing="NaN">
     <transform scX="1" x="0.3" scY="1" y="0" pX="0" pY="0" skX="0" skY="0"/>
    </frame>
    <frame z="0" displayIndex="34" duration="1" tweenEasing="NaN">
     <transform scX="1" x="-0.15" scY="1" y="0" pX="0" pY="0" skX="0" skY="0"/>
    </frame>
    <frame z="0" displayIndex="35" duration="1" tweenEasing="NaN">
     <transform scX="1" x="-0.5" scY="1" y="0" pX="0" pY="0" skX="0" skY="0"/>
    </frame>
    <frame z="0" displayIndex="36" duration="1" tweenEasing="NaN">
     <transform scX="1" x="0.75" scY="1" y="0" pX="0" pY="0" skX="0" skY="0"/>
    </frame>
    <frame z="0" displayIndex="37" duration="1" tweenEasing="NaN">
     <transform scX="1" x="1" scY="1" y="0" pX="0" pY="0" skX="0" skY="0"/>
    </frame>
    <frame z="0" displayIndex="38" duration="1" tweenEasing="NaN">
     <transform scX="1" x="-0.1" scY="1" y="0" pX="0" pY="0" skX="0" skY="0"/>
    </frame>
    <frame z="0" displayIndex="39" duration="1" tweenEasing="NaN">
     <transform scX="1" x="0.45" scY="1" y="0" pX="0" pY="0" skX="0" skY="0"/>
    </frame>
    <frame z="0" displayIndex="40" duration="1" tweenEasing="NaN">
     <transform scX="1" x="6.9" scY="1" y="0" pX="0" pY="0" skX="0" skY="0"/>
    </frame>
    <frame z="0" displayIndex="41" duration="1" tweenEasing="NaN">
     <transform scX="1" x="-0.05" scY="1" y="0" pX="0" pY="0" skX="0" skY="0"/>
    </frame>
    <frame z="0" displayIndex="42" duration="1" tweenEasing="NaN">
     <transform scX="1" x="0" scY="1" y="0" pX="0" pY="0" skX="0" skY="0"/>
    </frame>
   </timeline>
  </animation>
 </armature>
 <armature name="s709">
  <skin name="default">
   <slot name="Layer 4" z="0" parent="Layer 4">
    <display name="Symbol 1628" type="image">
     <transform scX="1" x="0" scY="1" y="0" pX="50.35" pY="50.3" skX="0" skY="0"/>
    </display>
    <display name="Symbol 1630" type="image">
     <transform scX="1" x="0" scY="1" y="0" pX="50.3" pY="24.9" skX="0" skY="0"/>
    </display>
   </slot>
   <slot name="Layer 3" z="1" parent="Layer 3">
    <display name="Symbol 1632" type="image">
     <transform scX="1" x="0" scY="1" y="0" pX="29.95" pY="11.4" skX="0" skY="0"/>
    </display>
   </slot>
   <slot name="Layer 2" z="2" parent="Layer 2">
    <display name="Symbol 1634" type="image">
     <transform scX="1" x="0" scY="1" y="0" pX="50.3" pY="25.45" skX="0" skY="0"/>
    </display>
   </slot>
   <slot name="Layer 1" z="3" parent="Layer 1">
    <display name="Symbol 1636" type="image">
     <transform scX="1" x="0" scY="1" y="0" pX="29.95" pY="10.5" skX="0" skY="0"/>
    </display>
   </slot>
  </skin>
  <bone name="Layer 2">
   <transform scX="1" x="0" skX="0" scY="1" y="24.9" skY="0"/>
  </bone>
  <bone name="Layer 3">
   <transform scX="1.34" x="-10.3" skX="0" scY="1.81" y="19.8" skY="0"/>
  </bone>
  <bone name="Layer 4">
   <transform scX="1" x="0" skX="0" scY="1" y="0" skY="0"/>
  </bone>
  <bone name="Layer 1">
   <transform scX="1.34" x="-10.3" skX="0" scY="1.81" y="-19.8" skY="0"/>
  </bone>
  <animation fadeInTime="0.3" scale="1" loop="1" autoTween="NaN" name="D_709" duration="58" tweenEasing="NaN">
   <timeline pX="0" name="Layer 4" pY="0" scale="1" offset="0">
    <frame displayIndex="-1" duration="15"/>
    <frame z="0" duration="1">
     <transform scX="1" x="0" scY="1" y="0" pX="0" pY="0" skX="0" skY="0"/>
     <colorTransform bM="100" gO="0" bO="0" aM="0" rM="100" aO="0" gM="100" rO="0"/>
    </frame>
    <frame z="0" duration="1">
     <transform scX="1" x="0" scY="1" y="0" pX="0" pY="0" skX="0" skY="0"/>
     <colorTransform bM="100" gO="0" bO="0" aM="10" rM="100" aO="0" gM="100" rO="0"/>
    </frame>
    <frame z="0" duration="1">
     <transform scX="1" x="0" scY="1" y="0" pX="0" pY="0" skX="0" skY="0"/>
     <colorTransform bM="100" gO="0" bO="0" aM="20" rM="100" aO="0" gM="100" rO="0"/>
    </frame>
    <frame z="0" duration="1">
     <transform scX="1" x="0" scY="1" y="0" pX="0" pY="0" skX="0" skY="0"/>
     <colorTransform bM="100" gO="0" bO="0" aM="30" rM="100" aO="0" gM="100" rO="0"/>
    </frame>
    <frame z="0" duration="1">
     <transform scX="1" x="0" scY="1" y="0" pX="0" pY="0" skX="0" skY="0"/>
     <colorTransform bM="100" gO="0" bO="0" aM="40" rM="100" aO="0" gM="100" rO="0"/>
    </frame>
    <frame z="0" duration="1">
     <transform scX="1" x="0" scY="1" y="0" pX="0" pY="0" skX="0" skY="0"/>
     <colorTransform bM="100" gO="0" bO="0" aM="50" rM="100" aO="0" gM="100" rO="0"/>
    </frame>
    <frame z="0" duration="1">
     <transform scX="1" x="0" scY="1" y="0" pX="0" pY="0" skX="0" skY="0"/>
     <colorTransform bM="100" gO="0" bO="0" aM="60" rM="100" aO="0" gM="100" rO="0"/>
    </frame>
    <frame z="0" duration="1">
     <transform scX="1" x="0" scY="1" y="0" pX="0" pY="0" skX="0" skY="0"/>
     <colorTransform bM="100" gO="0" bO="0" aM="70" rM="100" aO="0" gM="100" rO="0"/>
    </frame>
    <frame z="0" duration="1">
     <transform scX="1" x="0" scY="1" y="0" pX="0" pY="0" skX="0" skY="0"/>
     <colorTransform bM="100" gO="0" bO="0" aM="80" rM="100" aO="0" gM="100" rO="0"/>
    </frame>
    <frame z="0" duration="1">
     <transform scX="1" x="0" scY="1" y="0" pX="0" pY="0" skX="0" skY="0"/>
     <colorTransform bM="100" gO="0" bO="0" aM="90" rM="100" aO="0" gM="100" rO="0"/>
    </frame>
    <frame z="0" duration="1">
     <transform scX="1" x="0" scY="1" y="0" pX="0" pY="0" skX="0" skY="0"/>
    </frame>
    <frame z="0" displayIndex="1" duration="12">
     <transform scX="1" x="0" scY="1" y="-25.4" pX="0" pY="0" skX="0" skY="0"/>
     <colorTransform bM="0" gO="0" bO="0" aM="100" rM="0" aO="0" gM="0" rO="0"/>
    </frame>
    <frame z="0" displayIndex="1" duration="1">
     <transform scX="1" x="0" scY="1" y="-25.4" pX="0" pY="0" skX="0" skY="0"/>
     <colorTransform bM="5" gO="0" bO="0" aM="100" rM="5" aO="0" gM="5" rO="0"/>
    </frame>
    <frame z="0" displayIndex="1" duration="1">
     <transform scX="1" x="0" scY="1" y="-25.4" pX="0" pY="0" skX="0" skY="0"/>
     <colorTransform bM="10" gO="0" bO="0" aM="100" rM="10" aO="0" gM="10" rO="0"/>
    </frame>
    <frame z="0" displayIndex="1" duration="1">
     <transform scX="1" x="0" scY="1" y="-25.4" pX="0" pY="0" skX="0" skY="0"/>
     <colorTransform bM="15" gO="0" bO="0" aM="100" rM="15" aO="0" gM="15" rO="0"/>
    </frame>
    <frame z="0" displayIndex="1" duration="1">
     <transform scX="1" x="0" scY="1" y="-25.4" pX="0" pY="0" skX="0" skY="0"/>
     <colorTransform bM="20" gO="0" bO="0" aM="100" rM="20" aO="0" gM="20" rO="0"/>
    </frame>
    <frame z="0" displayIndex="1" duration="1">
     <transform scX="1" x="0" scY="1" y="-25.4" pX="0" pY="0" skX="0" skY="0"/>
     <colorTransform bM="25" gO="0" bO="0" aM="100" rM="25" aO="0" gM="25" rO="0"/>
    </frame>
    <frame z="0" displayIndex="1" duration="1">
     <transform scX="1" x="0" scY="1" y="-25.4" pX="0" pY="0" skX="0" skY="0"/>
     <colorTransform bM="30" gO="0" bO="0" aM="100" rM="30" aO="0" gM="30" rO="0"/>
    </frame>
    <frame z="0" displayIndex="1" duration="1">
     <transform scX="1" x="0" scY="1" y="-25.4" pX="0" pY="0" skX="0" skY="0"/>
     <colorTransform bM="35" gO="0" bO="0" aM="100" rM="35" aO="0" gM="35" rO="0"/>
    </frame>
    <frame z="0" displayIndex="1" duration="1">
     <transform scX="1" x="0" scY="1" y="-25.4" pX="0" pY="0" skX="0" skY="0"/>
     <colorTransform bM="40" gO="0" bO="0" aM="100" rM="40" aO="0" gM="40" rO="0"/>
    </frame>
    <frame z="0" displayIndex="1" duration="1">
     <transform scX="1" x="0" scY="1" y="-25.4" pX="0" pY="0" skX="0" skY="0"/>
     <colorTransform bM="45" gO="0" bO="0" aM="100" rM="45" aO="0" gM="45" rO="0"/>
    </frame>
    <frame z="0" displayIndex="1" duration="1">
     <transform scX="1" x="0" scY="1" y="-25.4" pX="0" pY="0" skX="0" skY="0"/>
     <colorTransform bM="50" gO="0" bO="0" aM="100" rM="50" aO="0" gM="50" rO="0"/>
    </frame>
    <frame z="0" displayIndex="1" duration="1">
     <transform scX="1" x="0" scY="1" y="-25.4" pX="0" pY="0" skX="0" skY="0"/>
     <colorTransform bM="55" gO="0" bO="0" aM="100" rM="55" aO="0" gM="55" rO="0"/>
    </frame>
    <frame z="0" displayIndex="1" duration="1">
     <transform scX="1" x="0" scY="1" y="-25.4" pX="0" pY="0" skX="0" skY="0"/>
     <colorTransform bM="60" gO="0" bO="0" aM="100" rM="60" aO="0" gM="60" rO="0"/>
    </frame>
    <frame z="0" displayIndex="1" duration="1">
     <transform scX="1" x="0" scY="1" y="-25.4" pX="0" pY="0" skX="0" skY="0"/>
     <colorTransform bM="65" gO="0" bO="0" aM="100" rM="65" aO="0" gM="65" rO="0"/>
    </frame>
    <frame z="0" displayIndex="1" duration="1">
     <transform scX="1" x="0" scY="1" y="-25.4" pX="0" pY="0" skX="0" skY="0"/>
     <colorTransform bM="70" gO="0" bO="0" aM="100" rM="70" aO="0" gM="70" rO="0"/>
    </frame>
    <frame z="0" displayIndex="1" duration="1">
     <transform scX="1" x="0" scY="1" y="-25.4" pX="0" pY="0" skX="0" skY="0"/>
     <colorTransform bM="75" gO="0" bO="0" aM="100" rM="75" aO="0" gM="75" rO="0"/>
    </frame>
    <frame z="0" displayIndex="1" duration="1">
     <transform scX="1" x="0" scY="1" y="-25.4" pX="0" pY="0" skX="0" skY="0"/>
     <colorTransform bM="80" gO="0" bO="0" aM="100" rM="80" aO="0" gM="80" rO="0"/>
    </frame>
    <frame z="0" displayIndex="1" duration="1">
     <transform scX="1" x="0" scY="1" y="-25.4" pX="0" pY="0" skX="0" skY="0"/>
     <colorTransform bM="85" gO="0" bO="0" aM="100" rM="85" aO="0" gM="85" rO="0"/>
    </frame>
    <frame z="0" displayIndex="1" duration="1">
     <transform scX="1" x="0" scY="1" y="-25.4" pX="0" pY="0" skX="0" skY="0"/>
     <colorTransform bM="90" gO="0" bO="0" aM="100" rM="90" aO="0" gM="90" rO="0"/>
    </frame>
    <frame z="0" displayIndex="1" duration="1">
     <transform scX="1" x="0" scY="1" y="-25.4" pX="0" pY="0" skX="0" skY="0"/>
     <colorTransform bM="95" gO="0" bO="0" aM="100" rM="95" aO="0" gM="95" rO="0"/>
    </frame>
    <frame displayIndex="1" z="0" duration="1">
     <transform scX="1" x="0" scY="1" y="-25.4" pX="0" pY="0" skX="0" skY="0"/>
    </frame>
   </timeline>
   <timeline pX="0" name="Layer 3" pY="0" scale="1" offset="0">
    <frame displayIndex="-1" duration="26"/>
    <frame z="0" duration="1">
     <transform scX="1" x="0" scY="1" y="0" pX="0" pY="0" skX="0" skY="0"/>
     <colorTransform bM="0" gO="0" bO="0" aM="100" rM="0" aO="0" gM="0" rO="0"/>
    </frame>
    <frame z="0" duration="1">
     <transform scX="0.9776119402985074" x="-0.8999999999999986" scY="0.9613259668508287" y="-0.8000000000000007" pX="0" pY="0" skX="0" skY="0"/>
     <colorTransform bM="0" gO="0" bO="0" aM="100" rM="0" aO="0" gM="0" rO="0"/>
    </frame>
    <frame z="0" duration="1">
     <transform scX="0.9552238805970149" x="-1.8499999999999996" scY="0.9171270718232043" y="-1.6500000000000021" pX="0" pY="0" skX="0" skY="0"/>
     <colorTransform bM="0" gO="0" bO="0" aM="100" rM="0" aO="0" gM="0" rO="0"/>
    </frame>
    <frame z="0" duration="1">
     <transform scX="0.9253731343283581" x="-2.75" scY="0.8784530386740331" y="-2.4499999999999993" pX="0" pY="0" skX="0" skY="0"/>
     <colorTransform bM="0" gO="0" bO="0" aM="100" rM="0" aO="0" gM="0" rO="0"/>
    </frame>
    <frame z="0" duration="1">
     <transform scX="0.9029850746268656" x="-3.6499999999999986" scY="0.8342541436464088" y="-3.25" pX="0" pY="0" skX="0" skY="0"/>
     <colorTransform bM="0" gO="0" bO="0" aM="100" rM="0" aO="0" gM="0" rO="0"/>
    </frame>
    <frame z="0" duration="1">
     <transform scX="0.880597014925373" x="-4.549999999999999" scY="0.7955801104972375" y="-4.050000000000001" pX="0" pY="0" skX="0" skY="0"/>
     <colorTransform bM="0" gO="0" bO="0" aM="100" rM="0" aO="0" gM="0" rO="0"/>
    </frame>
    <frame z="0" duration="1">
     <transform scX="0.8582089552238805" x="-5.5" scY="0.7569060773480664" y="-4.950000000000001" pX="0" pY="0" skX="0" skY="0"/>
     <colorTransform bM="0" gO="0" bO="0" aM="100" rM="0" aO="0" gM="0" rO="0"/>
    </frame>
    <frame z="0" duration="1">
     <transform scX="0.8358208955223881" x="-6.399999999999999" scY="0.712707182320442" y="-5.700000000000001" pX="0" pY="0" skX="0" skY="0"/>
     <colorTransform bM="0" gO="0" bO="0" aM="100" rM="0" aO="0" gM="0" rO="0"/>
    </frame>
    <frame z="0" duration="1">
     <transform scX="0.8134328358208955" x="-7.300000000000001" scY="0.6740331491712707" y="-6.5" pX="0" pY="0" skX="0" skY="0"/>
     <colorTransform bM="0" gO="0" bO="0" aM="100" rM="0" aO="0" gM="0" rO="0"/>
    </frame>
    <frame z="0" duration="1">
     <transform scX="0.7910447761194029" x="-8.25" scY="0.6353591160220994" y="-7.300000000000001" pX="0" pY="0" skX="0" skY="0"/>
     <colorTransform bM="0" gO="0" bO="0" aM="100" rM="0" aO="0" gM="0" rO="0"/>
    </frame>
    <frame z="0" duration="1">
     <transform scX="0.7686567164179104" x="-9.149999999999999" scY="0.5911602209944752" y="-8.15" pX="0" pY="0" skX="0" skY="0"/>
     <colorTransform bM="0" gO="0" bO="0" aM="100" rM="0" aO="0" gM="0" rO="0"/>
    </frame>
    <frame z="0" duration="1">
     <transform scX="0.7462686567164178" x="-10.05" scY="0.5524861878453039" y="-8.950000000000001" pX="0" pY="0" skX="0" skY="0"/>
     <colorTransform bM="0" gO="0" bO="0" aM="100" rM="0" aO="0" gM="0" rO="0"/>
    </frame>
    <frame z="0" duration="1">
     <transform scX="0.7462686567164178" x="-10.05" scY="0.5524861878453039" y="-8.950000000000001" pX="0" pY="0" skX="0" skY="0"/>
     <colorTransform bM="5" gO="0" bO="0" aM="100" rM="5" aO="0" gM="5" rO="0"/>
    </frame>
    <frame z="0" duration="1">
     <transform scX="0.7462686567164178" x="-10.05" scY="0.5524861878453039" y="-8.950000000000001" pX="0" pY="0" skX="0" skY="0"/>
     <colorTransform bM="10" gO="0" bO="0" aM="100" rM="10" aO="0" gM="10" rO="0"/>
    </frame>
    <frame z="0" duration="1">
     <transform scX="0.7462686567164178" x="-10.05" scY="0.5524861878453039" y="-8.950000000000001" pX="0" pY="0" skX="0" skY="0"/>
     <colorTransform bM="15" gO="0" bO="0" aM="100" rM="15" aO="0" gM="15" rO="0"/>
    </frame>
    <frame z="0" duration="1">
     <transform scX="0.7462686567164178" x="-10.05" scY="0.5524861878453039" y="-8.950000000000001" pX="0" pY="0" skX="0" skY="0"/>
     <colorTransform bM="20" gO="0" bO="0" aM="100" rM="20" aO="0" gM="20" rO="0"/>
    </frame>
    <frame z="0" duration="1">
     <transform scX="0.7462686567164178" x="-10.05" scY="0.5524861878453039" y="-8.950000000000001" pX="0" pY="0" skX="0" skY="0"/>
     <colorTransform bM="25" gO="0" bO="0" aM="100" rM="25" aO="0" gM="25" rO="0"/>
    </frame>
    <frame z="0" duration="1">
     <transform scX="0.7462686567164178" x="-10.05" scY="0.5524861878453039" y="-8.950000000000001" pX="0" pY="0" skX="0" skY="0"/>
     <colorTransform bM="30" gO="0" bO="0" aM="100" rM="30" aO="0" gM="30" rO="0"/>
    </frame>
    <frame z="0" duration="1">
     <transform scX="0.7462686567164178" x="-10.05" scY="0.5524861878453039" y="-8.950000000000001" pX="0" pY="0" skX="0" skY="0"/>
     <colorTransform bM="35" gO="0" bO="0" aM="100" rM="35" aO="0" gM="35" rO="0"/>
    </frame>
    <frame z="0" duration="1">
     <transform scX="0.7462686567164178" x="-10.05" scY="0.5524861878453039" y="-8.950000000000001" pX="0" pY="0" skX="0" skY="0"/>
     <colorTransform bM="40" gO="0" bO="0" aM="100" rM="40" aO="0" gM="40" rO="0"/>
    </frame>
    <frame z="0" duration="1">
     <transform scX="0.7462686567164178" x="-10.05" scY="0.5524861878453039" y="-8.950000000000001" pX="0" pY="0" skX="0" skY="0"/>
     <colorTransform bM="45" gO="0" bO="0" aM="100" rM="45" aO="0" gM="45" rO="0"/>
    </frame>
    <frame z="0" duration="1">
     <transform scX="0.7462686567164178" x="-10.05" scY="0.5524861878453039" y="-8.950000000000001" pX="0" pY="0" skX="0" skY="0"/>
     <colorTransform bM="50" gO="0" bO="0" aM="100" rM="50" aO="0" gM="50" rO="0"/>
    </frame>
    <frame z="0" duration="1">
     <transform scX="0.7462686567164178" x="-10.05" scY="0.5524861878453039" y="-8.950000000000001" pX="0" pY="0" skX="0" skY="0"/>
     <colorTransform bM="55" gO="0" bO="0" aM="100" rM="55" aO="0" gM="55" rO="0"/>
    </frame>
    <frame z="0" duration="1">
     <transform scX="0.7462686567164178" x="-10.05" scY="0.5524861878453039" y="-8.950000000000001" pX="0" pY="0" skX="0" skY="0"/>
     <colorTransform bM="60" gO="0" bO="0" aM="100" rM="60" aO="0" gM="60" rO="0"/>
    </frame>
    <frame z="0" duration="1">
     <transform scX="0.7462686567164178" x="-10.05" scY="0.5524861878453039" y="-8.950000000000001" pX="0" pY="0" skX="0" skY="0"/>
     <colorTransform bM="65" gO="0" bO="0" aM="100" rM="65" aO="0" gM="65" rO="0"/>
    </frame>
    <frame z="0" duration="1">
     <transform scX="0.7462686567164178" x="-10.05" scY="0.5524861878453039" y="-8.950000000000001" pX="0" pY="0" skX="0" skY="0"/>
     <colorTransform bM="70" gO="0" bO="0" aM="100" rM="70" aO="0" gM="70" rO="0"/>
    </frame>
    <frame z="0" duration="1">
     <transform scX="0.7462686567164178" x="-10.05" scY="0.5524861878453039" y="-8.950000000000001" pX="0" pY="0" skX="0" skY="0"/>
     <colorTransform bM="75" gO="0" bO="0" aM="100" rM="75" aO="0" gM="75" rO="0"/>
    </frame>
    <frame z="0" duration="1">
     <transform scX="0.7462686567164178" x="-10.05" scY="0.5524861878453039" y="-8.950000000000001" pX="0" pY="0" skX="0" skY="0"/>
     <colorTransform bM="80" gO="0" bO="0" aM="100" rM="80" aO="0" gM="80" rO="0"/>
    </frame>
    <frame z="0" duration="1">
     <transform scX="0.7462686567164178" x="-10.05" scY="0.5524861878453039" y="-8.950000000000001" pX="0" pY="0" skX="0" skY="0"/>
     <colorTransform bM="85" gO="0" bO="0" aM="100" rM="85" aO="0" gM="85" rO="0"/>
    </frame>
    <frame z="0" duration="1">
     <transform scX="0.7462686567164178" x="-10.05" scY="0.5524861878453039" y="-8.950000000000001" pX="0" pY="0" skX="0" skY="0"/>
     <colorTransform bM="90" gO="0" bO="0" aM="100" rM="90" aO="0" gM="90" rO="0"/>
    </frame>
    <frame z="0" duration="1">
     <transform scX="0.7462686567164178" x="-10.05" scY="0.5524861878453039" y="-8.950000000000001" pX="0" pY="0" skX="0" skY="0"/>
     <colorTransform bM="95" gO="0" bO="0" aM="100" rM="95" aO="0" gM="95" rO="0"/>
    </frame>
    <frame z="0" duration="1">
     <transform scX="0.7462686567164178" x="-10.05" scY="0.5524861878453039" y="-8.950000000000001" pX="0" pY="0" skX="0" skY="0"/>
    </frame>
   </timeline>
   <timeline pX="0" name="Layer 2" pY="0" scale="1" offset="0">
    <frame displayIndex="-1" duration="26"/>
    <frame z="0" duration="12">
     <transform scX="1" x="0" scY="1" y="0" pX="0" pY="0" skX="0" skY="0"/>
     <colorTransform bM="0" gO="0" bO="0" aM="100" rM="0" aO="0" gM="0" rO="0"/>
    </frame>
    <frame z="0" duration="1">
     <transform scX="1" x="0" scY="1" y="0" pX="0" pY="0" skX="0" skY="0"/>
     <colorTransform bM="5" gO="0" bO="0" aM="100" rM="5" aO="0" gM="5" rO="0"/>
    </frame>
    <frame z="0" duration="1">
     <transform scX="1" x="0" scY="1" y="0" pX="0" pY="0" skX="0" skY="0"/>
     <colorTransform bM="10" gO="0" bO="0" aM="100" rM="10" aO="0" gM="10" rO="0"/>
    </frame>
    <frame z="0" duration="1">
     <transform scX="1" x="0" scY="1" y="0" pX="0" pY="0" skX="0" skY="0"/>
     <colorTransform bM="15" gO="0" bO="0" aM="100" rM="15" aO="0" gM="15" rO="0"/>
    </frame>
    <frame z="0" duration="1">
     <transform scX="1" x="0" scY="1" y="0" pX="0" pY="0" skX="0" skY="0"/>
     <colorTransform bM="20" gO="0" bO="0" aM="100" rM="20" aO="0" gM="20" rO="0"/>
    </frame>
    <frame z="0" duration="1">
     <transform scX="1" x="0" scY="1" y="0" pX="0" pY="0" skX="0" skY="0"/>
     <colorTransform bM="25" gO="0" bO="0" aM="100" rM="25" aO="0" gM="25" rO="0"/>
    </frame>
    <frame z="0" duration="1">
     <transform scX="1" x="0" scY="1" y="0" pX="0" pY="0" skX="0" skY="0"/>
     <colorTransform bM="30" gO="0" bO="0" aM="100" rM="30" aO="0" gM="30" rO="0"/>
    </frame>
    <frame z="0" duration="1">
     <transform scX="1" x="0" scY="1" y="0" pX="0" pY="0" skX="0" skY="0"/>
     <colorTransform bM="35" gO="0" bO="0" aM="100" rM="35" aO="0" gM="35" rO="0"/>
    </frame>
    <frame z="0" duration="1">
     <transform scX="1" x="0" scY="1" y="0" pX="0" pY="0" skX="0" skY="0"/>
     <colorTransform bM="40" gO="0" bO="0" aM="100" rM="40" aO="0" gM="40" rO="0"/>
    </frame>
    <frame z="0" duration="1">
     <transform scX="1" x="0" scY="1" y="0" pX="0" pY="0" skX="0" skY="0"/>
     <colorTransform bM="45" gO="0" bO="0" aM="100" rM="45" aO="0" gM="45" rO="0"/>
    </frame>
    <frame z="0" duration="1">
     <transform scX="1" x="0" scY="1" y="0" pX="0" pY="0" skX="0" skY="0"/>
     <colorTransform bM="50" gO="0" bO="0" aM="100" rM="50" aO="0" gM="50" rO="0"/>
    </frame>
    <frame z="0" duration="1">
     <transform scX="1" x="0" scY="1" y="0" pX="0" pY="0" skX="0" skY="0"/>
     <colorTransform bM="55" gO="0" bO="0" aM="100" rM="55" aO="0" gM="55" rO="0"/>
    </frame>
    <frame z="0" duration="1">
     <transform scX="1" x="0" scY="1" y="0" pX="0" pY="0" skX="0" skY="0"/>
     <colorTransform bM="60" gO="0" bO="0" aM="100" rM="60" aO="0" gM="60" rO="0"/>
    </frame>
    <frame z="0" duration="1">
     <transform scX="1" x="0" scY="1" y="0" pX="0" pY="0" skX="0" skY="0"/>
     <colorTransform bM="65" gO="0" bO="0" aM="100" rM="65" aO="0" gM="65" rO="0"/>
    </frame>
    <frame z="0" duration="1">
     <transform scX="1" x="0" scY="1" y="0" pX="0" pY="0" skX="0" skY="0"/>
     <colorTransform bM="70" gO="0" bO="0" aM="100" rM="70" aO="0" gM="70" rO="0"/>
    </frame>
    <frame z="0" duration="1">
     <transform scX="1" x="0" scY="1" y="0" pX="0" pY="0" skX="0" skY="0"/>
     <colorTransform bM="75" gO="0" bO="0" aM="100" rM="75" aO="0" gM="75" rO="0"/>
    </frame>
    <frame z="0" duration="1">
     <transform scX="1" x="0" scY="1" y="0" pX="0" pY="0" skX="0" skY="0"/>
     <colorTransform bM="80" gO="0" bO="0" aM="100" rM="80" aO="0" gM="80" rO="0"/>
    </frame>
    <frame z="0" duration="1">
     <transform scX="1" x="0" scY="1" y="0" pX="0" pY="0" skX="0" skY="0"/>
     <colorTransform bM="85" gO="0" bO="0" aM="100" rM="85" aO="0" gM="85" rO="0"/>
    </frame>
    <frame z="0" duration="1">
     <transform scX="1" x="0" scY="1" y="0" pX="0" pY="0" skX="0" skY="0"/>
     <colorTransform bM="90" gO="0" bO="0" aM="100" rM="90" aO="0" gM="90" rO="0"/>
    </frame>
    <frame z="0" duration="1">
     <transform scX="1" x="0" scY="1" y="0" pX="0" pY="0" skX="0" skY="0"/>
     <colorTransform bM="95" gO="0" bO="0" aM="100" rM="95" aO="0" gM="95" rO="0"/>
    </frame>
    <frame z="0" duration="1">
     <transform scX="1" x="0" scY="1" y="0" pX="0" pY="0" skX="0" skY="0"/>
    </frame>
   </timeline>
   <timeline pX="0" name="Layer 1" pY="0" scale="1" offset="0">
    <frame displayIndex="-1" duration="26"/>
    <frame z="0" duration="1">
     <transform scX="1" x="0" scY="1" y="0" pX="0" pY="0" skX="0" skY="0"/>
     <colorTransform bM="0" gO="0" bO="0" aM="100" rM="0" aO="0" gM="0" rO="0"/>
    </frame>
    <frame z="0" duration="1">
     <transform scX="0.9776119402985074" x="-0.8999999999999986" scY="0.9613259668508287" y="0.8000000000000007" pX="0" pY="0" skX="0" skY="0"/>
     <colorTransform bM="0" gO="0" bO="0" aM="100" rM="0" aO="0" gM="0" rO="0"/>
    </frame>
    <frame z="0" duration="1">
     <transform scX="0.9552238805970149" x="-1.8499999999999996" scY="0.9171270718232043" y="1.6000000000000014" pX="0" pY="0" skX="0" skY="0"/>
     <colorTransform bM="0" gO="0" bO="0" aM="100" rM="0" aO="0" gM="0" rO="0"/>
    </frame>
    <frame z="0" duration="1">
     <transform scX="0.9253731343283581" x="-2.75" scY="0.8784530386740331" y="2.400000000000002" pX="0" pY="0" skX="0" skY="0"/>
     <colorTransform bM="0" gO="0" bO="0" aM="100" rM="0" aO="0" gM="0" rO="0"/>
    </frame>
    <frame z="0" duration="1">
     <transform scX="0.9029850746268656" x="-3.6499999999999986" scY="0.8342541436464088" y="3.1999999999999993" pX="0" pY="0" skX="0" skY="0"/>
     <colorTransform bM="0" gO="0" bO="0" aM="100" rM="0" aO="0" gM="0" rO="0"/>
    </frame>
    <frame z="0" duration="1">
     <transform scX="0.880597014925373" x="-4.549999999999999" scY="0.7955801104972375" y="4" pX="0" pY="0" skX="0" skY="0"/>
     <colorTransform bM="0" gO="0" bO="0" aM="100" rM="0" aO="0" gM="0" rO="0"/>
    </frame>
    <frame z="0" duration="1">
     <transform scX="0.8582089552238805" x="-5.5" scY="0.7569060773480664" y="4.800000000000001" pX="0" pY="0" skX="0" skY="0"/>
     <colorTransform bM="0" gO="0" bO="0" aM="100" rM="0" aO="0" gM="0" rO="0"/>
    </frame>
    <frame z="0" duration="1">
     <transform scX="0.8358208955223881" x="-6.399999999999999" scY="0.712707182320442" y="5.550000000000001" pX="0" pY="0" skX="0" skY="0"/>
     <colorTransform bM="0" gO="0" bO="0" aM="100" rM="0" aO="0" gM="0" rO="0"/>
    </frame>
    <frame z="0" duration="1">
     <transform scX="0.8134328358208955" x="-7.300000000000001" scY="0.6740331491712707" y="6.350000000000001" pX="0" pY="0" skX="0" skY="0"/>
     <colorTransform bM="0" gO="0" bO="0" aM="100" rM="0" aO="0" gM="0" rO="0"/>
    </frame>
    <frame z="0" duration="1">
     <transform scX="0.7910447761194029" x="-8.25" scY="0.6353591160220994" y="7.15" pX="0" pY="0" skX="0" skY="0"/>
     <colorTransform bM="0" gO="0" bO="0" aM="100" rM="0" aO="0" gM="0" rO="0"/>
    </frame>
    <frame z="0" duration="1">
     <transform scX="0.7686567164179104" x="-9.149999999999999" scY="0.5911602209944752" y="7.950000000000001" pX="0" pY="0" skX="0" skY="0"/>
     <colorTransform bM="0" gO="0" bO="0" aM="100" rM="0" aO="0" gM="0" rO="0"/>
    </frame>
    <frame z="0" duration="1">
     <transform scX="0.7462686567164178" x="-10.05" scY="0.5524861878453039" y="8.75" pX="0" pY="0" skX="0" skY="0"/>
     <colorTransform bM="0" gO="0" bO="0" aM="100" rM="0" aO="0" gM="0" rO="0"/>
    </frame>
    <frame z="0" duration="1">
     <transform scX="0.7462686567164178" x="-10.05" scY="0.5524861878453039" y="8.75" pX="0" pY="0" skX="0" skY="0"/>
     <colorTransform bM="5" gO="0" bO="0" aM="100" rM="5" aO="0" gM="5" rO="0"/>
    </frame>
    <frame z="0" duration="1">
     <transform scX="0.7462686567164178" x="-10.05" scY="0.5524861878453039" y="8.75" pX="0" pY="0" skX="0" skY="0"/>
     <colorTransform bM="10" gO="0" bO="0" aM="100" rM="10" aO="0" gM="10" rO="0"/>
    </frame>
    <frame z="0" duration="1">
     <transform scX="0.7462686567164178" x="-10.05" scY="0.5524861878453039" y="8.75" pX="0" pY="0" skX="0" skY="0"/>
     <colorTransform bM="15" gO="0" bO="0" aM="100" rM="15" aO="0" gM="15" rO="0"/>
    </frame>
    <frame z="0" duration="1">
     <transform scX="0.7462686567164178" x="-10.05" scY="0.5524861878453039" y="8.75" pX="0" pY="0" skX="0" skY="0"/>
     <colorTransform bM="20" gO="0" bO="0" aM="100" rM="20" aO="0" gM="20" rO="0"/>
    </frame>
    <frame z="0" duration="1">
     <transform scX="0.7462686567164178" x="-10.05" scY="0.5524861878453039" y="8.75" pX="0" pY="0" skX="0" skY="0"/>
     <colorTransform bM="25" gO="0" bO="0" aM="100" rM="25" aO="0" gM="25" rO="0"/>
    </frame>
    <frame z="0" duration="1">
     <transform scX="0.7462686567164178" x="-10.05" scY="0.5524861878453039" y="8.75" pX="0" pY="0" skX="0" skY="0"/>
     <colorTransform bM="30" gO="0" bO="0" aM="100" rM="30" aO="0" gM="30" rO="0"/>
    </frame>
    <frame z="0" duration="1">
     <transform scX="0.7462686567164178" x="-10.05" scY="0.5524861878453039" y="8.75" pX="0" pY="0" skX="0" skY="0"/>
     <colorTransform bM="35" gO="0" bO="0" aM="100" rM="35" aO="0" gM="35" rO="0"/>
    </frame>
    <frame z="0" duration="1">
     <transform scX="0.7462686567164178" x="-10.05" scY="0.5524861878453039" y="8.75" pX="0" pY="0" skX="0" skY="0"/>
     <colorTransform bM="40" gO="0" bO="0" aM="100" rM="40" aO="0" gM="40" rO="0"/>
    </frame>
    <frame z="0" duration="1">
     <transform scX="0.7462686567164178" x="-10.05" scY="0.5524861878453039" y="8.75" pX="0" pY="0" skX="0" skY="0"/>
     <colorTransform bM="45" gO="0" bO="0" aM="100" rM="45" aO="0" gM="45" rO="0"/>
    </frame>
    <frame z="0" duration="1">
     <transform scX="0.7462686567164178" x="-10.05" scY="0.5524861878453039" y="8.75" pX="0" pY="0" skX="0" skY="0"/>
     <colorTransform bM="50" gO="0" bO="0" aM="100" rM="50" aO="0" gM="50" rO="0"/>
    </frame>
    <frame z="0" duration="1">
     <transform scX="0.7462686567164178" x="-10.05" scY="0.5524861878453039" y="8.75" pX="0" pY="0" skX="0" skY="0"/>
     <colorTransform bM="55" gO="0" bO="0" aM="100" rM="55" aO="0" gM="55" rO="0"/>
    </frame>
    <frame z="0" duration="1">
     <transform scX="0.7462686567164178" x="-10.05" scY="0.5524861878453039" y="8.75" pX="0" pY="0" skX="0" skY="0"/>
     <colorTransform bM="60" gO="0" bO="0" aM="100" rM="60" aO="0" gM="60" rO="0"/>
    </frame>
    <frame z="0" duration="1">
     <transform scX="0.7462686567164178" x="-10.05" scY="0.5524861878453039" y="8.75" pX="0" pY="0" skX="0" skY="0"/>
     <colorTransform bM="65" gO="0" bO="0" aM="100" rM="65" aO="0" gM="65" rO="0"/>
    </frame>
    <frame z="0" duration="1">
     <transform scX="0.7462686567164178" x="-10.05" scY="0.5524861878453039" y="8.75" pX="0" pY="0" skX="0" skY="0"/>
     <colorTransform bM="70" gO="0" bO="0" aM="100" rM="70" aO="0" gM="70" rO="0"/>
    </frame>
    <frame z="0" duration="1">
     <transform scX="0.7462686567164178" x="-10.05" scY="0.5524861878453039" y="8.75" pX="0" pY="0" skX="0" skY="0"/>
     <colorTransform bM="75" gO="0" bO="0" aM="100" rM="75" aO="0" gM="75" rO="0"/>
    </frame>
    <frame z="0" duration="1">
     <transform scX="0.7462686567164178" x="-10.05" scY="0.5524861878453039" y="8.75" pX="0" pY="0" skX="0" skY="0"/>
     <colorTransform bM="80" gO="0" bO="0" aM="100" rM="80" aO="0" gM="80" rO="0"/>
    </frame>
    <frame z="0" duration="1">
     <transform scX="0.7462686567164178" x="-10.05" scY="0.5524861878453039" y="8.75" pX="0" pY="0" skX="0" skY="0"/>
     <colorTransform bM="85" gO="0" bO="0" aM="100" rM="85" aO="0" gM="85" rO="0"/>
    </frame>
    <frame z="0" duration="1">
     <transform scX="0.7462686567164178" x="-10.05" scY="0.5524861878453039" y="8.75" pX="0" pY="0" skX="0" skY="0"/>
     <colorTransform bM="90" gO="0" bO="0" aM="100" rM="90" aO="0" gM="90" rO="0"/>
    </frame>
    <frame z="0" duration="1">
     <transform scX="0.7462686567164178" x="-10.05" scY="0.5524861878453039" y="8.75" pX="0" pY="0" skX="0" skY="0"/>
     <colorTransform bM="95" gO="0" bO="0" aM="100" rM="95" aO="0" gM="95" rO="0"/>
    </frame>
    <frame z="0" duration="1">
     <transform scX="0.7462686567164178" x="-10.05" scY="0.5524861878453039" y="8.75" pX="0" pY="0" skX="0" skY="0"/>
    </frame>
   </timeline>
  </animation>
 </armature>
</root>