<root name="skirt_cl" isGlobal="0" frameRate="30" version="3.0">
 <armature name="skirt_cl">
  <skin name="default">
   <slot name="Layer 1" z="0" parent="Layer 1">
    <display name="sprite 206" type="image">
     <transform x="0" pX="59.4" pY="55" skX="0" skY="0" scX="1" y="0" scY="1"/>
    </display>
    <display name="Graphic/shape 1280" type="image">
     <transform x="0" pX="14.7" pY="8.05" skX="0" skY="0" scX="1" y="0" scY="1"/>
    </display>
    <display name="Graphic/shape 1281" type="image">
     <transform x="0" pX="19.2" pY="6.4" skX="0" skY="0" scX="1" y="0" scY="1"/>
    </display>
    <display name="Graphic/shape 1282" type="image">
     <transform x="0" pX="10.9" pY="4.5" skX="0" skY="0" scX="1" y="0" scY="1"/>
    </display>
    <display name="Graphic/shape 1283" type="image">
     <transform x="0" pX="18.5" pY="3.9" skX="0" skY="0" scX="1" y="0" scY="1"/>
    </display>
   </slot>
  </skin>
  <bone name="Layer 1">
   <transform y="0" skY="0" x="0" scX="0.24" skX="0" scY="0.24"/>
  </bone>
  <animation name="skirt_cl" scale="1" loop="1" duration="235" autoTween="NaN" fadeInTime="0.3" tweenEasing="NaN">
   <timeline name="Layer 1" scale="1" pX="0" pY="0" offset="0">
    <frame z="0" duration="4">
     <transform x="0" pX="0" pY="0" skX="0" skY="0" scX="1" y="0" scY="1"/>
    </frame>
    <frame displayIndex="1" z="0" duration="1">
     <transform x="0" pX="0" pY="0" skX="0" skY="0" scX="4.166666666666667" y="0" scY="4.166666666666667"/>
    </frame>
    <frame z="0" duration="7">
     <transform x="0" pX="0" pY="0" skX="0" skY="0" scX="1" y="0" scY="1"/>
    </frame>
    <frame displayIndex="2" z="0" duration="1">
     <transform x="0" pX="0" pY="0" skX="0" skY="0" scX="4.166666666666667" y="0" scY="4.166666666666667"/>
    </frame>
    <frame z="0" duration="52">
     <transform x="0" pX="0" pY="0" skX="0" skY="0" scX="1" y="0" scY="1"/>
    </frame>
    <frame displayIndex="3" z="0" duration="1">
     <transform x="0" pX="0" pY="0" skX="0" skY="0" scX="4.166666666666667" y="0" scY="4.166666666666667"/>
    </frame>
    <frame z="0" duration="136">
     <transform x="0" pX="0" pY="0" skX="0" skY="0" scX="1" y="0" scY="1"/>
    </frame>
    <frame displayIndex="4" z="0" duration="1">
     <transform x="0" pX="0" pY="0" skX="0" skY="0" scX="4.166666666666667" y="0" scY="4.166666666666667"/>
    </frame>
    <frame z="0" duration="32">
     <transform x="0" pX="0" pY="0" skX="0" skY="0" scX="1" y="0" scY="1"/>
    </frame>
   </timeline>
  </animation>
 </armature>
</root>