<root name="Buttons_sounds" isGlobal="0" frameRate="30" version="3.0">
 <armature name="Buttons_sounds">
  <skin name="default">
   <slot name="sfx_bt" z="0" parent="sfx_bt">
    <display name="Symbol 1728" type="armature">
     <transform scX="1" x="0" skX="0" scY="1" y="0" skY="0"/>
    </display>
   </slot>
   <slot name="music_bt" z="1" parent="music_bt">
    <display name="Symbol 1736" type="armature">
     <transform scX="1" x="0" skX="0" scY="1" y="0" skY="0"/>
    </display>
   </slot>
  </skin>
  <bone name="sfx_bt">
   <transform scX="1" x="0" skX="0" scY="1" y="0" skY="0"/>
  </bone>
  <bone name="music_bt">
   <transform scX="1" x="58.5" skX="0" scY="1" y="0" skY="0"/>
  </bone>
  <animation fadeInTime="0.3" scale="1" loop="1" autoTween="NaN" name="Buttons_sounds" duration="1" tweenEasing="NaN">
   <timeline pX="0" name="sfx_bt" pY="0" scale="1" offset="0">
    <frame z="0" duration="1">
     <transform scX="1" x="0" scY="1" y="0" pX="0" pY="0" skX="0" skY="0"/>
    </frame>
   </timeline>
   <timeline pX="0" name="music_bt" pY="0" scale="1" offset="0">
    <frame z="0" duration="1">
     <transform scX="1" x="0" scY="1" y="0" pX="0" pY="0" skX="0" skY="0"/>
    </frame>
   </timeline>
  </animation>
 </armature>
 <armature name="Symbol 1728">
  <skin name="default">
   <slot name="sfx_bt" z="0" parent="sfx_bt">
    <display name="Symbol 1727" type="image">
     <transform scX="1" x="0" scY="1" y="0" pX="24.7" pY="20.75" skX="0" skY="0"/>
    </display>
   </slot>
  </skin>
  <bone name="sfx_bt">
   <transform scX="1" x="0" skX="0" scY="1" y="0" skY="0"/>
  </bone>
  <animation fadeInTime="0.3" scale="5" loop="0" autoTween="NaN" name="sfx_bt" duration="2" tweenEasing="2">
   <timeline pX="0" name="sfx_bt" pY="0" scale="1" offset="0">
    <frame z="0" duration="1">
     <transform scX="1" x="0" scY="1" y="0" pX="0" pY="0" skX="0" skY="0"/>
    </frame>
    <frame z="0" duration="1">
     <transform scX="1" x="0" scY="1" y="0" pX="0" pY="0" skX="0" skY="0"/>
     <colorTransform bM="100" gO="0" bO="0" aM="50" rM="100" aO="0" gM="100" rO="0"/>
    </frame>
   </timeline>
  </animation>
 </armature>
 <armature name="Symbol 1736">
  <skin name="default">
   <slot name="music_bt" z="0" parent="music_bt">
    <display name="Symbol 1735" type="image">
     <transform scX="1" x="0" scY="1" y="0" pX="20.6" pY="21.15" skX="0" skY="0"/>
    </display>
   </slot>
  </skin>
  <bone name="music_bt">
   <transform scX="1" x="0" skX="0" scY="1" y="0" skY="0"/>
  </bone>
  <animation fadeInTime="0.3" scale="5" loop="0" autoTween="NaN" name="music_bt" duration="2" tweenEasing="2">
   <timeline pX="0" name="music_bt" pY="0" scale="1" offset="0">
    <frame z="0" duration="1">
     <transform scX="1" x="0" scY="1" y="0" pX="0" pY="0" skX="0" skY="0"/>
    </frame>
    <frame z="0" duration="1">
     <transform scX="1" x="0" scY="1" y="0" pX="0" pY="0" skX="0" skY="0"/>
     <colorTransform bM="100" gO="0" bO="0" aM="50" rM="100" aO="0" gM="100" rO="0"/>
    </frame>
   </timeline>
  </animation>
 </armature>
</root>