<root name="down_panel_mc" isGlobal="0" frameRate="30" version="3.0">
 <armature name="down_panel_mc">
  <skin name="default">
   <slot name="train_bt" z="0" parent="train_bt">
    <display name="train_bt" type="armature">
     <transform scY="1" skY="0" x="0" scX="1" skX="0" y="0"/>
    </display>
   </slot>
   <slot name="Layer 6" z="1" parent="Layer 6">
    <display name="Symbol 1857" type="image">
     <transform x="0" pX="-6.55" pY="6.85" skX="0" skY="0" scX="1" y="0" scY="1"/>
    </display>
   </slot>
   <slot name="enemy_tx" z="2" parent="enemy_tx">
    <display name="位图 2" type="image">
     <transform x="-134" pX="0" pY="0" skX="0" skY="0" scX="1" y="-14.5" scY="1"/>
    </display>
   </slot>
   <slot name="refresh_bt" z="3" parent="refresh_bt">
    <display name="refresh_bt" type="armature">
     <transform scY="1" skY="0" x="0" scX="1" skX="0" y="0"/>
    </display>
   </slot>
   <slot name="Layer 3" z="4" parent="Layer 3">
    <display name="Symbol 1859" type="image">
     <transform x="0" pX="322.85" pY="6.9" skX="0" skY="0" scX="1" y="0" scY="1"/>
    </display>
   </slot>
   <slot name="Layer 2" z="5" parent="Layer 2">
    <display name="Symbol 1859" type="image">
     <transform x="0" pX="322.85" pY="6.9" skX="0" skY="0" scX="1" y="0" scY="1"/>
    </display>
   </slot>
   <slot name="hero_tx" z="6" parent="hero_tx">
    <display name="位图 1" type="image">
     <transform x="-133" pX="0" pY="0" skX="0" skY="0" scX="1" y="-14.5" scY="1"/>
    </display>
   </slot>
  </skin>
  <bone name="refresh_bt">
   <transform y="-19" skY="0" x="-80.8" scX="1" skX="0" scY="1"/>
  </bone>
  <bone name="Layer 6">
   <transform y="0" skY="0" x="0" scX="1" skX="0" scY="1"/>
  </bone>
  <bone name="enemy_tx">
   <transform y="25.25" skY="0" x="222.75" scX="1" skX="0" scY="1"/>
  </bone>
  <bone name="train_bt">
   <transform y="-19" skY="0" x="131.15" scX="1" skX="0" scY="1"/>
  </bone>
  <bone name="Layer 3">
   <transform y="0" skY="0" x="0" scX="1" skX="0" scY="1"/>
  </bone>
  <bone name="Layer 2">
   <transform y="0" skY="0" x="0" scX="1" skX="0" scY="1"/>
  </bone>
  <bone name="hero_tx">
   <transform y="25.2" skY="0" x="-103.8" scX="1" skX="0" scY="1"/>
  </bone>
  <animation name="down_panel_mc" scale="5" loop="0" duration="2" autoTween="NaN" fadeInTime="0.3" tweenEasing="2">
   <timeline name="train_bt" scale="1" pX="0" pY="0" offset="0">
    <frame displayIndex="-1" duration="1"/>
    <frame z="0" duration="1">
     <transform x="0" pX="0" pY="0" skX="0" skY="0" scX="1" y="0" scY="1"/>
    </frame>
   </timeline>
   <timeline name="Layer 6" scale="1" pX="0" pY="0" offset="0">
    <frame z="0" duration="1">
     <transform x="0" pX="0" pY="0" skX="0" skY="0" scX="1" y="0" scY="1"/>
    </frame>
    <frame displayIndex="-1" duration="1"/>
   </timeline>
   <timeline name="enemy_tx" scale="1" pX="0" pY="0" offset="0">
    <frame z="0" duration="1">
     <transform x="0" pX="0" pY="0" skX="0" skY="0" scX="1" y="0" scY="1"/>
    </frame>
    <frame displayIndex="-1" duration="1"/>
   </timeline>
   <timeline name="refresh_bt" scale="1" pX="0" pY="0" offset="0">
    <frame displayIndex="-1" duration="1"/>
    <frame z="0" duration="1">
     <transform x="0" pX="0" pY="0" skX="0" skY="0" scX="1" y="0" scY="1"/>
    </frame>
   </timeline>
   <timeline name="Layer 3" scale="1" pX="0" pY="0" offset="0">
    <frame z="0" duration="1">
     <transform x="0" pX="0" pY="0" skX="0" skY="0" scX="1" y="0" scY="1"/>
    </frame>
    <frame displayIndex="-1" duration="1"/>
   </timeline>
   <timeline name="Layer 2" scale="1" pX="0" pY="0" offset="0">
    <frame displayIndex="-1" duration="1"/>
    <frame z="0" duration="1">
     <transform x="0" pX="0" pY="0" skX="0" skY="0" scX="1" y="0" scY="1"/>
    </frame>
   </timeline>
   <timeline name="hero_tx" scale="1" pX="0" pY="0" offset="0">
    <frame z="0" duration="2">
     <transform x="0" pX="0" pY="0" skX="0" skY="0" scX="1" y="0" scY="1"/>
    </frame>
   </timeline>
  </animation>
 </armature>
 <armature name="train_bt">
  <skin name="default">
   <slot name="Layer 2" z="0" parent="Layer 2">
    <display name="Symbol 1861" type="image">
     <transform x="0" pX="-85.55" pY="-14.6" skX="0" skY="0" scX="1" y="0" scY="1"/>
    </display>
   </slot>
   <slot name="Layer 1" z="1" parent="Layer 1">
    <display name="text" type="text">
     <transform x="-2" pX="0" pY="0" skX="0" skY="0" scX="1" y="-2" scY="1"/>
     <text alignV="top" textType="static" size="37" text="退出" face="FrLt DFGirl Regular" alignH="left" width="79" bold="0" lineType="single line" height="46" italic="0">
      <color g="238" r="255" b="150" a="255"/>
     </text>
    </display>
   </slot>
  </skin>
  <bone name="Layer 2">
   <transform y="0" skY="0" x="0" scX="1" skX="0" scY="1"/>
  </bone>
  <bone name="Layer 1">
   <transform y="27.2" skY="0" x="134.4" scX="0.46" skX="0" scY="0.46"/>
  </bone>
  <animation name="train_bt" scale="1" loop="1" duration="4" autoTween="NaN" fadeInTime="0.3" tweenEasing="NaN">
   <timeline name="Layer 2" scale="1" pX="0" pY="0" offset="0">
    <frame z="0" duration="1">
     <transform x="0" pX="0" pY="0" skX="0" skY="0" scX="1" y="0" scY="1"/>
    </frame>
    <frame z="0" duration="1">
     <transform x="-9.35" pX="0" pY="0" skX="0" skY="0" scX="1.07" y="-2.25" scY="1.07"/>
    </frame>
    <frame z="0" duration="1">
     <transform x="0" pX="0" pY="0" skX="0" skY="0" scX="1" y="0" scY="1"/>
    </frame>
    <frame z="0" duration="1">
     <transform x="0" pX="0" pY="0" skX="0" skY="0" scX="1" y="0" scY="1"/>
    </frame>
   </timeline>
   <timeline name="Layer 1" scale="1" pX="0" pY="0" offset="0">
    <frame z="0" duration="1">
     <transform x="0" pX="0" pY="0" skX="0" skY="0" scX="1" y="0" scY="1"/>
    </frame>
    <frame z="0" duration="1">
     <transform x="0.04999999999998295" pX="0" pY="0" skX="0" skY="0" scX="1.0869565217391304" y="-0.3000000000000007" scY="1.0869565217391304"/>
    </frame>
    <frame z="0" duration="1">
     <transform x="0" pX="0" pY="0" skX="0" skY="0" scX="1" y="0" scY="1"/>
    </frame>
    <frame z="0" duration="1">
     <transform x="0" pX="0" pY="0" skX="0" skY="0" scX="1" y="0" scY="1"/>
    </frame>
   </timeline>
  </animation>
 </armature>
 <armature name="refresh_bt">
  <skin name="default">
   <slot name="Layer 2" z="0" parent="Layer 2">
    <display name="Symbol 1864" type="image">
     <transform x="0" pX="-85.55" pY="-14.6" skX="0" skY="0" scX="1" y="0" scY="1"/>
    </display>
   </slot>
   <slot name="Layer 1" z="1" parent="Layer 1">
    <display name="text" type="text">
     <transform scY="1" skY="0" x="-2" scX="1" skX="0" y="-2"/>
     <text alignV="top" textType="static" size="37" text="技能刷新" face="FrLt DFGirl Regular" alignH="left" width="228" bold="0" lineType="single line" height="46" italic="0">
      <color g="238" r="255" b="150" a="255"/>
     </text>
    </display>
   </slot>
  </skin>
  <bone name="Layer 2">
   <transform y="0" skY="0" x="0" scX="1" skX="0" scY="1"/>
  </bone>
  <bone name="Layer 1">
   <transform y="27.2" skY="0" x="145.3" scX="0.46" skX="0" scY="0.46"/>
  </bone>
  <animation name="refresh_bt" scale="1" loop="1" duration="4" autoTween="NaN" fadeInTime="0.3" tweenEasing="NaN">
   <timeline name="Layer 2" scale="1" pX="0" pY="0" offset="0">
    <frame z="0" duration="1">
     <transform x="0" pX="0" pY="0" skX="0" skY="0" scX="1" y="0" scY="1"/>
    </frame>
    <frame z="0" duration="1">
     <transform x="-4.95" pX="0" pY="0" skX="0" skY="0" scX="1.03" y="-0.95" scY="1.03"/>
    </frame>
    <frame z="0" duration="1">
     <transform x="0" pX="0" pY="0" skX="0" skY="0" scX="1" y="0" scY="1"/>
    </frame>
    <frame z="0" duration="1">
     <transform x="0" pX="0" pY="0" skX="0" skY="0" scX="1" y="0" scY="1"/>
    </frame>
   </timeline>
   <timeline name="Layer 1" scale="1" pX="0" pY="0" offset="0">
    <frame z="0" duration="1">
     <transform x="0" pX="0" pY="0" skX="0" skY="0" scX="1" y="0" scY="1"/>
    </frame>
    <frame z="0" duration="1">
     <transform x="-0.6000000000000227" pX="0" pY="0" skX="0" skY="0" scX="1.0434782608695652" y="-0.09999999999999787" scY="1.0434782608695652"/>
    </frame>
    <frame z="0" duration="1">
     <transform x="0" pX="0" pY="0" skX="0" skY="0" scX="1" y="0" scY="1"/>
    </frame>
    <frame z="0" duration="1">
     <transform x="0" pX="0" pY="0" skX="0" skY="0" scX="1" y="0" scY="1"/>
    </frame>
   </timeline>
  </animation>
 </armature>
</root>