<TextureAtlas name="down_panel_mc" imagePath="texture.png">
 <SubTexture name="Symbol 1857" x="0" y="0" width="323" height="43"/>
 <SubTexture name="位图 2" x="0" y="88" width="268" height="29"/>
 <SubTexture name="Symbol 1859" x="0" y="44" width="323" height="43"/>
 <SubTexture name="位图 1" x="0" y="119" width="266" height="29"/>
 <SubTexture name="Symbol 1861" x="324" y="68" width="98" height="34"/>
 <SubTexture name="位图 4" x="423" y="68" width="61" height="31"/>
 <SubTexture name="Symbol 1864" x="324" y="0" width="155" height="34"/>
 <SubTexture name="位图 3" x="324" y="35" width="130" height="31"/>
</TextureAtlas>