<TextureAtlas name="cat_drag_mc" imagePath="texture.png">
 <SubTexture name="Symbol 2310" x="106" y="0" width="102" height="85"/>
 <SubTexture name="cat2.tail_cl" x="56" y="288" width="39" height="39"/>
 <SubTexture name="cat2.cloak_cl" x="197" y="294" width="39" height="39"/>
 <SubTexture name="cat2.hand_l_cl" x="237" y="295" width="39" height="39"/>
 <SubTexture name="cat2.foot1_cl" x="220" y="254" width="39" height="39"/>
 <SubTexture name="cat2.body_cl" x="471" y="254" width="39" height="39"/>
 <SubTexture name="cat2.skirt_cl" x="471" y="294" width="39" height="39"/>
 <SubTexture name="cat2.head_cl" x="157" y="290" width="39" height="39"/>
 <SubTexture name="cat_drag_mc.cat.hand_r_cl" x="277" y="295" width="39" height="39"/>
 <SubTexture name="__dbTextures/cat_drag_mc.cat2/Layer 1_0" x="177" y="146" width="19" height="22"/>
 <SubTexture name="shark" x="168" y="364" width="31" height="10"/>
 <SubTexture name="Symbol 2292" x="384" y="159" width="13" height="13"/>
 <SubTexture name="__dbTextures/cat_drag_mc.cat6/mask_0" x="0" y="0" width="105" height="84"/>
 <SubTexture name="Symbol 2296" x="410" y="355" width="38" height="12"/>
 <SubTexture name="Graphic/shape 2257" x="99" y="87" width="98" height="58"/>
 <SubTexture name="MovieClip/sprite 2259" x="491" y="152" width="16" height="16"/>
 <SubTexture name="Graphic/shape 2247" x="209" y="0" width="102" height="60"/>
 <SubTexture name="Graphic/shape 2253" x="312" y="0" width="102" height="60"/>
 <SubTexture name="Graphic/shape 2255" x="0" y="85" width="98" height="58"/>
 <SubTexture name="Graphic/shape 2262" x="209" y="61" width="98" height="58"/>
 <SubTexture name="Graphic/shape 2264" x="407" y="68" width="98" height="58"/>
 <SubTexture name="Graphic/shape 2266" x="308" y="61" width="98" height="58"/>
 <SubTexture name="Graphic/shape 2260" x="0" y="144" width="92" height="43"/>
 <SubTexture name="MovieClip/sprite 2249" x="221" y="335" width="49" height="9"/>
 <SubTexture name="Graphic/shape 2250" x="0" y="188" width="85" height="22"/>
 <SubTexture name="MovieClip/sprite 2252" x="284" y="120" width="12" height="54"/>
 <SubTexture name="Graphic/shape 2254" x="297" y="120" width="86" height="56"/>
 <SubTexture name="Graphic/shape 2256" x="406" y="127" width="84" height="55"/>
 <SubTexture name="Graphic/shape 2261" x="284" y="177" width="83" height="53"/>
 <SubTexture name="Graphic/shape 2263" x="93" y="146" width="83" height="53"/>
 <SubTexture name="Graphic/shape 2265" x="198" y="120" width="85" height="58"/>
 <SubTexture name="Graphic/shape 2267" x="415" y="0" width="87" height="67"/>
 <SubTexture name="__dbTextures/cat3.foot.mask/bg_0" x="74" y="215" width="95" height="13"/>
 <SubTexture name="__dbTextures/cat3.foot.mask/mask_0" x="96" y="318" width="59" height="10"/>
 <SubTexture name="Graphic/shape 2273" x="0" y="312" width="55" height="21"/>
 <SubTexture name="Graphic/shape 2274" x="0" y="260" width="55" height="26"/>
 <SubTexture name="Graphic/shape 2275" x="112" y="229" width="61" height="26"/>
 <SubTexture name="Graphic/shape 2276" x="0" y="287" width="55" height="24"/>
 <SubTexture name="Graphic/shape 2277" x="112" y="256" width="60" height="24"/>
 <SubTexture name="Graphic/shape 2278" x="0" y="235" width="66" height="24"/>
 <SubTexture name="Graphic/shape 2279" x="262" y="231" width="67" height="26"/>
 <SubTexture name="Graphic/shape 2289" x="74" y="229" width="37" height="58"/>
 <SubTexture name="Graphic/shape 2283" x="221" y="179" width="40" height="73"/>
 <SubTexture name="Graphic/shape 2284" x="177" y="179" width="43" height="73"/>
 <SubTexture name="Graphic/shape 2285" x="404" y="183" width="36" height="74"/>
 <SubTexture name="Graphic/shape 2286" x="471" y="183" width="27" height="70"/>
 <SubTexture name="Graphic/shape 2287" x="441" y="183" width="29" height="74"/>
 <SubTexture name="Graphic/shape 2288" x="368" y="177" width="35" height="79"/>
 <SubTexture name="Symbol 206" x="317" y="311" width="41" height="34"/>
 <SubTexture name="__dbTextures/cat6.cloak_cl/Layer 1_9" x="428" y="325" width="32" height="29"/>
 <SubTexture name="__dbTextures/cat6.cloak_cl/Layer 1_16" x="395" y="320" width="32" height="29"/>
 <SubTexture name="__dbTextures/cat6.cloak_cl/Layer 1_27" x="491" y="127" width="19" height="24"/>
 <SubTexture name="__dbTextures/cat6.cloak_cl/Layer 1_36" x="56" y="328" width="32" height="29"/>
 <SubTexture name="__dbTextures/cat6.cloak_cl/Layer 1_59" x="89" y="329" width="32" height="29"/>
 <SubTexture name="__dbTextures/cat6.cloak_cl/Layer 1_61" x="174" y="253" width="45" height="36"/>
 <SubTexture name="__dbTextures/cat6.cloak_cl/Layer 1_75" x="461" y="354" width="27" height="25"/>
 <SubTexture name="__dbTextures/cat6.cloak_cl/Layer 1_85" x="260" y="258" width="45" height="36"/>
 <SubTexture name="__dbTextures/cat6.cloak_cl/Layer 1_92" x="0" y="211" width="73" height="23"/>
 <SubTexture name="__dbTextures/cat6.cloak_cl/Layer 1_93" x="86" y="200" width="84" height="14"/>
 <SubTexture name="__dbTextures/cat6.cloak_cl/Layer 1_98" x="306" y="258" width="23" height="26"/>
 <SubTexture name="__dbTextures/cat6.cloak_cl/Layer 1_104" x="330" y="280" width="35" height="30"/>
 <SubTexture name="__dbTextures/cat6.cloak_cl/Layer 1_118" x="404" y="258" width="35" height="30"/>
 <SubTexture name="__dbTextures/cat6.cloak_cl/Layer 1_119" x="366" y="288" width="35" height="30"/>
 <SubTexture name="__dbTextures/cat6.cloak_cl/Layer 1_130" x="271" y="335" width="25" height="34"/>
 <SubTexture name="__dbTextures/cat6.cloak_cl/Layer 1_146" x="122" y="329" width="32" height="29"/>
 <SubTexture name="__dbTextures/cat6.cloak_cl/Layer 1_155" x="440" y="258" width="25" height="33"/>
 <SubTexture name="__dbTextures/cat6.cloak_cl/Layer 1_156" x="384" y="120" width="21" height="26"/>
 <SubTexture name="__dbTextures/cat6.cloak_cl/Layer 1_175" x="368" y="257" width="35" height="30"/>
 <SubTexture name="__dbTextures/cat6.cloak_cl/Layer 1_187" x="359" y="319" width="35" height="30"/>
 <SubTexture name="__dbTextures/cat6.cloak_cl/Layer 1_202" x="112" y="281" width="44" height="36"/>
 <SubTexture name="__dbTextures/cat6.cloak_cl/Layer 1_203" x="402" y="289" width="35" height="30"/>
 <SubTexture name="__dbTextures/cat6.cloak_cl/Layer 1_209" x="330" y="231" width="36" height="48"/>
 <SubTexture name="__dbTextures/cat6.cloak_cl/Layer 1_210" x="438" y="293" width="32" height="31"/>
 <SubTexture name="__dbTextures/cat6.cloak_cl/Layer 1_214" x="221" y="345" width="25" height="34"/>
 <SubTexture name="__dbTextures/cat6.cloak_cl/Layer 1_219" x="188" y="334" width="32" height="29"/>
 <SubTexture name="__dbTextures/cat6.cloak_cl/Layer 1_224" x="0" y="334" width="32" height="29"/>
 <SubTexture name="__dbTextures/cat6.cloak_cl/Layer 1_240" x="155" y="330" width="32" height="29"/>
 <SubTexture name="__dbTextures/cat6.skirt_cl/Layer 1_4" x="332" y="367" width="27" height="14"/>
 <SubTexture name="__dbTextures/cat6.skirt_cl/Layer 1_12" x="137" y="360" width="30" height="16"/>
 <SubTexture name="__dbTextures/cat6.skirt_cl/Layer 1_65" x="384" y="147" width="20" height="11"/>
 <SubTexture name="__dbTextures/cat6.skirt_cl/Layer 1_202" x="0" y="364" width="29" height="13"/>
 <SubTexture name="Symbol 2297" x="33" y="358" width="36" height="14"/>
 <SubTexture name="Symbol 2298" x="70" y="359" width="33" height="16"/>
 <SubTexture name="Symbol 2299" x="297" y="347" width="34" height="23"/>
 <SubTexture name="__dbTextures/eat/Layer 1_4" x="332" y="350" width="40" height="16"/>
 <SubTexture name="__dbTextures/eat/Layer 1_5" x="104" y="359" width="32" height="16"/>
 <SubTexture name="__dbTextures/eat/Layer 1_6" x="373" y="351" width="35" height="18"/>
 <SubTexture name="__dbTextures/eat/Layer 1_7" x="461" y="334" width="41" height="19"/>
</TextureAtlas>