<root name="got_cup_mc" isGlobal="0" frameRate="30" version="3.0">
 <armature name="got_cup_mc">
  <skin name="default">
   <slot name="Layer 11" z="0" parent="Layer 11">
    <display name="__dbTextures/got_cup_mc/Layer 11_0" type="image">
     <transform x="-325" pX="0" pY="0" skX="0" skY="0" scX="1" y="-225" scY="1"/>
    </display>
   </slot>
   <slot name="Layer 10" z="1" parent="Layer 10">
    <display name="Symbol 47" type="image">
     <transform x="0" pX="337.05" pY="238.3" skX="0" skY="0" scX="1" y="0" scY="1"/>
    </display>
   </slot>
   <slot name="Layer 9" z="2" parent="Layer 9">
    <display name="位图 1" type="image">
     <transform x="-223" pX="0" pY="0" skX="0" skY="0" scX="1" y="-24.5" scY="1"/>
    </display>
   </slot>
   <slot name="play_bg" z="3" parent="play_bg">
    <display name="play_bg" type="armature">
     <transform scY="1" skY="0" x="0" scX="1" skX="0" y="0"/>
    </display>
   </slot>
   <slot name="play_cl" z="4" parent="play_cl">
    <display name="play_cl" type="armature">
     <transform scY="1" skY="0" x="0" scX="1" skX="0" y="0"/>
    </display>
   </slot>
   <slot name="cups_cl" z="5" parent="cups_cl">
    <display name="cups_cl" type="armature">
     <transform scY="1" skY="0" x="0" scX="1" skX="0" y="0"/>
    </display>
   </slot>
   <slot name="cat4" z="6" parent="cat4">
    <display name="got_cup_mc.cat" type="armature">
     <transform scY="1" skY="0" x="0" scX="1" skX="0" y="0"/>
    </display>
   </slot>
   <slot name="cat3" z="7" parent="cat3">
    <display name="got_cup_mc.cat" type="armature">
     <transform scY="1" skY="0" x="0" scX="1" skX="0" y="0"/>
    </display>
   </slot>
   <slot name="cat2" z="8" parent="cat2">
    <display name="got_cup_mc.cat" type="armature">
     <transform scY="1" skY="0" x="0" scX="1" skX="0" y="0"/>
    </display>
   </slot>
   <slot name="cat1" z="9" parent="cat1">
    <display name="got_cup_mc.cat" type="armature">
     <transform scY="1" skY="0" x="0" scX="1" skX="0" y="0"/>
    </display>
   </slot>
   <slot name="mask" z="10" parent="mask">
    <display name="__dbTextures/got_cup_mc/mask_0" type="image">
     <transform x="-230.05" pX="1" pY="1" skX="0" skY="0" scX="1" y="-117" scY="1"/>
    </display>
   </slot>
  </skin>
  <bone name="cups_cl">
   <transform y="222.25" skY="0" x="234.05" scX="1.55" skX="0" scY="1.55"/>
  </bone>
  <bone name="Layer 10">
   <transform y="228.9" skY="0" x="324.3" scX="1" skX="0" scY="1"/>
  </bone>
  <bone name="Layer 9">
   <transform y="61.35" skY="0" x="255.8" scX="1" skX="0" scY="1"/>
  </bone>
  <bone name="play_bg">
   <transform y="230.6" skY="0" x="328.05" scX="1" skX="0" scY="1"/>
  </bone>
  <bone name="play_cl">
   <transform y="395.45" skY="0" x="325" scX="1" skX="0" scY="1"/>
  </bone>
  <bone name="Layer 11">
   <transform y="225" skY="0" x="325" scX="1" skX="0" scY="1"/>
  </bone>
  <bone name="cat4">
   <transform y="210.5" skY="0" x="516.5" scX="-1.69" skX="0" scY="1.69"/>
  </bone>
  <bone name="cat3">
   <transform y="191.5" skY="0" x="434.75" scX="-1.69" skX="0" scY="1.69"/>
  </bone>
  <bone name="cat2">
   <transform y="230.7" skY="0" x="386.2" scX="-1.69" skX="0" scY="1.69"/>
  </bone>
  <bone name="cat1">
   <transform y="248.9" skY="0" x="458.4" scX="-1.69" skX="0" scY="1.69"/>
  </bone>
  <bone name="mask">
   <transform y="231" skY="0" x="327.2" scX="1" skX="0" scY="1"/>
  </bone>
  <animation name="got_cup_mc" scale="1" loop="1" duration="1" autoTween="NaN" fadeInTime="0.3" tweenEasing="NaN">
   <timeline name="Layer 11" scale="1" pX="0" pY="0" offset="0">
    <frame z="0" duration="1" tweenEasing="NaN">
     <transform x="0" pX="0" pY="0" skX="0" skY="0" scX="1" y="0" scY="1"/>
    </frame>
   </timeline>
   <timeline name="Layer 10" scale="1" pX="0" pY="0" offset="0">
    <frame z="0" duration="1">
     <transform x="0" pX="0" pY="0" skX="0" skY="0" scX="1" y="0" scY="1"/>
     <colorTransform bM="100" gO="0" bO="0" aM="12" rM="100" aO="0" gM="100" rO="0"/>
    </frame>
   </timeline>
   <timeline name="Layer 9" scale="1" pX="0" pY="0" offset="0">
    <frame z="0" duration="1">
     <transform x="0" pX="0" pY="0" skX="0" skY="0" scX="1" y="0" scY="1"/>
    </frame>
   </timeline>
   <timeline name="play_bg" scale="1" pX="0" pY="0" offset="0">
    <frame z="0" duration="1">
     <transform x="0" pX="0" pY="0" skX="0" skY="0" scX="1" y="0" scY="1"/>
    </frame>
   </timeline>
   <timeline name="play_cl" scale="1" pX="0" pY="0" offset="0">
    <frame z="0" duration="1">
     <transform x="0" pX="0" pY="0" skX="0" skY="0" scX="1" y="0" scY="1"/>
    </frame>
   </timeline>
   <timeline name="cups_cl" scale="1" pX="0" pY="0" offset="0">
    <frame z="0" duration="1">
     <transform x="0" pX="0" pY="0" skX="0" skY="0" scX="1" y="0" scY="1"/>
    </frame>
   </timeline>
   <timeline name="cat4" scale="1" pX="0" pY="0" offset="0">
    <frame z="0" duration="1">
     <transform x="0" pX="0" pY="0" skX="0" skY="0" scX="1" y="0" scY="1"/>
    </frame>
   </timeline>
   <timeline name="cat3" scale="1" pX="0" pY="0" offset="0">
    <frame z="0" duration="1">
     <transform x="0" pX="0" pY="0" skX="0" skY="0" scX="1" y="0" scY="1"/>
    </frame>
   </timeline>
   <timeline name="cat2" scale="1" pX="0" pY="0" offset="0">
    <frame z="0" duration="1">
     <transform x="0" pX="0" pY="0" skX="0" skY="0" scX="1" y="0" scY="1"/>
    </frame>
   </timeline>
   <timeline name="cat1" scale="1" pX="0" pY="0" offset="0">
    <frame z="0" duration="1">
     <transform x="0" pX="0" pY="0" skX="0" skY="0" scX="1" y="0" scY="1"/>
    </frame>
   </timeline>
   <timeline name="mask" scale="1" pX="0" pY="0" offset="0">
    <frame z="0" duration="1" tweenEasing="NaN">
     <transform x="0" pX="0" pY="0" skX="0" skY="0" scX="1" y="0" scY="1"/>
    </frame>
   </timeline>
  </animation>
 </armature>
 <armature name="play_bg">
  <skin name="default">
   <slot name="bg6" z="0" parent="bg6">
    <display name="Symbol 126" type="image">
     <transform x="0" pX="48.2" pY="60.25" skX="0" skY="0" scX="1" y="0" scY="1"/>
    </display>
   </slot>
   <slot name="bg5" z="1" parent="bg5">
    <display name="Symbol 155" type="image">
     <transform x="0" pX="144.8" pY="7.25" skX="0" skY="0" scX="1" y="0" scY="1"/>
    </display>
   </slot>
   <slot name="bg4" z="2" parent="bg4">
    <display name="Symbol 155" type="image">
     <transform x="0" pX="144.8" pY="7.25" skX="0" skY="0" scX="1" y="0" scY="1"/>
    </display>
   </slot>
   <slot name="bg3" z="3" parent="bg3">
    <display name="__dbTextures/play_bg/bg3_0" type="image">
     <transform x="-215.05" pX="0" pY="0" skX="0" skY="0" scX="1" y="-39.55" scY="1"/>
    </display>
   </slot>
   <slot name="bg2" z="4" parent="bg2">
    <display name="Symbol 164" type="image">
     <transform x="0" pX="35.75" pY="23.25" skX="0" skY="0" scX="1" y="0" scY="1"/>
    </display>
   </slot>
   <slot name="bg1" z="5" parent="bg1">
    <display name="Symbol 166" type="image">
     <transform x="0" pX="43.95" pY="21.85" skX="0" skY="0" scX="1" y="0" scY="1"/>
    </display>
   </slot>
   <slot name="mask" z="6" parent="mask">
    <display name="__dbTextures/play_bg/mask_0" type="image">
     <transform x="-230.05" pX="0" pY="0" skX="0" skY="0" scX="1" y="-117" scY="1"/>
    </display>
   </slot>
   <slot name="Layer 1" z="7" parent="Layer 1">
    <display name="__dbTextures/play_bg/Layer 1_0" type="image">
     <transform x="-230.05" pX="1" pY="1" skX="0" skY="0" scX="1" y="-117" scY="1"/>
    </display>
   </slot>
  </skin>
  <bone name="bg2">
   <transform y="1.55" skY="0" x="-145.45" scX="1.82" skX="0" scY="1.82"/>
  </bone>
  <bone name="bg5">
   <transform y="-112.15" skY="0" x="-280.05" scX="1.44" skX="0" scY="1.44"/>
  </bone>
  <bone name="bg4">
   <transform y="-112.15" skY="0" x="276.4" scX="-1.44" skX="0" scY="1.44"/>
  </bone>
  <bone name="bg3">
   <transform y="65.4" skY="0" x="8.4" scX="1" skX="0" scY="1"/>
  </bone>
  <bone name="bg6">
   <transform y="-357.2" skY="0" x="-423.1" scX="1.3" skX="0" scY="1.3"/>
  </bone>
  <bone name="bg1">
   <transform y="-10.75" skY="0" x="-4.75" scX="-1.79" skX="0" scY="1.79"/>
  </bone>
  <bone name="mask">
   <transform y="0" skY="0" x="0" scX="1" skX="0" scY="1"/>
  </bone>
  <bone name="Layer 1">
   <transform y="0" skY="0" x="0" scX="1" skX="0" scY="1"/>
  </bone>
  <animation name="play_bg" scale="1" loop="1" duration="1" autoTween="NaN" fadeInTime="0.3" tweenEasing="NaN">
   <timeline name="bg6" scale="1" pX="0" pY="0" offset="0">
    <frame z="0" duration="1">
     <transform x="0" pX="0" pY="0" skX="0" skY="0" scX="1" y="0" scY="1"/>
    </frame>
   </timeline>
   <timeline name="bg5" scale="1" pX="0" pY="0" offset="0">
    <frame z="0" duration="1">
     <transform x="0" pX="0" pY="0" skX="0" skY="0" scX="1" y="0" scY="1"/>
    </frame>
   </timeline>
   <timeline name="bg4" scale="1" pX="0" pY="0" offset="0">
    <frame z="0" duration="1">
     <transform x="0" pX="0" pY="0" skX="0" skY="0" scX="1" y="0" scY="1"/>
    </frame>
   </timeline>
   <timeline name="bg3" scale="1" pX="0" pY="0" offset="0">
    <frame z="0" duration="1" tweenEasing="NaN">
     <transform x="0" pX="0" pY="0" skX="0" skY="0" scX="1" y="0" scY="1"/>
    </frame>
   </timeline>
   <timeline name="bg2" scale="1" pX="0" pY="0" offset="0">
    <frame z="0" duration="1">
     <transform x="0" pX="0" pY="0" skX="0" skY="0" scX="1" y="0" scY="1"/>
    </frame>
   </timeline>
   <timeline name="bg1" scale="1" pX="0" pY="0" offset="0">
    <frame z="0" duration="1">
     <transform x="0" pX="0" pY="0" skX="0" skY="0" scX="1" y="0" scY="1"/>
    </frame>
   </timeline>
   <timeline name="mask" scale="1" pX="0" pY="0" offset="0">
    <frame z="0" duration="1" tweenEasing="NaN">
     <transform x="0" pX="0" pY="0" skX="0" skY="0" scX="1" y="0" scY="1"/>
    </frame>
   </timeline>
   <timeline name="Layer 1" scale="1" pX="0" pY="0" offset="0">
    <frame z="0" duration="1" tweenEasing="NaN">
     <transform x="0" pX="0" pY="0" skX="0" skY="0" scX="1" y="0" scY="1"/>
    </frame>
   </timeline>
  </animation>
 </armature>
 <armature name="play_cl">
  <skin name="default">
   <slot name="Layer 10" z="0" parent="Layer 10">
    <display name="Symbol 169" type="image">
     <transform x="0" pX="40.25" pY="39.9" skX="0" skY="0" scX="1" y="0" scY="1"/>
    </display>
    <display name="Symbol 176" type="image">
     <transform x="0" pX="44.45" pY="44.1" skX="0" skY="0" scX="1" y="0" scY="1"/>
    </display>
    <display name="Symbol 177" type="image">
     <transform x="0" pX="39.1" pY="38.75" skX="0" skY="0" scX="1" y="0" scY="1"/>
    </display>
   </slot>
   <slot name="Layer 9" z="1" parent="Layer 9">
    <display name="Symbol 171" type="image">
     <transform x="0" pX="10.75" pY="10.25" skX="0" skY="0" scX="1" y="0" scY="1"/>
    </display>
    <display name="__dbTextures/play_cl/Layer 9_3" type="image">
     <transform x="-10.75" pX="0" pY="0" skX="0" skY="0" scX="1" y="-10.25" scY="1"/>
    </display>
   </slot>
   <slot name="Layer 8" z="2" parent="Layer 8">
    <display name="__dbTextures/play_cl/Layer 8_3" type="image">
     <transform x="-10.75" pX="0" pY="0" skX="0" skY="0" scX="1" y="-10.25" scY="1"/>
    </display>
   </slot>
   <slot name="Layer 7" z="3" parent="Layer 7">
    <display name="Symbol 171" type="image">
     <transform x="0" pX="10.75" pY="10.25" skX="0" skY="0" scX="1" y="0" scY="1"/>
    </display>
    <display name="__dbTextures/play_cl/Layer 7_3" type="image">
     <transform x="-10.75" pX="0" pY="0" skX="0" skY="0" scX="1" y="-10.25" scY="1"/>
    </display>
   </slot>
   <slot name="Layer 6" z="4" parent="Layer 6">
    <display name="__dbTextures/play_cl/Layer 6_3" type="image">
     <transform x="-20.8" pX="0" pY="0" skX="0" skY="0" scX="1" y="-25.7" scY="1"/>
    </display>
   </slot>
   <slot name="Layer 5" z="5" parent="Layer 5">
    <display name="Symbol 171" type="image">
     <transform x="0" pX="10.75" pY="10.25" skX="0" skY="0" scX="1" y="0" scY="1"/>
    </display>
    <display name="Symbol 174" type="image">
     <transform x="0" pX="17.95" pY="17.95" skX="0" skY="0" scX="1" y="0" scY="1"/>
    </display>
   </slot>
   <slot name="Layer 3" z="6" parent="Layer 3">
    <display name="Symbol 173" type="image">
     <transform x="0" pX="1.5" pY="1.45" skX="0" skY="0" scX="1" y="0" scY="1"/>
    </display>
   </slot>
   <slot name="Layer 1" z="7" parent="Layer 1">
    <display name="Symbol 175" type="image">
     <transform x="0" pX="23.3" pY="23.3" skX="0" skY="0" scX="1" y="0" scY="1"/>
    </display>
   </slot>
  </skin>
  <bone name="Layer 6">
   <transform y="24.25" skY="0" x="19.3" scX="1" skX="0" scY="1"/>
  </bone>
  <bone name="Layer 9">
   <transform y="-19.8" skY="30" x="15.2" scX="0.52" skX="30" scY="0.52"/>
  </bone>
  <bone name="Layer 8">
   <transform y="0" skY="0" x="0" scX="1" skX="0" scY="1"/>
  </bone>
  <bone name="Layer 7">
   <transform y="20.9" skY="-75" x="14" scX="0.52" skX="-75" scY="0.52"/>
  </bone>
  <bone name="Layer 10">
   <transform y="0" skY="0" x="0" scX="1" skX="0" scY="1"/>
  </bone>
  <bone name="Layer 5">
   <transform y="1" skY="45" x="-14.8" scX="0.52" skX="45" scY="0.52"/>
  </bone>
  <bone name="Layer 3">
   <transform y="-21.1" skY="0" x="-12.9" scX="0.9" skX="0" scY="0.9"/>
  </bone>
  <bone name="Layer 1">
   <transform y="-10.9" skY="0" x="-2.75" scX="0.49" skX="0" scY="0.49"/>
  </bone>
  <animation name="play_cl" scale="1" loop="1" duration="4" autoTween="NaN" fadeInTime="0.3" tweenEasing="NaN">
   <timeline name="Layer 10" scale="1" pX="0" pY="0" offset="0">
    <frame z="0" duration="1">
     <transform x="0" pX="0" pY="0" skX="0" skY="0" scX="1" y="0" scY="1"/>
    </frame>
    <frame displayIndex="1" z="0" duration="1">
     <transform x="0" pX="0" pY="0" skX="0" skY="0" scX="1" y="0" scY="1"/>
    </frame>
    <frame displayIndex="2" z="0" duration="1">
     <transform x="0" pX="0" pY="0" skX="0" skY="0" scX="1" y="0" scY="1"/>
    </frame>
    <frame z="0" duration="1">
     <transform x="0" pX="0" pY="0" skX="0" skY="0" scX="1" y="0" scY="1"/>
    </frame>
   </timeline>
   <timeline name="Layer 9" scale="1" pX="0" pY="0" offset="0">
    <frame z="0" duration="1">
     <transform x="0" pX="0" pY="0" skX="0" skY="0" scX="1" y="0" scY="1"/>
     <colorTransform bM="5" gO="121" bO="0" aM="100" rM="5" aO="0" gM="5" rO="219"/>
    </frame>
    <frame z="0" duration="1">
     <transform x="1.6999999999999993" pX="0" pY="0" skX="0" skY="0" scX="1.1153846153846152" y="-2.1999999999999993" scY="1.1153846153846152"/>
     <colorTransform bM="5" gO="121" bO="0" aM="100" rM="5" aO="0" gM="5" rO="219"/>
    </frame>
    <frame z="0" duration="1">
     <transform x="-0.4499999999999993" pX="0" pY="0" skX="0" skY="0" scX="0.9807692307692307" y="0.6000000000000014" scY="0.9807692307692307"/>
     <colorTransform bM="5" gO="121" bO="0" aM="100" rM="5" aO="0" gM="5" rO="219"/>
    </frame>
    <frame z="0" displayIndex="1" duration="1" tweenEasing="NaN">
     <transform x="-15.2" pX="0" pY="0" skX="-30" skY="-30" scX="1.923076923076923" y="19.8" scY="1.923076923076923"/>
    </frame>
   </timeline>
   <timeline name="Layer 8" scale="1" pX="0" pY="0" offset="0">
    <frame displayIndex="-1" duration="3"/>
    <frame z="0" duration="1" tweenEasing="NaN">
     <transform x="0" pX="0" pY="0" skX="0" skY="0" scX="1" y="0" scY="1"/>
    </frame>
   </timeline>
   <timeline name="Layer 7" scale="1" pX="0" pY="0" offset="0">
    <frame z="0" duration="1">
     <transform x="0" pX="0" pY="0" skX="0" skY="0" scX="1" y="0" scY="1"/>
     <colorTransform bM="5" gO="121" bO="0" aM="100" rM="5" aO="0" gM="5" rO="219"/>
    </frame>
    <frame z="0" duration="1">
     <transform x="1.5999999999999996" pX="0" pY="0" skX="0" skY="0" scX="1.1153846153846152" y="2.3000000000000007" scY="1.1153846153846152"/>
     <colorTransform bM="5" gO="121" bO="0" aM="100" rM="5" aO="0" gM="5" rO="219"/>
    </frame>
    <frame z="0" duration="1">
     <transform x="-0.40000000000000036" pX="0" pY="0" skX="0" skY="0" scX="0.9807692307692307" y="-0.6499999999999986" scY="0.9807692307692307"/>
     <colorTransform bM="5" gO="121" bO="0" aM="100" rM="5" aO="0" gM="5" rO="219"/>
    </frame>
    <frame z="0" displayIndex="1" duration="1" tweenEasing="NaN">
     <transform x="-14" pX="0" pY="0" skX="75" skY="75" scX="1.923076923076923" y="-20.9" scY="1.923076923076923"/>
    </frame>
   </timeline>
   <timeline name="Layer 6" scale="1" pX="0" pY="0" offset="0">
    <frame displayIndex="-1" duration="3"/>
    <frame z="0" duration="1" tweenEasing="NaN">
     <transform x="0" pX="0" pY="0" skX="0" skY="0" scX="1" y="0" scY="1"/>
    </frame>
   </timeline>
   <timeline name="Layer 5" scale="1" pX="0" pY="0" offset="0">
    <frame z="0" duration="1">
     <transform x="0" pX="0" pY="0" skX="0" skY="0" scX="1" y="0" scY="1"/>
     <colorTransform bM="5" gO="121" bO="0" aM="100" rM="5" aO="0" gM="5" rO="219"/>
    </frame>
    <frame z="0" duration="1">
     <transform x="-1.5999999999999979" pX="0" pY="0" skX="0" skY="0" scX="1.1153846153846152" y="0.10000000000000009" scY="1.1153846153846152"/>
     <colorTransform bM="5" gO="121" bO="0" aM="100" rM="5" aO="0" gM="5" rO="219"/>
    </frame>
    <frame z="0" duration="1">
     <transform x="0.45000000000000107" pX="0" pY="0" skX="0" skY="0" scX="0.9807692307692307" y="-0.050000000000000044" scY="0.9807692307692307"/>
     <colorTransform bM="5" gO="121" bO="0" aM="100" rM="5" aO="0" gM="5" rO="219"/>
    </frame>
    <frame z="0" displayIndex="1" duration="1">
     <transform x="12.05" pX="0" pY="0" skX="-45" skY="-45" scX="1.2307692307692308" y="-11.9" scY="1.2307692307692308"/>
     <colorTransform bM="100" gO="0" bO="0" aM="65" rM="100" aO="0" gM="100" rO="0"/>
    </frame>
   </timeline>
   <timeline name="Layer 3" scale="1" pX="0" pY="0" offset="0">
    <frame z="0" duration="1">
     <transform x="0" pX="0" pY="0" skX="0" skY="0" scX="1" y="0" scY="1"/>
    </frame>
    <frame z="0" duration="1">
     <transform x="-1.3499999999999996" pX="0" pY="0" skX="0" skY="0" scX="1.1111111111111112" y="-2.299999999999997" scY="1.1111111111111112"/>
    </frame>
    <frame z="0" duration="1">
     <transform x="0.40000000000000036" pX="0" pY="0" skX="0" skY="0" scX="0.9666666666666667" y="0.6500000000000021" scY="0.9666666666666667"/>
    </frame>
    <frame displayIndex="-1" duration="1"/>
   </timeline>
   <timeline name="Layer 1" scale="1" pX="0" pY="0" offset="0">
    <frame z="0" duration="1">
     <transform x="0" pX="0" pY="0" skX="0" skY="0" scX="1" y="0" scY="1"/>
     <colorTransform bM="100" gO="0" bO="0" aM="65" rM="100" aO="0" gM="100" rO="0"/>
    </frame>
    <frame z="0" duration="1">
     <transform x="-0.25" pX="0" pY="0" skX="0" skY="0" scX="1.1224489795918369" y="-1.1999999999999993" scY="1.1224489795918369"/>
     <colorTransform bM="100" gO="0" bO="0" aM="65" rM="100" aO="0" gM="100" rO="0"/>
    </frame>
    <frame z="0" duration="1">
     <transform x="0.10000000000000009" pX="0" pY="0" skX="0" skY="0" scX="0.9795918367346939" y="0.34999999999999964" scY="0.9795918367346939"/>
     <colorTransform bM="100" gO="0" bO="0" aM="65" rM="100" aO="0" gM="100" rO="0"/>
    </frame>
    <frame displayIndex="-1" duration="1"/>
   </timeline>
  </animation>
 </armature>
 <armature name="cups_cl">
  <skin name="default">
   <slot name="cup" z="0" parent="cup">
    <display name="Symbol 181" type="image">
     <transform x="0" pX="25.45" pY="25.7" skX="0" skY="0" scX="1" y="0" scY="1"/>
    </display>
    <display name="Symbol 183" type="image">
     <transform x="0" pX="19.75" pY="24.8" skX="0" skY="0" scX="1" y="0" scY="1"/>
    </display>
    <display name="Symbol 185" type="image">
     <transform x="0" pX="20.3" pY="27.5" skX="0" skY="0" scX="1" y="0" scY="1"/>
    </display>
    <display name="Symbol 187" type="image">
     <transform x="0" pX="17.2" pY="31.2" skX="0" skY="0" scX="1" y="0" scY="1"/>
    </display>
    <display name="Symbol 189" type="image">
     <transform x="0" pX="22.45" pY="28.15" skX="0" skY="0" scX="1" y="0" scY="1"/>
    </display>
   </slot>
  </skin>
  <bone name="cup">
   <transform y="1.85" skY="0" x="-3.05" scX="0.67" skX="0" scY="0.67"/>
  </bone>
  <animation name="cups_cl" scale="1" loop="1" duration="5" autoTween="NaN" fadeInTime="0.3" tweenEasing="NaN">
   <timeline name="cup" scale="1" pX="0" pY="0" offset="0">
    <frame z="0" duration="1">
     <transform x="0" pX="0" pY="0" skX="0" skY="0" scX="1" y="0" scY="1"/>
    </frame>
    <frame displayIndex="1" z="0" duration="1">
     <transform x="0.2999999999999998" pX="0" pY="0" skX="0" skY="0" scX="1" y="0" scY="1"/>
    </frame>
    <frame displayIndex="2" z="0" duration="1">
     <transform x="-0.25" pX="0" pY="0" skX="0" skY="0" scX="1" y="0.25" scY="1"/>
    </frame>
    <frame displayIndex="3" z="0" duration="1">
     <transform x="0" pX="0" pY="0" skX="0" skY="0" scX="1" y="0" scY="1"/>
    </frame>
    <frame displayIndex="4" z="0" duration="1">
     <transform x="0" pX="0" pY="0" skX="0" skY="0" scX="1" y="0" scY="1"/>
    </frame>
   </timeline>
  </animation>
 </armature>
 <armature name="got_cup_mc.cat">
  <skin name="default">
   <slot name="tail_cl" z="0" parent="tail_cl">
    <display name="cat2.tail_cl" type="image">
     <transform x="0" pX="18.95" pY="19" skX="0" skY="0" scX="1" y="0" scY="1"/>
    </display>
   </slot>
   <slot name="cloak_cl" z="1" parent="cloak_cl">
    <display name="cat2.cloak_cl" type="image">
     <transform x="0" pX="18.95" pY="19" skX="0" skY="0" scX="1" y="0" scY="1"/>
    </display>
   </slot>
   <slot name="hand_l_cl" z="2" parent="hand_l_cl">
    <display name="cat2.hand_l_cl" type="image">
     <transform x="0" pX="18.95" pY="19" skX="0" skY="0" scX="1" y="0" scY="1"/>
    </display>
   </slot>
   <slot name="foot2_cl" z="3" parent="foot2_cl">
    <display name="cat2.foot1_cl" type="image">
     <transform x="0" pX="18.95" pY="19" skX="0" skY="0" scX="1" y="0" scY="1"/>
    </display>
   </slot>
   <slot name="foot1_cl" z="4" parent="foot1_cl">
    <display name="cat2.foot1_cl" type="image">
     <transform x="0" pX="18.95" pY="19" skX="0" skY="0" scX="1" y="0" scY="1"/>
    </display>
   </slot>
   <slot name="body_cl" z="5" parent="body_cl">
    <display name="cat2.body_cl" type="image">
     <transform x="0" pX="18.95" pY="19" skX="0" skY="0" scX="1" y="0" scY="1"/>
    </display>
   </slot>
   <slot name="skirt_cl" z="6" parent="skirt_cl">
    <display name="cat2.skirt_cl" type="image">
     <transform x="0" pX="18.95" pY="19" skX="0" skY="0" scX="1" y="0" scY="1"/>
    </display>
   </slot>
   <slot name="head_cl" z="7" parent="head_cl">
    <display name="cat2.head_cl" type="image">
     <transform x="0" pX="18.95" pY="19" skX="0" skY="0" scX="1" y="0" scY="1"/>
    </display>
   </slot>
   <slot name="hand_r_cl" z="8" parent="hand_r_cl">
    <display name="cat_drag_mc.cat.hand_r_cl" type="image">
     <transform x="0" pX="18.95" pY="19" skX="0" skY="0" scX="1" y="0" scY="1"/>
    </display>
   </slot>
  </skin>
  <bone name="foot1_cl">
   <transform y="40.85" skY="0.26" x="-5" scX="1" skX="0.26" scY="1"/>
  </bone>
  <bone name="cloak_cl">
   <transform y="28.1" skY="1.27" x="0.4" scX="1" skX="1.27" scY="1"/>
  </bone>
  <bone name="hand_l_cl">
   <transform y="30.5" skY="-24.23" x="7.95" scX="1" skX="-24.23" scY="1"/>
  </bone>
  <bone name="foot2_cl">
   <transform y="40.65" skY="-3.47" x="3.65" scX="1" skX="-3.47" scY="1"/>
  </bone>
  <bone name="tail_cl">
   <transform y="22.8" skY="3.7" x="-16.1" scX="1" skX="3.7" scY="1"/>
  </bone>
  <bone name="body_cl">
   <transform y="28" skY="-6.18" x="-0.25" scX="1" skX="-6.18" scY="1"/>
  </bone>
  <bone name="skirt_cl">
   <transform y="34.95" skY="3.53" x="0.95" scX="1" skX="3.53" scY="1"/>
  </bone>
  <bone name="head_cl">
   <transform y="9.55" skY="-1.69" x="3.45" scX="1" skX="-1.69" scY="1"/>
  </bone>
  <bone name="hand_r_cl">
   <transform y="30.2" skY="20.4" x="-8.75" scX="1" skX="20.4" scY="1"/>
  </bone>
  <animation name="cat1" scale="1" loop="1" duration="4" autoTween="NaN" fadeInTime="0.3" tweenEasing="NaN">
   <timeline name="tail_cl" scale="1" pX="0" pY="0" offset="0">
    <frame z="0" duration="1">
     <transform x="0" pX="0" pY="0" skX="0" skY="0" scX="1" y="0" scY="1"/>
    </frame>
    <frame z="0" duration="1">
     <transform x="0.40000000000000213" pX="0" pY="0" skX="-8.45" skY="-8.45" scX="1" y="3.599999999999998" scY="1"/>
    </frame>
    <frame z="0" duration="1">
     <transform x="1.450000000000001" pX="0" pY="0" skX="-0.75" skY="-0.75" scX="1" y="2.6499999999999986" scY="1"/>
    </frame>
    <frame z="0" duration="1">
     <transform x="-1" pX="0" pY="0" skX="-8.45" skY="-8.45" scX="1" y="1.1499999999999986" scY="1"/>
    </frame>
   </timeline>
   <timeline name="cloak_cl" scale="1" pX="0" pY="0" offset="0">
    <frame z="0" duration="4">
     <transform x="0" pX="0" pY="0" skX="0" skY="0" scX="1" y="0" scY="1"/>
    </frame>
   </timeline>
   <timeline name="hand_l_cl" scale="1" pX="0" pY="0" offset="0">
    <frame z="0" duration="1">
     <transform x="0" pX="0" pY="0" skX="0" skY="0" scX="1" y="0" scY="1"/>
    </frame>
    <frame z="0" duration="1">
     <transform x="0.7000000000000002" pX="0" pY="0" skX="-132.03" skY="-132.03" scX="1" y="-10.100000000000001" scY="1"/>
    </frame>
    <frame z="0" duration="1">
     <transform x="-0.40000000000000036" pX="0" pY="0" skX="8.469999999999999" skY="8.469999999999999" scX="1" y="1.0500000000000007" scY="1"/>
    </frame>
    <frame z="0" duration="1">
     <transform x="-0.7999999999999998" pX="0" pY="0" skX="8.47" skY="8.47" scX="1" y="1.0500000000000007" scY="1"/>
    </frame>
   </timeline>
   <timeline name="foot2_cl" scale="1" pX="0" pY="0" offset="0">
    <frame z="0" duration="1">
     <transform x="0" pX="0" pY="0" skX="0" skY="0" scX="1" y="0" scY="1"/>
    </frame>
    <frame z="0" duration="1">
     <transform x="0.20000000000000018" pX="0" pY="0" skX="-2.52" skY="-2.52" scX="1" y="0" scY="1"/>
    </frame>
    <frame z="0" duration="2">
     <transform x="0" pX="0" pY="0" skX="0" skY="0" scX="1" y="0" scY="1"/>
    </frame>
   </timeline>
   <timeline name="foot1_cl" scale="1" pX="0" pY="0" offset="0">
    <frame z="0" duration="2">
     <transform x="0" pX="0" pY="0" skX="0" skY="0" scX="1" y="0" scY="1"/>
    </frame>
    <frame z="0" duration="1">
     <transform x="-0.5999999999999996" pX="0" pY="0" skX="9.72" skY="9.72" scX="1" y="-0.10000000000000142" scY="1"/>
    </frame>
    <frame z="0" duration="1">
     <transform x="-0.34999999999999964" pX="0" pY="0" skX="11.5" skY="11.5" scX="1" y="-1.3000000000000043" scY="1"/>
    </frame>
   </timeline>
   <timeline name="body_cl" scale="1" pX="0" pY="0" offset="0">
    <frame z="0" duration="1">
     <transform x="0" pX="0" pY="0" skX="0" skY="0" scX="1" y="0" scY="1"/>
    </frame>
    <frame z="0" duration="1">
     <transform x="0" pX="0" pY="0" skX="2.7399999999999998" skY="2.7399999999999998" scX="1" y="0" scY="1"/>
    </frame>
    <frame z="0" duration="1">
     <transform x="0" pX="0" pY="0" skX="10.239999999999998" skY="10.239999999999998" scX="1" y="0" scY="1"/>
    </frame>
    <frame z="0" duration="1">
     <transform x="0.4" pX="0" pY="0" skX="11.19" skY="11.19" scX="1" y="-0.3999999999999986" scY="1"/>
    </frame>
   </timeline>
   <timeline name="skirt_cl" scale="1" pX="0" pY="0" offset="0">
    <frame z="0" duration="4">
     <transform x="0" pX="0" pY="0" skX="0" skY="0" scX="1" y="0" scY="1"/>
    </frame>
   </timeline>
   <timeline name="head_cl" scale="1" pX="0" pY="0" offset="0">
    <frame z="0" duration="1">
     <transform x="0" pX="0" pY="0" skX="0" skY="0" scX="1" y="0" scY="1"/>
    </frame>
    <frame z="0" duration="1">
     <transform x="-3.0500000000000003" pX="0" pY="0" skX="0" skY="0" scX="1" y="-0.6000000000000014" scY="1"/>
    </frame>
    <frame z="0" duration="1">
     <transform x="2.55" pX="0" pY="0" skX="0" skY="0" scX="1" y="0.1999999999999993" scY="1"/>
    </frame>
    <frame z="0" duration="1">
     <transform x="4.35" pX="0" pY="0" skX="0" skY="0" scX="1" y="-1.8000000000000007" scY="1"/>
    </frame>
   </timeline>
   <timeline name="hand_r_cl" scale="1" pX="0" pY="0" offset="0">
    <frame z="0" duration="1">
     <transform x="0" pX="0" pY="0" skX="0" skY="0" scX="1" y="0" scY="1"/>
    </frame>
    <frame z="0" duration="1">
     <transform x="-2.4000000000000004" pX="0" pY="0" skX="124.63" skY="124.63" scX="1" y="-10" scY="1"/>
    </frame>
    <frame z="0" duration="1">
     <transform x="1.1500000000000004" pX="0" pY="0" skX="140.32999999999998" skY="140.32999999999998" scX="1" y="-11.099999999999998" scY="1"/>
    </frame>
    <frame z="0" duration="1">
     <transform x="0.05000000000000071" pX="0" pY="0" skX="5.960000000000008" skY="5.960000000000008" scX="1" y="-1.6999999999999993" scY="1"/>
    </frame>
   </timeline>
  </animation>
 </armature>
</root>