<TextureAtlas name="got_cup_mc" imagePath="texture.png">
 <SubTexture name="__dbTextures/got_cup_mc/Layer 11_0" x="916" y="477" width="650" height="450"/>
 <SubTexture name="Symbol 47" x="916" y="0" width="678" height="475"/>
 <SubTexture name="位图 1" x="1595" y="81" width="446" height="49"/>
 <SubTexture name="__dbTextures/got_cup_mc/mask_0" x="0" y="519" width="463" height="237"/>
 <SubTexture name="Symbol 126" x="0" y="0" width="915" height="518"/>
 <SubTexture name="Symbol 155" x="1595" y="132" width="292" height="38"/>
 <SubTexture name="__dbTextures/play_bg/bg3_0" x="1595" y="0" width="431" height="80"/>
 <SubTexture name="Symbol 164" x="1755" y="171" width="61" height="64"/>
 <SubTexture name="Symbol 166" x="1978" y="132" width="68" height="64"/>
 <SubTexture name="__dbTextures/play_bg/mask_0" x="1568" y="715" width="461" height="235"/>
 <SubTexture name="__dbTextures/play_bg/Layer 1_0" x="1568" y="477" width="463" height="237"/>
 <SubTexture name="Symbol 169" x="1595" y="171" width="80" height="80"/>
 <SubTexture name="Symbol 176" x="1888" y="132" width="89" height="89"/>
 <SubTexture name="Symbol 177" x="1676" y="171" width="78" height="78"/>
 <SubTexture name="Symbol 171" x="2025" y="197" width="22" height="21"/>
 <SubTexture name="__dbTextures/play_cl/Layer 9_3" x="2025" y="219" width="22" height="21"/>
 <SubTexture name="__dbTextures/play_cl/Layer 8_3" x="2025" y="241" width="22" height="21"/>
 <SubTexture name="__dbTextures/play_cl/Layer 7_3" x="1719" y="250" width="22" height="21"/>
 <SubTexture name="__dbTextures/play_cl/Layer 6_3" x="1595" y="252" width="42" height="52"/>
 <SubTexture name="Symbol 174" x="1638" y="252" width="36" height="36"/>
 <SubTexture name="Symbol 173" x="1676" y="250" width="42" height="52"/>
 <SubTexture name="Symbol 175" x="1755" y="236" width="47" height="47"/>
 <SubTexture name="Symbol 181" x="1817" y="171" width="54" height="56"/>
 <SubTexture name="Symbol 183" x="1915" y="222" width="44" height="55"/>
 <SubTexture name="Symbol 185" x="1872" y="222" width="42" height="58"/>
 <SubTexture name="Symbol 187" x="1817" y="228" width="35" height="62"/>
 <SubTexture name="Symbol 189" x="1978" y="197" width="46" height="59"/>
 <SubTexture name="cat2.tail_cl" x="1960" y="257" width="39" height="39"/>
 <SubTexture name="cat2.cloak_cl" x="1915" y="278" width="39" height="39"/>
 <SubTexture name="cat2.hand_l_cl" x="1955" y="297" width="39" height="39"/>
 <SubTexture name="cat2.foot1_cl" x="1719" y="284" width="39" height="39"/>
 <SubTexture name="cat2.body_cl" x="2000" y="263" width="39" height="39"/>
 <SubTexture name="cat2.skirt_cl" x="1759" y="284" width="39" height="39"/>
 <SubTexture name="cat2.head_cl" x="1799" y="291" width="39" height="39"/>
 <SubTexture name="cat_drag_mc.cat.hand_r_cl" x="1853" y="281" width="39" height="39"/>
</TextureAtlas>