{"armature":[{"skin":[{"name":"default","slot":[{"name":"armor_bt","z":0,"display":[{"transform":{},"name":"Symbol 1951","type":"armature"}],"parent":"armor_bt"}]}],"name":"Sponsor_button","bone":[{"transform":{"scX":0.35,"x":-40.55,"scY":0.35,"y":0.2},"name":"armor_bt"}],"animation":[{"fadeInTime":0.3,"timeline":[{"name":"armor_bt","frame":[{"z":0,"transform":{},"duration":1}]}],"autoTween":1,"name":"Sponsor_button","duration":1,"tweenEasing":null}]},{"skin":[{"name":"default","slot":[{"name":"Layer 8","z":0,"display":[{"transform":{"pX":32.7,"pY":244.15},"name":"Symbol 1700","type":"image"},{"transform":{"pX":55.9,"pY":79.3},"name":"Symbol 1950","type":"image"}],"parent":"Layer 8"},{"name":"Layer 7","z":1,"display":[{"transform":{"pX":32.7,"pY":244.15},"name":"Symbol 1700","type":"image"}],"parent":"Layer 7"},{"name":"Layer 6","z":2,"display":[{"transform":{"pX":96.5,"pY":96.5},"name":"Symbol 1705","type":"image"}],"parent":"Layer 6"},{"name":"Layer 2","z":3,"display":[{"transform":{"pX":35.3,"pY":44.05},"name":"Symbol 1713","type":"image"}],"parent":"Layer 2"},{"name":"Layer 1","z":4,"display":[{"transform":{"pX":130.3,"pY":16.6},"name":"Symbol 1949","type":"image"}],"parent":"Layer 1"}]}],"name":"Symbol 1951","bone":[{"transform":{"scX":0.73,"scY":0.73,"skX":45,"skY":45},"name":"Layer 6"},{"transform":{"scX":0.6,"x":-30.85,"scY":0.6,"y":-67.45,"skX":148.56,"skY":148.56},"name":"Layer 7"},{"transform":{"scX":0.58,"x":29,"scY":0.58,"y":-67.05,"skX":-149.92,"skY":-149.92},"name":"Layer 8"},{"transform":{"scX":1.25,"scY":1.25},"name":"Layer 2"},{"transform":{"x":201.3,"y":-3.2},"name":"Layer 1"}],"animation":[{"fadeInTime":0.3,"timeline":[{"name":"Layer 8","frame":[{"z":0,"transform":{},"duration":1},{"z":0,"transform":{},"duration":1},{"z":0,"transform":{},"duration":1},{"displayIndex":1,"transform":{"scX":1.7241,"x":-29,"scY":1.7241,"y":67.05,"skX":149.92,"skY":149.92},"z":0,"duration":1}]},{"name":"Layer 7","frame":[{"z":0,"transform":{},"duration":1},{"z":0,"transform":{},"duration":1},{"z":0,"transform":{},"duration":1},{"displayIndex":-1,"duration":1}]},{"name":"Layer 6","frame":[{"transform":{},"colorTransform":{"bM":100,"gO":0,"bO":0,"aM":0,"rM":100,"aO":0,"gM":100,"rO":0},"z":0,"duration":1},{"transform":{},"colorTransform":{"bM":100,"gO":0,"bO":0,"aM":0,"rM":100,"aO":0,"gM":100,"rO":0},"z":0,"duration":1},{"transform":{},"colorTransform":{"bM":100,"gO":0,"bO":0,"aM":0,"rM":100,"aO":0,"gM":100,"rO":0},"z":0,"duration":1},{"displayIndex":-1,"duration":1}]},{"name":"Layer 2","frame":[{"z":0,"transform":{},"duration":1},{"z":0,"transform":{},"duration":1},{"z":0,"transform":{},"duration":1},{"displayIndex":-1,"duration":1}]},{"name":"Layer 1","frame":[{"z":0,"transform":{},"duration":1},{"z":0,"transform":{},"duration":1},{"z":0,"transform":{},"duration":1},{"displayIndex":-1,"duration":1}]}],"autoTween":1,"name":"armor_bt","duration":4,"tweenEasing":null}]},{"skin":[{"name":"default","slot":[{"name":"armor_bt","z":0,"display":[{"transform":{},"name":"Symbol 1842","type":"armature"}],"parent":"armor_bt"}]}],"name":"Sponsor_button2","bone":[{"transform":{"scX":0.35,"x":-29.9,"scY":0.35,"y":1.25},"name":"armor_bt"}],"animation":[{"fadeInTime":0.3,"timeline":[{"name":"armor_bt","frame":[{"z":0,"transform":{},"duration":1}]}],"autoTween":1,"name":"armor_bt","duration":1,"tweenEasing":null}]},{"skin":[{"name":"default","slot":[{"name":"Layer 8","z":0,"display":[{"transform":{"pX":32.7,"pY":244.15},"name":"Symbol 1700","type":"image"},{"transform":{"pX":55.9,"pY":79.3},"name":"Symbol 1841","type":"image"}],"parent":"Layer 8"},{"name":"Layer 7","z":1,"display":[{"transform":{"pX":32.7,"pY":244.15},"name":"Symbol 1700","type":"image"}],"parent":"Layer 7"},{"name":"Layer 6","z":2,"display":[{"transform":{"pX":96.5,"pY":96.5},"name":"Symbol 1705","type":"image"}],"parent":"Layer 6"},{"name":"Layer 2","z":3,"display":[{"transform":{"pX":35.3,"pY":44.05},"name":"Symbol 1713","type":"image"}],"parent":"Layer 2"},{"name":"Layer 1","z":4,"display":[{"transform":{"pX":189.05,"pY":16.6},"name":"Symbol 1840","type":"image"}],"parent":"Layer 1"}]}],"name":"Symbol 1842","bone":[{"transform":{"scX":0.59,"x":170.55,"scY":0.59,"y":0.85,"skX":45,"skY":45},"name":"Layer 6"},{"transform":{"scX":0.49,"x":145.45,"scY":0.49,"y":-54.05,"skX":148.56,"skY":148.56},"name":"Layer 7"},{"transform":{"scX":0.48,"x":194.15,"scY":0.48,"y":-53.75,"skX":-149.92,"skY":-149.92},"name":"Layer 8"},{"transform":{"scX":1.02,"x":170.55,"scY":1.02,"y":0.85},"name":"Layer 2"},{"transform":{"scX":1.23,"x":208.15,"scY":1.23,"y":-4.05},"name":"Layer 1"}],"animation":[{"timeline":[{"name":"Layer 8","frame":[{"z":0,"transform":{},"duration":1},{"z":0,"transform":{},"duration":1},{"z":0,"transform":{},"duration":1},{"displayIndex":1,"transform":{"scX":2.0833,"x":-194.15,"scY":2.0833,"y":53.75,"skX":149.92,"skY":149.92},"z":0,"duration":1}]},{"name":"Layer 7","frame":[{"z":0,"transform":{},"duration":1},{"z":0,"transform":{},"duration":1},{"z":0,"transform":{},"duration":1},{"displayIndex":-1,"duration":1}]},{"name":"Layer 6","frame":[{"transform":{},"colorTransform":{"bM":100,"gO":0,"bO":0,"aM":0,"rM":100,"aO":0,"gM":100,"rO":0},"z":0,"duration":1},{"transform":{},"colorTransform":{"bM":100,"gO":0,"bO":0,"aM":0,"rM":100,"aO":0,"gM":100,"rO":0},"z":0,"duration":1},{"transform":{},"colorTransform":{"bM":100,"gO":0,"bO":0,"aM":0,"rM":100,"aO":0,"gM":100,"rO":0},"z":0,"duration":1},{"displayIndex":-1,"duration":1}]},{"name":"Layer 2","frame":[{"z":0,"transform":{},"duration":1},{"z":0,"transform":{},"duration":1},{"z":0,"transform":{},"duration":1},{"displayIndex":-1,"duration":1}]},{"name":"Layer 1","frame":[{"z":0,"transform":{},"duration":1},{"z":0,"transform":{},"duration":1},{"z":0,"transform":{},"duration":1},{"displayIndex":-1,"duration":1}]}],"autoTween":1,"name":"unnamed","duration":4,"tweenEasing":null}]},{"skin":[{"name":"default","slot":[{"name":"Layer 1","z":0,"display":[{"transform":{},"name":"Symbol 1877","type":"armature"}],"parent":"Layer 1"}]}],"name":"Sponsor_button3","bone":[{"transform":{"scX":0.35,"x":-29.9,"scY":0.35,"y":1.25},"name":"Layer 1"}],"animation":[{"fadeInTime":0.3,"timeline":[{"name":"Layer 1","frame":[{"z":0,"transform":{},"duration":1}]}],"autoTween":1,"name":"Sponsor_button3","duration":1,"tweenEasing":null}]},{"skin":[{"name":"default","slot":[{"name":"Layer 1","z":0,"display":[{"transform":{"pX":157.15,"pY":16.6},"name":"Symbol 1875","type":"image"},{"transform":{"pX":23.05,"pY":79.3},"name":"Symbol 1876","type":"image"}],"parent":"Layer 1"}]}],"name":"Symbol 1877","bone":[{"transform":{"scX":1.23,"x":208.15,"scY":1.23,"y":-4.05},"name":"Layer 1"}],"animation":[{"timeline":[{"name":"Layer 1","frame":[{"z":0,"transform":{},"duration":1},{"transform":{},"colorTransform":{"bM":100,"gO":50,"bO":50,"aM":100,"rM":100,"aO":0,"gM":100,"rO":50},"z":0,"duration":1},{"transform":{},"colorTransform":{"bM":100,"gO":50,"bO":50,"aM":100,"rM":100,"aO":0,"gM":100,"rO":50},"z":0,"duration":1},{"displayIndex":1,"transform":{"scX":0.813,"x":-208.15,"scY":0.813,"y":4.05},"z":0,"duration":1}]}],"autoTween":1,"name":"unnamed","duration":4,"tweenEasing":null}]}],"name":"Sponsor_button","isGlobal":0,"frameRate":30,"version":"3.0"}