<root name="Sponsor_button" isGlobal="0" frameRate="30" version="3.0">
 <armature name="Sponsor_button">
  <skin name="default">
   <slot name="armor_bt" z="0" parent="armor_bt">
    <display name="Symbol 1951" type="armature">
     <transform scY="1" skY="0" x="0" scX="1" skX="0" y="0"/>
    </display>
   </slot>
  </skin>
  <bone name="armor_bt">
   <transform y="0.2" skY="0" x="-40.55" scX="0.35" skX="0" scY="0.35"/>
  </bone>
  <animation name="Sponsor_button" scale="1" loop="1" duration="1" autoTween="NaN" fadeInTime="0.3" tweenEasing="NaN">
   <timeline name="armor_bt" scale="1" pX="0" pY="0" offset="0">
    <frame z="0" duration="1">
     <transform x="0" pX="0" pY="0" skX="0" skY="0" scX="1" y="0" scY="1"/>
    </frame>
   </timeline>
  </animation>
 </armature>
 <armature name="Symbol 1951">
  <skin name="default">
   <slot name="Layer 8" z="0" parent="Layer 8">
    <display name="Symbol 1700" type="image">
     <transform x="0" pX="32.7" pY="244.15" skX="0" skY="0" scX="1" y="0" scY="1"/>
    </display>
    <display name="Symbol 1950" type="image">
     <transform x="0" pX="55.9" pY="79.3" skX="0" skY="0" scX="1" y="0" scY="1"/>
    </display>
   </slot>
   <slot name="Layer 7" z="1" parent="Layer 7">
    <display name="Symbol 1700" type="image">
     <transform x="0" pX="32.7" pY="244.15" skX="0" skY="0" scX="1" y="0" scY="1"/>
    </display>
   </slot>
   <slot name="Layer 6" z="2" parent="Layer 6">
    <display name="Symbol 1705" type="image">
     <transform x="0" pX="96.5" pY="96.5" skX="0" skY="0" scX="1" y="0" scY="1"/>
    </display>
   </slot>
   <slot name="Layer 2" z="3" parent="Layer 2">
    <display name="Symbol 1713" type="image">
     <transform x="0" pX="35.3" pY="44.05" skX="0" skY="0" scX="1" y="0" scY="1"/>
    </display>
   </slot>
   <slot name="Layer 1" z="4" parent="Layer 1">
    <display name="Symbol 1949" type="image">
     <transform x="0" pX="130.3" pY="16.6" skX="0" skY="0" scX="1" y="0" scY="1"/>
    </display>
   </slot>
  </skin>
  <bone name="Layer 6">
   <transform y="0" skY="45" x="0" scX="0.73" skX="45" scY="0.73"/>
  </bone>
  <bone name="Layer 7">
   <transform y="-67.45" skY="148.56" x="-30.85" scX="0.6" skX="148.56" scY="0.6"/>
  </bone>
  <bone name="Layer 8">
   <transform y="-67.05" skY="-149.92" x="29" scX="0.58" skX="-149.92" scY="0.58"/>
  </bone>
  <bone name="Layer 2">
   <transform y="0" skY="0" x="0" scX="1.25" skX="0" scY="1.25"/>
  </bone>
  <bone name="Layer 1">
   <transform y="-3.2" skY="0" x="201.3" scX="1" skX="0" scY="1"/>
  </bone>
  <animation name="armor_bt" scale="1" loop="1" duration="4" autoTween="NaN" fadeInTime="0.3" tweenEasing="NaN">
   <timeline name="Layer 8" scale="1" pX="0" pY="0" offset="0">
    <frame z="0" duration="1">
     <transform x="0" pX="0" pY="0" skX="0" skY="0" scX="1" y="0" scY="1"/>
    </frame>
    <frame z="0" duration="1">
     <transform x="0" pX="0" pY="0" skX="0" skY="0" scX="1" y="0" scY="1"/>
    </frame>
    <frame z="0" duration="1">
     <transform x="0" pX="0" pY="0" skX="0" skY="0" scX="1" y="0" scY="1"/>
    </frame>
    <frame displayIndex="1" z="0" duration="1">
     <transform x="-29" pX="0" pY="0" skX="149.92" skY="149.92" scX="1.7241379310344829" y="67.05" scY="1.7241379310344829"/>
    </frame>
   </timeline>
   <timeline name="Layer 7" scale="1" pX="0" pY="0" offset="0">
    <frame z="0" duration="1">
     <transform x="0" pX="0" pY="0" skX="0" skY="0" scX="1" y="0" scY="1"/>
    </frame>
    <frame z="0" duration="1">
     <transform x="0" pX="0" pY="0" skX="0" skY="0" scX="1" y="0" scY="1"/>
    </frame>
    <frame z="0" duration="1">
     <transform x="0" pX="0" pY="0" skX="0" skY="0" scX="1" y="0" scY="1"/>
    </frame>
    <frame displayIndex="-1" duration="1"/>
   </timeline>
   <timeline name="Layer 6" scale="1" pX="0" pY="0" offset="0">
    <frame z="0" duration="1">
     <transform x="0" pX="0" pY="0" skX="0" skY="0" scX="1" y="0" scY="1"/>
     <colorTransform bM="100" gO="0" bO="0" aM="0" rM="100" aO="0" gM="100" rO="0"/>
    </frame>
    <frame z="0" duration="1">
     <transform x="0" pX="0" pY="0" skX="0" skY="0" scX="1" y="0" scY="1"/>
     <colorTransform bM="100" gO="0" bO="0" aM="0" rM="100" aO="0" gM="100" rO="0"/>
    </frame>
    <frame z="0" duration="1">
     <transform x="0" pX="0" pY="0" skX="0" skY="0" scX="1" y="0" scY="1"/>
     <colorTransform bM="100" gO="0" bO="0" aM="0" rM="100" aO="0" gM="100" rO="0"/>
    </frame>
    <frame displayIndex="-1" duration="1"/>
   </timeline>
   <timeline name="Layer 2" scale="1" pX="0" pY="0" offset="0">
    <frame z="0" duration="1">
     <transform x="0" pX="0" pY="0" skX="0" skY="0" scX="1" y="0" scY="1"/>
    </frame>
    <frame z="0" duration="1">
     <transform x="0" pX="0" pY="0" skX="0" skY="0" scX="1" y="0" scY="1"/>
    </frame>
    <frame z="0" duration="1">
     <transform x="0" pX="0" pY="0" skX="0" skY="0" scX="1" y="0" scY="1"/>
    </frame>
    <frame displayIndex="-1" duration="1"/>
   </timeline>
   <timeline name="Layer 1" scale="1" pX="0" pY="0" offset="0">
    <frame z="0" duration="1">
     <transform x="0" pX="0" pY="0" skX="0" skY="0" scX="1" y="0" scY="1"/>
    </frame>
    <frame z="0" duration="1">
     <transform x="0" pX="0" pY="0" skX="0" skY="0" scX="1" y="0" scY="1"/>
    </frame>
    <frame z="0" duration="1">
     <transform x="0" pX="0" pY="0" skX="0" skY="0" scX="1" y="0" scY="1"/>
    </frame>
    <frame displayIndex="-1" duration="1"/>
   </timeline>
  </animation>
 </armature>
 <armature name="Sponsor_button2">
  <skin name="default">
   <slot name="armor_bt" z="0" parent="armor_bt">
    <display name="Symbol 1842" type="armature">
     <transform scY="1" skY="0" x="0" scX="1" skX="0" y="0"/>
    </display>
   </slot>
  </skin>
  <bone name="armor_bt">
   <transform y="1.25" skY="0" x="-29.9" scX="0.35" skX="0" scY="0.35"/>
  </bone>
  <animation name="Sponsor_button2" scale="1" loop="1" duration="1" autoTween="NaN" fadeInTime="0.3" tweenEasing="NaN">
   <timeline name="armor_bt" scale="1" pX="0" pY="0" offset="0">
    <frame z="0" duration="1">
     <transform x="0" pX="0" pY="0" skX="0" skY="0" scX="1" y="0" scY="1"/>
    </frame>
   </timeline>
  </animation>
 </armature>
 <armature name="Symbol 1842">
  <skin name="default">
   <slot name="Layer 8" z="0" parent="Layer 8">
    <display name="Symbol 1700" type="image">
     <transform x="0" pX="32.7" pY="244.15" skX="0" skY="0" scX="1" y="0" scY="1"/>
    </display>
    <display name="Symbol 1841" type="image">
     <transform x="0" pX="55.9" pY="79.3" skX="0" skY="0" scX="1" y="0" scY="1"/>
    </display>
   </slot>
   <slot name="Layer 7" z="1" parent="Layer 7">
    <display name="Symbol 1700" type="image">
     <transform x="0" pX="32.7" pY="244.15" skX="0" skY="0" scX="1" y="0" scY="1"/>
    </display>
   </slot>
   <slot name="Layer 6" z="2" parent="Layer 6">
    <display name="Symbol 1705" type="image">
     <transform x="0" pX="96.5" pY="96.5" skX="0" skY="0" scX="1" y="0" scY="1"/>
    </display>
   </slot>
   <slot name="Layer 2" z="3" parent="Layer 2">
    <display name="Symbol 1713" type="image">
     <transform x="0" pX="35.3" pY="44.05" skX="0" skY="0" scX="1" y="0" scY="1"/>
    </display>
   </slot>
   <slot name="Layer 1" z="4" parent="Layer 1">
    <display name="Symbol 1840" type="image">
     <transform x="0" pX="189.05" pY="16.6" skX="0" skY="0" scX="1" y="0" scY="1"/>
    </display>
   </slot>
  </skin>
  <bone name="Layer 6">
   <transform y="0.85" skY="45" x="170.55" scX="0.59" skX="45" scY="0.59"/>
  </bone>
  <bone name="Layer 7">
   <transform y="-54.05" skY="148.56" x="145.45" scX="0.49" skX="148.56" scY="0.49"/>
  </bone>
  <bone name="Layer 8">
   <transform y="-53.75" skY="-149.92" x="194.15" scX="0.48" skX="-149.92" scY="0.48"/>
  </bone>
  <bone name="Layer 2">
   <transform y="0.85" skY="0" x="170.55" scX="1.02" skX="0" scY="1.02"/>
  </bone>
  <bone name="Layer 1">
   <transform y="-4.05" skY="0" x="208.15" scX="1.23" skX="0" scY="1.23"/>
  </bone>
  <animation name="armor_bt" scale="1" loop="1" duration="4" autoTween="NaN" fadeInTime="0.3" tweenEasing="NaN">
   <timeline name="Layer 8" scale="1" pX="0" pY="0" offset="0">
    <frame z="0" duration="1">
     <transform x="0" pX="0" pY="0" skX="0" skY="0" scX="1" y="0" scY="1"/>
    </frame>
    <frame z="0" duration="1">
     <transform x="0" pX="0" pY="0" skX="0" skY="0" scX="1" y="0" scY="1"/>
    </frame>
    <frame z="0" duration="1">
     <transform x="0" pX="0" pY="0" skX="0" skY="0" scX="1" y="0" scY="1"/>
    </frame>
    <frame displayIndex="1" z="0" duration="1">
     <transform x="-194.15" pX="0" pY="0" skX="149.92" skY="149.92" scX="2.0833333333333335" y="53.75" scY="2.0833333333333335"/>
    </frame>
   </timeline>
   <timeline name="Layer 7" scale="1" pX="0" pY="0" offset="0">
    <frame z="0" duration="1">
     <transform x="0" pX="0" pY="0" skX="0" skY="0" scX="1" y="0" scY="1"/>
    </frame>
    <frame z="0" duration="1">
     <transform x="0" pX="0" pY="0" skX="0" skY="0" scX="1" y="0" scY="1"/>
    </frame>
    <frame z="0" duration="1">
     <transform x="0" pX="0" pY="0" skX="0" skY="0" scX="1" y="0" scY="1"/>
    </frame>
    <frame displayIndex="-1" duration="1"/>
   </timeline>
   <timeline name="Layer 6" scale="1" pX="0" pY="0" offset="0">
    <frame z="0" duration="1">
     <transform x="0" pX="0" pY="0" skX="0" skY="0" scX="1" y="0" scY="1"/>
     <colorTransform bM="100" gO="0" bO="0" aM="0" rM="100" aO="0" gM="100" rO="0"/>
    </frame>
    <frame z="0" duration="1">
     <transform x="0" pX="0" pY="0" skX="0" skY="0" scX="1" y="0" scY="1"/>
     <colorTransform bM="100" gO="0" bO="0" aM="0" rM="100" aO="0" gM="100" rO="0"/>
    </frame>
    <frame z="0" duration="1">
     <transform x="0" pX="0" pY="0" skX="0" skY="0" scX="1" y="0" scY="1"/>
     <colorTransform bM="100" gO="0" bO="0" aM="0" rM="100" aO="0" gM="100" rO="0"/>
    </frame>
    <frame displayIndex="-1" duration="1"/>
   </timeline>
   <timeline name="Layer 2" scale="1" pX="0" pY="0" offset="0">
    <frame z="0" duration="1">
     <transform x="0" pX="0" pY="0" skX="0" skY="0" scX="1" y="0" scY="1"/>
    </frame>
    <frame z="0" duration="1">
     <transform x="0" pX="0" pY="0" skX="0" skY="0" scX="1" y="0" scY="1"/>
    </frame>
    <frame z="0" duration="1">
     <transform x="0" pX="0" pY="0" skX="0" skY="0" scX="1" y="0" scY="1"/>
    </frame>
    <frame displayIndex="-1" duration="1"/>
   </timeline>
   <timeline name="Layer 1" scale="1" pX="0" pY="0" offset="0">
    <frame z="0" duration="1">
     <transform x="0" pX="0" pY="0" skX="0" skY="0" scX="1" y="0" scY="1"/>
    </frame>
    <frame z="0" duration="1">
     <transform x="0" pX="0" pY="0" skX="0" skY="0" scX="1" y="0" scY="1"/>
    </frame>
    <frame z="0" duration="1">
     <transform x="0" pX="0" pY="0" skX="0" skY="0" scX="1" y="0" scY="1"/>
    </frame>
    <frame displayIndex="-1" duration="1"/>
   </timeline>
  </animation>
 </armature>
 <armature name="Sponsor_button3">
  <skin name="default">
   <slot name="armor_bt" z="0" parent="armor_bt">
    <display name="Symbol 1877" type="armature">
     <transform scY="1" skY="0" x="0" scX="1" skX="0" y="0"/>
    </display>
   </slot>
  </skin>
  <bone name="armor_bt">
   <transform y="1.25" skY="0" x="-29.9" scX="0.35" skX="0" scY="0.35"/>
  </bone>
  <animation name="Sponsor_button3" scale="1" loop="1" duration="1" autoTween="NaN" fadeInTime="0.3" tweenEasing="NaN">
   <timeline name="armor_bt" scale="1" pX="0" pY="0" offset="0">
    <frame z="0" duration="1">
     <transform x="0" pX="0" pY="0" skX="0" skY="0" scX="1" y="0" scY="1"/>
    </frame>
   </timeline>
  </animation>
 </armature>
 <armature name="Symbol 1877">
  <skin name="default">
   <slot name="Layer 1" z="0" parent="Layer 1">
    <display name="Symbol 1875" type="image">
     <transform x="0" pX="157.15" pY="16.6" skX="0" skY="0" scX="1" y="0" scY="1"/>
    </display>
    <display name="Symbol 1876" type="image">
     <transform x="0" pX="23.05" pY="79.3" skX="0" skY="0" scX="1" y="0" scY="1"/>
    </display>
   </slot>
  </skin>
  <bone name="Layer 1">
   <transform y="-4.05" skY="0" x="208.15" scX="1.23" skX="0" scY="1.23"/>
  </bone>
  <animation name="armor_bt" scale="1" loop="1" duration="4" autoTween="NaN" fadeInTime="0.3" tweenEasing="NaN">
   <timeline name="Layer 1" scale="1" pX="0" pY="0" offset="0">
    <frame z="0" duration="1">
     <transform x="0" pX="0" pY="0" skX="0" skY="0" scX="1" y="0" scY="1"/>
    </frame>
    <frame z="0" duration="1">
     <transform x="0" pX="0" pY="0" skX="0" skY="0" scX="1" y="0" scY="1"/>
     <colorTransform bM="100" gO="50" bO="50" aM="100" rM="100" aO="0" gM="100" rO="50"/>
    </frame>
    <frame z="0" duration="1">
     <transform x="0" pX="0" pY="0" skX="0" skY="0" scX="1" y="0" scY="1"/>
     <colorTransform bM="100" gO="50" bO="50" aM="100" rM="100" aO="0" gM="100" rO="50"/>
    </frame>
    <frame displayIndex="1" z="0" duration="1">
     <transform x="-208.15" pX="0" pY="0" skX="0" skY="0" scX="0.8130081300813008" y="4.05" scY="0.8130081300813008"/>
    </frame>
   </timeline>
  </animation>
 </armature>
</root>