<root name="Sponsor_button" isGlobal="0" frameRate="30" version="3.0">
 <armature name="Sponsor_button2">
  <skin name="default">
   <slot name="armor_bt" z="0" parent="armor_bt">
    <display name="Symbol 1842" type="image">
     <transform scX="1" x="0" scY="1" y="0" pX="24.75" pY="81.25" skX="0" skY="0"/>
    </display>
   </slot>
  </skin>
  <bone name="armor_bt">
   <transform scX="0.35" x="-29.9" skX="0" scY="0.35" y="1.25" skY="0"/>
  </bone>
  <animation fadeInTime="0.3" scale="1" loop="1" autoTween="NaN" name="armor_bt" duration="1" tweenEasing="NaN">
   <timeline pX="0" name="armor_bt" pY="0" scale="1" offset="0">
    <frame z="0" duration="1">
     <transform scX="1" x="0" scY="1" y="0" pX="0" pY="0" skX="0" skY="0"/>
    </frame>
   </timeline>
  </animation>
 </armature>
 <armature name="Sponsor_button">
  <skin name="default">
   <slot name="armor_bt" z="0" parent="armor_bt">
    <display name="Symbol 1951" type="image">
     <transform scX="1" x="0" scY="1" y="0" pX="99.65" pY="100.9" skX="0" skY="0"/>
    </display>
   </slot>
  </skin>
  <bone name="armor_bt">
   <transform scX="0.35" x="-40.55" skX="0" scY="0.35" y="0.2" skY="0"/>
  </bone>
  <animation fadeInTime="0.3" scale="1" loop="1" autoTween="NaN" name="Sponsor_button" duration="1" tweenEasing="NaN">
   <timeline pX="0" name="armor_bt" pY="0" scale="1" offset="0">
    <frame z="0" duration="1">
     <transform scX="1" x="0" scY="1" y="0" pX="0" pY="0" skX="0" skY="0"/>
    </frame>
   </timeline>
  </animation>
 </armature>
 <armature name="Sponsor_button3">
  <skin name="default">
   <slot name="Layer 1" z="0" parent="Layer 1">
    <display name="Symbol 1877" type="image">
     <transform scX="1" x="0" scY="1" y="0" pX="-14.55" pY="24.5" skX="0" skY="0"/>
    </display>
   </slot>
  </skin>
  <bone name="Layer 1">
   <transform scX="0.35" x="-29.9" skX="0" scY="0.35" y="1.25" skY="0"/>
  </bone>
  <animation fadeInTime="0.3" scale="1" loop="1" autoTween="NaN" name="Sponsor_button3" duration="1" tweenEasing="NaN">
   <timeline pX="0" name="Layer 1" pY="0" scale="1" offset="0">
    <frame z="0" duration="1">
     <transform scX="1" x="0" scY="1" y="0" pX="0" pY="0" skX="0" skY="0"/>
    </frame>
   </timeline>
  </animation>
 </armature>
</root>