{"imagePath":"texture.png","SubTexture":[{"name":"Symbol 1700","x":419,"width":66,"y":0,"height":290},{"name":"Symbol 1950","x":0,"width":418,"y":0,"height":130},{"name":"Symbol 1705","x":0,"width":193,"y":393,"height":193},{"name":"Symbol 1713","x":407,"width":71,"y":291,"height":89},{"name":"Symbol 1949","x":195,"width":261,"y":428,"height":34},{"name":"Symbol 1841","x":0,"width":418,"y":131,"height":130},{"name":"Symbol 1840","x":0,"width":320,"y":588,"height":34},{"name":"Symbol 1875","x":195,"width":262,"y":393,"height":34},{"name":"Symbol 1876","x":0,"width":406,"y":262,"height":130}],"name":"Sponsor_button"}