<root name="card_mc" isGlobal="0" frameRate="30" version="3.0">
 <armature name="card_mc">
  <skin name="default">
   <slot name="over_cl" z="0" parent="over_cl">
    <display name="__dbTextures/card_mc/over_cl_0" type="image">
     <transform scX="1" x="-36.2" scY="1" y="-42.1" pX="0" pY="0" skX="0" skY="0"/>
    </display>
    <display name="__dbTextures/card_mc/over_cl_1" type="image">
     <transform scX="1" x="-36.2" scY="1" y="-46.95" pX="0" pY="0" skX="0" skY="0"/>
    </display>
    <display name="Symbol 2353" type="armature">
     <transform scX="1" x="0" skX="0" scY="1" y="0" skY="0"/>
    </display>
   </slot>
   <slot name="bg_cl" z="1" parent="bg_cl">
    <display name="bg_cl" type="armature">
     <transform scX="1" x="0" skX="0" scY="1" y="0" skY="0"/>
    </display>
    <display name="bg_cl2" type="armature">
     <transform scX="1" x="0" skX="0" scY="1" y="0" skY="0"/>
    </display>
   </slot>
   <slot name="n_tx11" z="2" parent="n_tx11">
    <display name="位图 6" type="image">
     <transform scX="1" x="-32.5" scY="1" y="-1" pX="0" pY="0" skX="0" skY="0"/>
    </display>
   </slot>
   <slot name="title_tx" z="3" parent="title_tx">
    <display name="位图 3" type="image">
     <transform scX="1" x="-37" scY="1" y="-14" pX="0" pY="0" skX="0" skY="0"/>
    </display>
   </slot>
   <slot name="des_tx" z="4" parent="des_tx">
    <display name="位图 2" type="image">
     <transform scX="1" x="-37" scY="1" y="-18.5" pX="0" pY="0" skX="0" skY="0"/>
    </display>
   </slot>
   <slot name="n_tx" z="5" parent="n_tx">
    <display name="位图 4" type="image">
     <transform scX="1" x="-11.5" scY="1" y="-12" pX="0" pY="0" skX="0" skY="0"/>
    </display>
    <display name="位图 1" type="image">
     <transform scX="1" x="-11.5" scY="1" y="-10.5" pX="0" pY="0" skX="0" skY="0"/>
    </display>
   </slot>
   <slot name="cat_cl" z="6" parent="cat_cl">
    <display name="cat_cl" type="armature">
     <transform scX="1" x="0" skX="0" scY="1" y="0" skY="0"/>
    </display>
   </slot>
   <slot name="icon_cl" z="7" parent="icon_cl">
    <display name="icon_cl" type="armature">
     <transform scX="1" x="0" skX="0" scY="1" y="0" skY="0"/>
    </display>
   </slot>
   <slot name="wear_cl" z="8" parent="wear_cl">
    <display name="wear_cl" type="armature">
     <transform scX="1" x="0" skX="0" scY="1" y="0" skY="0"/>
    </display>
   </slot>
   <slot name="telo" z="9" parent="telo">
    <display name="telo" type="image">
     <transform scX="1" x="0" scY="1" y="0" pX="50.95" pY="42.5" skX="0" skY="0"/>
    </display>
   </slot>
  </skin>
  <bone name="n_tx">
   <transform scX="1" x="-46.55" skX="0" scY="1" y="36.85" skY="0"/>
  </bone>
  <bone name="bg_cl">
   <transform scX="1" x="0" skX="0" scY="1" y="0" skY="0"/>
  </bone>
  <bone name="n_tx11">
   <transform scX="1" x="0.3" skX="0" scY="1" y="9.9" skY="0"/>
  </bone>
  <bone name="title_tx">
   <transform scX="1" x="-44.25" skX="0" scY="1" y="3.6" skY="0"/>
  </bone>
  <bone name="des_tx">
   <transform scX="1" x="30.65" skX="0" scY="1" y="29.7" skY="0"/>
  </bone>
  <bone name="over_cl">
   <transform scX="1" x="0" skX="0" scY="1" y="-4.85" skY="0"/>
  </bone>
  <bone name="cat_cl">
   <transform scX="1" x="-7.35" skX="0" scY="1" y="-16.5" skY="0"/>
  </bone>
  <bone name="icon_cl">
   <transform scX="0.58" x="23.7" skX="0" scY="0.58" y="-34.05" skY="0"/>
  </bone>
  <bone name="wear_cl">
   <transform scX="1" x="-0.1" skX="0" scY="1" y="-0.8" skY="0"/>
  </bone>
  <bone name="telo">
   <transform scX="0.74" x="-0.2" skX="0" scY="1.14" y="-0.1" skY="0"/>
  </bone>
  <animation fadeInTime="0.3" scale="1" loop="1" autoTween="NaN" name="card_cl" duration="3" tweenEasing="NaN">
   <timeline pX="0" name="over_cl" pY="0" scale="1" offset="0">
    <frame z="0" duration="1" tweenEasing="NaN">
     <transform scX="1" x="0" scY="1" y="0" pX="0" pY="0" skX="0" skY="0"/>
    </frame>
    <frame z="0" displayIndex="1" duration="1" tweenEasing="NaN">
     <transform scX="1" x="0" scY="1" y="4.85" pX="0" pY="0" skX="0" skY="0"/>
    </frame>
    <frame displayIndex="2" z="0" duration="1">
     <transform scX="1" x="0.2" scY="1" y="4.85" pX="0" pY="0" skX="0" skY="0"/>
    </frame>
   </timeline>
   <timeline pX="0" name="bg_cl" pY="0" scale="1" offset="0">
    <frame z="0" duration="1">
     <transform scX="1" x="0" scY="1" y="0" pX="0" pY="0" skX="0" skY="0"/>
    </frame>
    <frame displayIndex="1" z="0" duration="1">
     <transform scX="-1" x="0" scY="1" y="0" pX="0" pY="0" skX="0" skY="0"/>
    </frame>
    <frame displayIndex="-1" duration="1"/>
   </timeline>
   <timeline pX="0" name="n_tx11" pY="0" scale="1" offset="0">
    <frame displayIndex="-1" duration="1"/>
    <frame z="0" duration="1">
     <transform scX="1" x="0" scY="1" y="0" pX="0" pY="0" skX="0" skY="0"/>
    </frame>
    <frame displayIndex="-1" duration="1"/>
   </timeline>
   <timeline pX="0" name="title_tx" pY="0" scale="1" offset="0">
    <frame displayIndex="-1" duration="1"/>
    <frame z="0" duration="1">
     <transform scX="1" x="0" scY="1" y="0" pX="0" pY="0" skX="0" skY="0"/>
    </frame>
    <frame displayIndex="-1" duration="1"/>
   </timeline>
   <timeline pX="0" name="des_tx" pY="0" scale="1" offset="0">
    <frame displayIndex="-1" duration="1"/>
    <frame z="0" duration="1">
     <transform scX="1" x="0" scY="1" y="0" pX="0" pY="0" skX="0" skY="0"/>
    </frame>
    <frame displayIndex="-1" duration="1"/>
   </timeline>
   <timeline pX="0" name="n_tx" pY="0" scale="1" offset="0">
    <frame z="0" duration="1">
     <transform scX="1" x="0" scY="1" y="0" pX="0" pY="0" skX="0" skY="0"/>
    </frame>
    <frame displayIndex="1" z="0" duration="1">
     <transform scX="1" x="-48.2" scY="1" y="-77.55000000000001" pX="0" pY="0" skX="0" skY="0"/>
    </frame>
    <frame displayIndex="-1" duration="1"/>
   </timeline>
   <timeline pX="0" name="cat_cl" pY="0" scale="1" offset="0">
    <frame z="0" duration="2">
     <transform scX="1" x="0" scY="1" y="0" pX="0" pY="0" skX="0" skY="0"/>
    </frame>
    <frame displayIndex="-1" duration="1"/>
   </timeline>
   <timeline pX="0" name="icon_cl" pY="0" scale="1" offset="0">
    <frame z="0" duration="1">
     <transform scX="1" x="0" scY="1" y="0" pX="0" pY="0" skX="0" skY="0"/>
    </frame>
    <frame z="0" duration="1">
     <transform scX="1.7068965517241381" x="-9.5" scY="1.7068965517241381" y="7.9999999999999964" pX="0" pY="0" skX="0" skY="0"/>
    </frame>
    <frame displayIndex="-1" duration="1"/>
   </timeline>
   <timeline pX="0" name="wear_cl" pY="0" scale="1" offset="0">
    <frame z="0" duration="2">
     <transform scX="1" x="0" scY="1" y="0" pX="0" pY="0" skX="0" skY="0"/>
    </frame>
    <frame displayIndex="-1" duration="1"/>
   </timeline>
   <timeline pX="0" name="telo" pY="0" scale="1" offset="0">
    <frame z="0" duration="3">
     <transform scX="1" x="0" scY="1" y="0" pX="0" pY="0" skX="0" skY="0"/>
    </frame>
   </timeline>
  </animation>
 </armature>
 <armature name="Symbol 2353">
  <skin name="default">
   <slot name="Layer 2" z="0" parent="Layer 2">
    <display name="__dbTextures/Symbol 2353/Layer 2_0" type="image">
     <transform scX="1" x="-37.7" scY="1" y="-48.45" pX="0" pY="0" skX="0" skY="0"/>
    </display>
    <display name="__dbTextures/Symbol 2353/Layer 2_1" type="image">
     <transform scX="1" x="-37.7" scY="1" y="-48.45" pX="0" pY="0" skX="0" skY="0"/>
    </display>
    <display name="__dbTextures/Symbol 2353/Layer 2_2" type="image">
     <transform scX="1" x="-37.7" scY="1" y="-48.45" pX="0" pY="0" skX="0" skY="0"/>
    </display>
   </slot>
   <slot name="Layer 1" z="1" parent="Layer 1">
    <display name="__dbTextures/Symbol 2353/Layer 1_0" type="image">
     <transform scX="1" x="-32.95" scY="1" y="-43.7" pX="0" pY="0" skX="0" skY="0"/>
    </display>
   </slot>
  </skin>
  <bone name="Layer 2">
   <transform scX="1" x="0" skX="0" scY="1" y="0" skY="0"/>
  </bone>
  <bone name="Layer 1">
   <transform scX="1" x="0.1" skX="0" scY="1" y="-0.05" skY="0"/>
  </bone>
  <animation fadeInTime="0.3" scale="1" loop="1" autoTween="NaN" name="over_cl" duration="3" tweenEasing="NaN">
   <timeline pX="0" name="Layer 2" pY="0" scale="1" offset="0">
    <frame z="0" duration="1" tweenEasing="NaN">
     <transform scX="1" x="0" scY="1" y="0" pX="0" pY="0" skX="0" skY="0"/>
    </frame>
    <frame z="0" displayIndex="1" duration="1" tweenEasing="NaN">
     <transform scX="1" x="0" scY="1" y="0" pX="0" pY="0" skX="0" skY="0"/>
    </frame>
    <frame z="0" displayIndex="2" duration="1" tweenEasing="NaN">
     <transform scX="1" x="0" scY="1" y="0" pX="0" pY="0" skX="0" skY="0"/>
    </frame>
   </timeline>
   <timeline pX="0" name="Layer 1" pY="0" scale="1" offset="0">
    <frame z="0" duration="3" tweenEasing="NaN">
     <transform scX="1" x="0" scY="1" y="0" pX="0" pY="0" skX="0" skY="0"/>
    </frame>
   </timeline>
  </animation>
 </armature>
 <armature name="bg_cl">
  <skin name="default">
   <slot name="bg_cl" z="0" parent="bg_cl">
    <display name="__dbTextures/bg_cl/bg_cl_0" type="image">
     <transform scX="1" x="-37.7" scY="1" y="-48.45" pX="0" pY="0" skX="0" skY="0"/>
    </display>
    <display name="__dbTextures/bg_cl/bg_cl_1" type="image">
     <transform scX="1" x="-37.7" scY="1" y="-48.45" pX="0" pY="0" skX="0" skY="0"/>
    </display>
    <display name="__dbTextures/bg_cl/bg_cl_2" type="image">
     <transform scX="1" x="-37.7" scY="1" y="-48.45" pX="0" pY="0" skX="0" skY="0"/>
    </display>
   </slot>
  </skin>
  <bone name="bg_cl">
   <transform scX="1" x="0" skX="0" scY="1" y="0" skY="0"/>
  </bone>
  <animation fadeInTime="0.3" scale="1" loop="1" autoTween="NaN" name="bg_cl" duration="3" tweenEasing="NaN">
   <timeline pX="0" name="bg_cl" pY="0" scale="1" offset="0">
    <frame z="0" duration="1" tweenEasing="NaN">
     <transform scX="1" x="0" scY="1" y="0" pX="0" pY="0" skX="0" skY="0"/>
    </frame>
    <frame z="0" displayIndex="1" duration="1" tweenEasing="NaN">
     <transform scX="1" x="0" scY="1" y="0" pX="0" pY="0" skX="0" skY="0"/>
    </frame>
    <frame z="0" displayIndex="2" duration="1" tweenEasing="NaN">
     <transform scX="1" x="0" scY="1" y="0" pX="0" pY="0" skX="0" skY="0"/>
    </frame>
   </timeline>
  </animation>
 </armature>
 <armature name="bg_cl2">
  <skin name="default">
   <slot name="bg_cl" z="0" parent="bg_cl">
    <display name="__dbTextures/bg_cl2/bg_cl_1" type="image">
     <transform scX="1" x="-37.7" scY="1" y="-48.45" pX="0" pY="0" skX="0" skY="0"/>
    </display>
    <display name="__dbTextures/bg_cl2/bg_cl_2" type="image">
     <transform scX="1" x="-37.7" scY="1" y="-48.45" pX="0" pY="0" skX="0" skY="0"/>
    </display>
   </slot>
  </skin>
  <bone name="bg_cl">
   <transform scX="1" x="0" skX="0" scY="1" y="-0.05" skY="0"/>
  </bone>
  <animation fadeInTime="0.3" scale="1" loop="1" autoTween="NaN" name="bg_cl" duration="3" tweenEasing="NaN">
   <timeline pX="0" name="bg_cl" pY="0" scale="1" offset="0">
    <frame displayIndex="-1" duration="1"/>
    <frame z="0" duration="1" tweenEasing="NaN">
     <transform scX="1" x="0" scY="1" y="0" pX="0" pY="0" skX="0" skY="0"/>
    </frame>
    <frame z="0" displayIndex="1" duration="1" tweenEasing="NaN">
     <transform scX="1" x="0" scY="1" y="0" pX="0" pY="0" skX="0" skY="0"/>
    </frame>
   </timeline>
  </animation>
 </armature>
 <armature name="cat_cl">
  <skin name="default">
   <slot name="tail_cl" z="0" parent="tail_cl">
    <display name="Symbol 204" type="image">
     <transform scX="1" x="0" scY="1" y="0" pX="18.95" pY="19" skX="0" skY="0"/>
    </display>
   </slot>
   <slot name="cloak_cl" z="1" parent="cloak_cl">
    <display name="cloak_cl" type="image">
     <transform scX="1" x="0" scY="1" y="0" pX="18.95" pY="19" skX="0" skY="0"/>
    </display>
   </slot>
   <slot name="hand_l_cl" z="2" parent="hand_l_cl">
    <display name="Symbol 689" type="image">
     <transform scX="1" x="0" scY="1" y="0" pX="18.95" pY="19" skX="0" skY="0"/>
    </display>
   </slot>
   <slot name="foot2_cl" z="3" parent="foot2_cl">
    <display name="Symbol 970" type="image">
     <transform scX="1" x="0" scY="1" y="0" pX="18.95" pY="19" skX="0" skY="0"/>
    </display>
   </slot>
   <slot name="foot1_cl" z="4" parent="foot1_cl">
    <display name="Symbol 970" type="image">
     <transform scX="1" x="0" scY="1" y="0" pX="18.95" pY="19" skX="0" skY="0"/>
    </display>
   </slot>
   <slot name="body_cl" z="5" parent="body_cl">
    <display name="Symbol 1279" type="image">
     <transform scX="1" x="0" scY="1" y="0" pX="18.95" pY="19" skX="0" skY="0"/>
    </display>
   </slot>
   <slot name="skirt_cl" z="6" parent="skirt_cl">
    <display name="skirt_cl" type="image">
     <transform scX="1" x="0" scY="1" y="0" pX="18.95" pY="19" skX="0" skY="0"/>
    </display>
   </slot>
   <slot name="head_cl" z="7" parent="head_cl">
    <display name="head_cl" type="image">
     <transform scX="1" x="0" scY="1" y="0" pX="18.95" pY="19" skX="0" skY="0"/>
    </display>
   </slot>
   <slot name="hand_r_cl" z="8" parent="hand_r_cl">
    <display name="Symbol 1622" type="image">
     <transform scX="1" x="0" scY="1" y="0" pX="18.95" pY="19" skX="0" skY="0"/>
    </display>
   </slot>
  </skin>
  <bone name="foot1_cl">
   <transform scX="1" x="-0.85" skX="0" scY="1" y="41.4" skY="0"/>
  </bone>
  <bone name="cloak_cl">
   <transform scX="1" x="5.6" skX="0" scY="1" y="29.05" skY="0"/>
  </bone>
  <bone name="hand_l_cl">
   <transform scX="1" x="12.8" skX="-24.97" scY="1" y="31.5" skY="-24.97"/>
  </bone>
  <bone name="foot2_cl">
   <transform scX="1" x="9.6" skX="0" scY="1" y="41.4" skY="0"/>
  </bone>
  <bone name="tail_cl">
   <transform scX="1" x="-9.5" skX="0" scY="1" y="26.3" skY="0"/>
  </bone>
  <bone name="body_cl">
   <transform scX="1" x="4.55" skX="0" scY="1" y="29.25" skY="0"/>
  </bone>
  <bone name="skirt_cl">
   <transform scX="1" x="5.6" skX="0" scY="1" y="37.25" skY="0"/>
  </bone>
  <bone name="head_cl">
   <transform scX="1" x="6.85" skX="0" scY="1" y="10.9" skY="0"/>
  </bone>
  <bone name="hand_r_cl">
   <transform scX="1" x="-3.55" skX="19.44" scY="1" y="31.35" skY="19.44"/>
  </bone>
  <animation fadeInTime="0.3" scale="1" loop="1" autoTween="NaN" name="cat" duration="1" tweenEasing="NaN">
   <timeline pX="0" name="tail_cl" pY="0" scale="1" offset="0">
    <frame z="0" duration="1">
     <transform scX="1" x="0" scY="1" y="0" pX="0" pY="0" skX="0" skY="0"/>
    </frame>
   </timeline>
   <timeline pX="0" name="cloak_cl" pY="0" scale="1" offset="0">
    <frame z="0" duration="1">
     <transform scX="1" x="0" scY="1" y="0" pX="0" pY="0" skX="0" skY="0"/>
    </frame>
   </timeline>
   <timeline pX="0" name="hand_l_cl" pY="0" scale="1" offset="0">
    <frame z="0" duration="1">
     <transform scX="1" x="0" scY="1" y="0" pX="0" pY="0" skX="0" skY="0"/>
    </frame>
   </timeline>
   <timeline pX="0" name="foot2_cl" pY="0" scale="1" offset="0">
    <frame z="0" duration="1">
     <transform scX="1" x="0" scY="1" y="0" pX="0" pY="0" skX="0" skY="0"/>
    </frame>
   </timeline>
   <timeline pX="0" name="foot1_cl" pY="0" scale="1" offset="0">
    <frame z="0" duration="1">
     <transform scX="1" x="0" scY="1" y="0" pX="0" pY="0" skX="0" skY="0"/>
    </frame>
   </timeline>
   <timeline pX="0" name="body_cl" pY="0" scale="1" offset="0">
    <frame z="0" duration="1">
     <transform scX="1" x="0" scY="1" y="0" pX="0" pY="0" skX="0" skY="0"/>
    </frame>
   </timeline>
   <timeline pX="0" name="skirt_cl" pY="0" scale="1" offset="0">
    <frame z="0" duration="1">
     <transform scX="1" x="0" scY="1" y="0" pX="0" pY="0" skX="0" skY="0"/>
    </frame>
   </timeline>
   <timeline pX="0" name="head_cl" pY="0" scale="1" offset="0">
    <frame z="0" duration="1">
     <transform scX="1" x="0" scY="1" y="0" pX="0" pY="0" skX="0" skY="0"/>
    </frame>
   </timeline>
   <timeline pX="0" name="hand_r_cl" pY="0" scale="1" offset="0">
    <frame z="0" duration="1">
     <transform scX="1" x="0" scY="1" y="0" pX="0" pY="0" skX="0" skY="0"/>
    </frame>
   </timeline>
  </animation>
 </armature>
 <armature name="icon_cl">
  <skin name="default">
   <slot name="Layer 1" z="0" parent="Layer 1">
    <display name="Symbol 2208" type="image">
     <transform scX="1" x="0" scY="1" y="0" pX="19" pY="14.4" skX="0" skY="0"/>
    </display>
    <display name="Symbol 2210" type="image">
     <transform scX="1" x="0" scY="1" y="0" pX="14.45" pY="16.3" skX="0" skY="0"/>
    </display>
    <display name="Symbol 2212" type="image">
     <transform scX="1" x="0" scY="1" y="0" pX="15.05" pY="15.45" skX="0" skY="0"/>
    </display>
    <display name="Symbol 2217" type="image">
     <transform scX="1" x="0" scY="1" y="0" pX="12.8" pY="13.4" skX="0" skY="0"/>
    </display>
    <display name="Symbol 2219" type="image">
     <transform scX="1" x="0" scY="1" y="0" pX="4.85" pY="5.9" skX="0" skY="0"/>
    </display>
    <display name="Symbol 2221" type="image">
     <transform scX="1" x="0" scY="1" y="0" pX="14.6" pY="16.9" skX="0" skY="0"/>
    </display>
    <display name="Symbol 2223" type="image">
     <transform scX="1" x="0" scY="1" y="0" pX="14.6" pY="16.8" skX="0" skY="0"/>
    </display>
    <display name="Symbol 2225" type="image">
     <transform scX="1" x="0" scY="1" y="0" pX="4.85" pY="5.9" skX="0" skY="0"/>
    </display>
    <display name="Symbol 2227" type="image">
     <transform scX="1" x="0" scY="1" y="0" pX="7.95" pY="3.1" skX="0" skY="0"/>
    </display>
    <display name="Symbol 2229" type="image">
     <transform scX="1" x="0" scY="1" y="0" pX="5.45" pY="6.3" skX="0" skY="0"/>
    </display>
    <display name="Symbol 2231" type="image">
     <transform scX="1" x="0" scY="1" y="0" pX="5.45" pY="6.3" skX="0" skY="0"/>
    </display>
    <display name="Symbol 2233" type="image">
     <transform scX="1" x="0" scY="1" y="0" pX="5.45" pY="6.3" skX="0" skY="0"/>
    </display>
    <display name="Symbol 2235" type="image">
     <transform scX="1" x="0" scY="1" y="0" pX="4.65" pY="5.65" skX="0" skY="0"/>
    </display>
    <display name="Symbol 2237" type="image">
     <transform scX="1" x="0" scY="1" y="0" pX="14.05" pY="15.8" skX="0" skY="0"/>
    </display>
   </slot>
  </skin>
  <bone name="Layer 1">
   <transform scX="1" x="-1.15" skX="0" scY="1" y="0.35" skY="0"/>
  </bone>
  <animation fadeInTime="0.3" scale="1" loop="1" autoTween="NaN" name="icon_cl" duration="15" tweenEasing="NaN">
   <timeline pX="0" name="Layer 1" pY="0" scale="1" offset="0">
    <frame z="0" duration="1">
     <transform scX="1" x="0" scY="1" y="0" pX="0" pY="0" skX="0" skY="0"/>
    </frame>
    <frame displayIndex="1" z="0" duration="1">
     <transform scX="1" x="0" scY="1" y="0" pX="0" pY="0" skX="0" skY="0"/>
    </frame>
    <frame displayIndex="2" z="0" duration="1">
     <transform scX="1" x="0" scY="1" y="0" pX="0" pY="0" skX="0" skY="0"/>
    </frame>
    <frame displayIndex="3" z="0" duration="1">
     <transform scX="1" x="0.1499999999999999" scY="1" y="0.5" pX="0" pY="0" skX="0" skY="0"/>
    </frame>
    <frame displayIndex="4" z="0" duration="1">
     <transform scX="1" x="-8.1" scY="1" y="-8.05" pX="0" pY="0" skX="0" skY="0"/>
    </frame>
    <frame displayIndex="-1" duration="1"/>
    <frame displayIndex="5" z="0" duration="1">
     <transform scX="0.83" x="-2.1" scY="0.83" y="-0.35" pX="0" pY="0" skX="0" skY="0"/>
    </frame>
    <frame displayIndex="6" z="0" duration="1">
     <transform scX="0.83" x="-1.9500000000000002" scY="0.83" y="0.55" pX="0" pY="0" skX="0" skY="0"/>
    </frame>
    <frame displayIndex="7" z="0" duration="1">
     <transform scX="1" x="-8.4" scY="1" y="-8.65" pX="0" pY="0" skX="0" skY="0"/>
    </frame>
    <frame displayIndex="8" z="0" duration="1">
     <transform scX="1" x="-7.6" scY="1" y="-7.8" pX="0" pY="0" skX="0" skY="0"/>
    </frame>
    <frame displayIndex="9" z="0" duration="1">
     <transform scX="1" x="-7.6" scY="1" y="-7.8" pX="0" pY="0" skX="0" skY="0"/>
    </frame>
    <frame displayIndex="10" z="0" duration="1">
     <transform scX="1" x="-7.6" scY="1" y="-7.8" pX="0" pY="0" skX="0" skY="0"/>
    </frame>
    <frame displayIndex="11" z="0" duration="1">
     <transform scX="1" x="-7.6" scY="1" y="-7.8" pX="0" pY="0" skX="0" skY="0"/>
    </frame>
    <frame displayIndex="12" z="0" duration="1">
     <transform scX="1" x="-8.4" scY="1" y="-8.65" pX="0" pY="0" skX="0" skY="0"/>
    </frame>
    <frame displayIndex="13" z="0" duration="1">
     <transform scX="1" x="0.1499999999999999" scY="1" y="0.5" pX="0" pY="0" skX="0" skY="0"/>
    </frame>
   </timeline>
  </animation>
 </armature>
 <armature name="wear_cl">
  <skin name="default">
   <slot name="Layer 3" z="0" parent="Layer 3">
    <display name="位图 5" type="image">
     <transform scX="1" x="-37.5" scY="1" y="-48.5" pX="0" pY="0" skX="0" skY="0"/>
    </display>
   </slot>
   <slot name="cat2" z="1" parent="cat2">
    <display name="cat2" type="armature">
     <transform scX="1" x="0" skX="0" scY="1" y="0" skY="0"/>
    </display>
   </slot>
   <slot name="Layer 1" z="2" parent="Layer 1">
    <display name="__dbTextures/wear_cl/Layer 1_0" type="image">
     <transform scX="1" x="-26.15" scY="1" y="-10.25" pX="0.75" pY="0.75" skX="0" skY="0"/>
    </display>
   </slot>
  </skin>
  <bone name="Layer 3">
   <transform scX="1" x="-0.2" skX="0" scY="1" y="0.05" skY="0"/>
  </bone>
  <bone name="cat2">
   <transform scX="1" x="3.25" skX="0" scY="1" y="-12.2" skY="0"/>
  </bone>
  <bone name="Layer 1">
   <transform scX="1" x="0.25" skX="0" scY="1" y="19.75" skY="0"/>
  </bone>
  <animation fadeInTime="0.3" scale="1" loop="1" autoTween="NaN" name="wear_cl" duration="1" tweenEasing="NaN">
   <timeline pX="0" name="Layer 3" pY="0" scale="1" offset="0">
    <frame z="0" duration="1">
     <transform scX="1" x="0" scY="1" y="0" pX="0" pY="0" skX="0" skY="0"/>
    </frame>
   </timeline>
   <timeline pX="0" name="cat2" pY="0" scale="1" offset="0">
    <frame z="0" duration="1">
     <transform scX="1" x="0" scY="1" y="0" pX="0" pY="0" skX="0" skY="0"/>
    </frame>
   </timeline>
   <timeline pX="0" name="Layer 1" pY="0" scale="1" offset="0">
    <frame z="0" duration="1" tweenEasing="NaN">
     <transform scX="1" x="0" scY="1" y="0" pX="0" pY="0" skX="0" skY="0"/>
    </frame>
   </timeline>
  </animation>
 </armature>
 <armature name="cat2">
  <skin name="default">
   <slot name="Layer 2" z="0" parent="Layer 2">
    <display name="__dbTextures/cat2/Layer 2_1" type="image">
     <transform scX="1" x="-23.8" scY="1" y="-27.25" pX="1" pY="1" skX="0" skY="0"/>
    </display>
    <display name="__dbTextures/cat2/Layer 2_2" type="image">
     <transform scX="1" x="-22.6" scY="1" y="-27.25" pX="1" pY="1" skX="0" skY="0"/>
    </display>
    <display name="__dbTextures/cat2/Layer 2_3" type="image">
     <transform scX="1" x="-23.8" scY="1" y="-27.25" pX="1" pY="1" skX="0" skY="0"/>
    </display>
   </slot>
   <slot name="Layer 1" z="1" parent="Layer 1">
    <display name="Symbol 2333" type="image">
     <transform scX="1" x="0" scY="1" y="0" pX="27.4" pY="19.2" skX="0" skY="0"/>
    </display>
   </slot>
  </skin>
  <bone name="Layer 2">
   <transform scX="1" x="-4.3" skX="0" scY="1" y="9.05" skY="0"/>
  </bone>
  <bone name="Layer 1">
   <transform scX="1" x="0" skX="0" scY="1" y="0" skY="0"/>
  </bone>
  <animation fadeInTime="0.3" scale="1" loop="1" autoTween="NaN" name="cat2" duration="4" tweenEasing="NaN">
   <timeline pX="0" name="Layer 2" pY="0" scale="1" offset="0">
    <frame displayIndex="-1" duration="1"/>
    <frame z="0" duration="1" tweenEasing="NaN">
     <transform scX="1" x="0" scY="1" y="0" pX="0" pY="0" skX="0" skY="0"/>
    </frame>
    <frame z="0" displayIndex="1" duration="1" tweenEasing="NaN">
     <transform scX="1" x="1.25" scY="1" y="0" pX="0" pY="0" skX="0" skY="0"/>
    </frame>
    <frame z="0" displayIndex="2" duration="1" tweenEasing="NaN">
     <transform scX="1" x="0" scY="1" y="0" pX="0" pY="0" skX="0" skY="0"/>
    </frame>
   </timeline>
   <timeline pX="0" name="Layer 1" pY="0" scale="1" offset="0">
    <frame z="0" duration="1">
     <transform scX="1" x="0" scY="1" y="0" pX="0" pY="0" skX="0" skY="0"/>
    </frame>
    <frame displayIndex="-1" duration="3"/>
   </timeline>
  </animation>
 </armature>
</root>