<TextureAtlas name="card_mc" imagePath="texture.png">
 <SubTexture name="__dbTextures/card_mc/over_cl_0" x="307" y="196" width="73" height="85"/>
 <SubTexture name="__dbTextures/card_mc/over_cl_1" x="233" y="196" width="73" height="94"/>
 <SubTexture name="位图 6" x="362" y="285" width="65" height="2"/>
 <SubTexture name="位图 3" x="0" y="236" width="74" height="28"/>
 <SubTexture name="位图 2" x="0" y="197" width="74" height="37"/>
 <SubTexture name="位图 4" x="208" y="87" width="23" height="24"/>
 <SubTexture name="位图 1" x="0" y="0" width="129" height="97"/>
 <SubTexture name="telo" x="131" y="0" width="102" height="85"/>
 <SubTexture name="__dbTextures/Symbol 2353/Layer 2_0" x="0" y="99" width="76" height="97"/>
 <SubTexture name="__dbTextures/Symbol 2353/Layer 2_1" x="310" y="98" width="76" height="97"/>
 <SubTexture name="__dbTextures/Symbol 2353/Layer 2_2" x="234" y="0" width="76" height="97"/>
 <SubTexture name="__dbTextures/Symbol 2353/Layer 1_0" x="381" y="196" width="66" height="88"/>
 <SubTexture name="__dbTextures/bg_cl/bg_cl_0" x="131" y="87" width="76" height="97"/>
 <SubTexture name="__dbTextures/bg_cl/bg_cl_1" x="388" y="0" width="76" height="97"/>
 <SubTexture name="__dbTextures/bg_cl/bg_cl_2" x="311" y="0" width="76" height="97"/>
 <SubTexture name="__dbTextures/bg_cl2/bg_cl_1" x="233" y="98" width="76" height="97"/>
 <SubTexture name="__dbTextures/bg_cl2/bg_cl_2" x="387" y="98" width="76" height="97"/>
 <SubTexture name="Symbol 204" x="465" y="40" width="39" height="39"/>
 <SubTexture name="cloak_cl" x="465" y="0" width="39" height="39"/>
 <SubTexture name="Symbol 689" x="74" y="273" width="39" height="39"/>
 <SubTexture name="Symbol 970" x="464" y="160" width="39" height="39"/>
 <SubTexture name="Symbol 1279" x="464" y="120" width="39" height="39"/>
 <SubTexture name="skirt_cl" x="448" y="258" width="39" height="39"/>
 <SubTexture name="head_cl" x="0" y="266" width="39" height="39"/>
 <SubTexture name="Symbol 1622" x="465" y="80" width="39" height="39"/>
 <SubTexture name="Symbol 2208" x="188" y="284" width="37" height="26"/>
 <SubTexture name="Symbol 2210" x="40" y="266" width="33" height="33"/>
 <SubTexture name="Symbol 2212" x="362" y="289" width="32" height="30"/>
 <SubTexture name="Symbol 2217" x="205" y="185" width="27" height="28"/>
 <SubTexture name="Symbol 2219" x="0" y="306" width="29" height="28"/>
 <SubTexture name="Symbol 2221" x="151" y="284" width="36" height="36"/>
 <SubTexture name="Symbol 2223" x="114" y="284" width="36" height="35"/>
 <SubTexture name="Symbol 2225" x="457" y="298" width="29" height="29"/>
 <SubTexture name="Symbol 2227" x="40" y="300" width="33" height="24"/>
 <SubTexture name="Symbol 2229" x="256" y="291" width="29" height="28"/>
 <SubTexture name="Symbol 2231" x="427" y="298" width="29" height="28"/>
 <SubTexture name="Symbol 2233" x="226" y="291" width="29" height="28"/>
 <SubTexture name="Symbol 2235" x="286" y="306" width="28" height="28"/>
 <SubTexture name="Symbol 2237" x="395" y="289" width="31" height="31"/>
 <SubTexture name="位图 5" x="128" y="185" width="75" height="97"/>
 <SubTexture name="__dbTextures/wear_cl/Layer 1_0" x="307" y="282" width="54" height="22"/>
 <SubTexture name="__dbTextures/cat2/Layer 2_1" x="77" y="157" width="50" height="57"/>
 <SubTexture name="__dbTextures/cat2/Layer 2_2" x="76" y="215" width="48" height="57"/>
 <SubTexture name="__dbTextures/cat2/Layer 2_3" x="77" y="99" width="50" height="57"/>
 <SubTexture name="Symbol 2333" x="448" y="200" width="48" height="57"/>
</TextureAtlas>