<root name="info_aby_mc" isGlobal="0" frameRate="30" version="3.0">
 <armature name="info_aby_mc">
  <skin name="default">
   <slot name="des_tx" z="1" parent="des_tx">
    <display name="位图 1" type="image">
     <transform x="-134.5" pX="0" pY="0" skX="0" skY="0" scX="1" y="-20.5" scY="1"/>
    </display>
   </slot>
  </skin>
  <bone name="des_tx">
   <transform y="-1.35" skY="0" x="-3" scX="1" skX="0" scY="1"/>
  </bone>
  <animation name="info_aby_mc" scale="1" loop="1" duration="1" autoTween="NaN" fadeInTime="0.3" tweenEasing="NaN">
   <timeline name="des_tx" scale="1" pX="0" pY="0" offset="0">
    <frame z="0" duration="1">
     <transform x="0" pX="0" pY="0" skX="0" skY="0" scX="1" y="0" scY="1"/>
    </frame>
   </timeline>
  </animation>
 </armature>
</root>