<root name="buttons" isGlobal="0" frameRate="30" version="3.0">
 <armature name="Deqaf_button">
  <skin name="default">
   <slot name="Deqaf_button" z="0" parent="Deqaf_button">
    <display name="Symbol 1902" type="image">
     <transform x="0" pX="1" pY="1" skX="0" skY="0" scX="1" y="0" scY="1"/>
    </display>
    <display name="Symbol 1903" type="image">
     <transform x="0" pX="1" pY="1" skX="0" skY="0" scX="1" y="0" scY="1"/>
    </display>
    <display name="Symbol 1904" type="image">
     <transform x="0" pX="1" pY="1" skX="0" skY="0" scX="1" y="0" scY="1"/>
    </display>
   </slot>
  </skin>
  <bone name="Deqaf_button">
   <transform y="-17.35" skY="0" x="-17" scX="0.92" skX="0" scY="0.92"/>
  </bone>
  <animation name="Deqaf_button" scale="1" loop="1" duration="3" autoTween="NaN" fadeInTime="0.3" tweenEasing="NaN">
   <timeline name="Deqaf_button" scale="1" pX="0" pY="0" offset="0">
    <frame z="0" duration="1">
     <transform x="0" pX="0" pY="0" skX="0" skY="0" scX="1" y="0" scY="1"/>
    </frame>
    <frame displayIndex="1" z="0" duration="1">
     <transform x="0" pX="0" pY="0" skX="0" skY="0" scX="1" y="0" scY="1"/>
    </frame>
    <frame displayIndex="2" z="0" duration="1">
     <transform x="0" pX="0" pY="0" skX="0" skY="0" scX="1" y="0" scY="1"/>
    </frame>
   </timeline>
  </animation>
 </armature>
 <armature name="Face_button">
  <skin name="default">
   <slot name="Layer 1" z="0" parent="Layer 1">
    <display name="Symbol 1884" type="image">
     <transform x="0" pX="31.5" pY="31.5" skX="0" skY="0" scX="1" y="0" scY="1"/>
    </display>
   </slot>
  </skin>
  <bone name="Layer 1">
   <transform y="0.5" skY="0" x="-0.3" scX="0.51" skX="0" scY="0.51"/>
  </bone>
  <animation name="Face_button" scale="1" loop="1" duration="1" autoTween="NaN" fadeInTime="0.3" tweenEasing="NaN">
   <timeline name="Layer 1" scale="1" pX="0" pY="0" offset="0">
    <frame z="0" duration="1">
     <transform x="0" pX="0" pY="0" skX="0" skY="0" scX="1" y="0" scY="1"/>
    </frame>
   </timeline>
  </animation>
 </armature>
 <armature name="More_button">
  <skin name="default">
   <slot name="Layer 1" z="0" parent="Layer 1">
    <display name="__dbTextures/More_button/Layer 1_0" type="image">
     <transform x="-33.45" pX="1" pY="1" skX="0" skY="0" scX="1" y="-19.5" scY="1"/>
    </display>
   </slot>
  </skin>
  <bone name="Layer 1">
   <transform y="0" skY="0" x="0" scX="1" skX="0" scY="1"/>
  </bone>
  <animation name="Sponsor_button" scale="1" loop="1" duration="1" autoTween="NaN" fadeInTime="0.3" tweenEasing="NaN">
   <timeline name="Layer 1" scale="1" pX="0" pY="0" offset="0">
    <frame z="0" duration="1" tweenEasing="NaN">
     <transform x="0" pX="0" pY="0" skX="0" skY="0" scX="1" y="0" scY="1"/>
    </frame>
   </timeline>
  </animation>
 </armature>
 <armature name="Sponsor_button">
  <skin name="default">
   <slot name="Layer 1" z="0" parent="Layer 1">
    <display name="__dbTextures/Sponsor_button/Layer 1_0" type="image">
     <transform x="-33.45" pX="1" pY="1" skX="0" skY="0" scX="1" y="-19.5" scY="1"/>
    </display>
   </slot>
  </skin>
  <bone name="Layer 1">
   <transform y="0" skY="0" x="0" scX="1" skX="0" scY="1"/>
  </bone>
  <animation name="Sponsor_button" scale="1" loop="1" duration="1" autoTween="NaN" fadeInTime="0.3" tweenEasing="NaN">
   <timeline name="Layer 1" scale="1" pX="0" pY="0" offset="0">
    <frame z="0" duration="1" tweenEasing="NaN">
     <transform x="0" pX="0" pY="0" skX="0" skY="0" scX="1" y="0" scY="1"/>
    </frame>
   </timeline>
  </animation>
 </armature>
</root>