<root name="aura_all_mc" isGlobal="0" frameRate="30" version="3.0">
 <armature name="aura_all_mc">
  <skin name="default">
   <slot name="scale_cl" z="0" parent="scale_cl">
    <display name="Symbol 2205" type="armature">
     <transform scY="1" skY="0" x="0" scX="1" skX="0" y="0"/>
    </display>
    <display name="Symbol 2240" type="armature">
     <transform scY="1" skY="0" x="0" scX="1" skX="0" y="0"/>
    </display>
    <display name="Symbol 2242" type="armature">
     <transform scY="1" skY="0" x="0" scX="1" skX="0" y="0"/>
    </display>
   </slot>
   <slot name="Layer 2" z="1" parent="Layer 2">
    <display name="__dbTextures/aura_all_mc/Layer 2_0" type="image">
     <transform x="-22.2" pX="0.75" pY="0.75" skX="0" skY="0" scX="1" y="-22.25" scY="1"/>
    </display>
   </slot>
   <slot name="icon_cl" z="2" parent="icon_cl">
    <display name="Symbol 2238" type="armature">
     <transform scY="1" skY="0" x="0" scX="1" skX="0" y="0"/>
    </display>
   </slot>
  </skin>
  <bone name="scale_cl">
   <transform y="0.35" skY="0" x="-0.1" scX="1" skX="0" scY="1"/>
  </bone>
  <bone name="Layer 2">
   <transform y="-0.1" skY="0" x="0" scX="1" skX="0" scY="1"/>
  </bone>
  <bone name="icon_cl">
   <transform y="0.3" skY="0" x="-0.75" scX="0.89" skX="0" scY="0.89"/>
  </bone>
  <animation name="aura_all_mc" scale="1" loop="1" duration="3" autoTween="NaN" fadeInTime="0.3" tweenEasing="NaN">
   <timeline name="scale_cl" scale="1" pX="0" pY="0" offset="0">
    <frame z="0" duration="1">
     <transform x="0" pX="0" pY="0" skX="0" skY="0" scX="1" y="0" scY="1"/>
    </frame>
    <frame displayIndex="1" z="0" duration="1">
     <transform x="0" pX="0" pY="0" skX="0" skY="0" scX="1" y="0" scY="1"/>
    </frame>
    <frame displayIndex="2" z="0" duration="1">
     <transform x="0" pX="0" pY="0" skX="0" skY="0" scX="1" y="0" scY="1"/>
    </frame>
   </timeline>
   <timeline name="Layer 2" scale="1" pX="0" pY="0" offset="0">
    <frame z="0" duration="3" tweenEasing="NaN">
     <transform x="0" pX="0" pY="0" skX="0" skY="0" scX="1" y="0" scY="1"/>
    </frame>
   </timeline>
   <timeline name="icon_cl" scale="1" pX="0" pY="0" offset="0">
    <frame z="0" duration="3">
     <transform x="0" pX="0" pY="0" skX="0" skY="0" scX="1" y="0" scY="1"/>
    </frame>
   </timeline>
  </animation>
 </armature>
 <armature name="Symbol 2205">
  <skin name="default">
   <slot name="Layer 2" z="0" parent="Layer 2">
    <display name="__dbTextures/Symbol 2205/Layer 2_0" type="image">
     <transform x="-22.2" pX="0" pY="0" skX="0" skY="0" scX="1" y="-22.25" scY="1"/>
    </display>
   </slot>
  </skin>
  <bone name="Layer 2">
   <transform y="-0.15" skY="0" x="0.25" scX="1" skX="0" scY="1"/>
  </bone>
  <animation name="unnamed" scale="1" loop="1" duration="99" autoTween="NaN" fadeInTime="0" tweenEasing="NaN">
   <timeline name="Layer 2" scale="1" pX="0" pY="0" offset="0">
    <frame z="0" duration="99" tweenEasing="NaN">
     <transform x="0" pX="0" pY="0" skX="0" skY="0" scX="1" y="0" scY="1"/>
    </frame>
   </timeline>
  </animation>
 </armature>
 <armature name="Symbol 2240">
  <skin name="default">
   <slot name="bg" z="0" parent="bg">
    <display name="__dbTextures/Symbol 2240/bg_0" type="image">
     <transform x="-22.2" pX="0" pY="0" skX="0" skY="0" scX="1" y="-22.25" scY="1"/>
    </display>
   </slot>
   <slot name="mask" z="1" parent="mask">
    <display name="Symbol 2154" type="image">
     <transform x="0" pX="22.2" pY="22.35" skX="0" skY="0" scX="1" y="0" scY="1"/>
    </display>
    <display name="Symbol 2156" type="image">
     <transform x="0" pX="22.2" pY="22.35" skX="0" skY="0" scX="1" y="0" scY="1"/>
    </display>
    <display name="Symbol 2157" type="image">
     <transform x="0" pX="22.2" pY="22.35" skX="0" skY="0" scX="1" y="0" scY="1"/>
    </display>
    <display name="Symbol 2158" type="image">
     <transform x="0" pX="22.2" pY="22.35" skX="0" skY="0" scX="1" y="0" scY="1"/>
    </display>
    <display name="Symbol 2159" type="image">
     <transform x="0" pX="22.2" pY="22.35" skX="0" skY="0" scX="1" y="0" scY="1"/>
    </display>
    <display name="Symbol 2160" type="image">
     <transform x="0" pX="22.2" pY="22.35" skX="0" skY="0" scX="1" y="0" scY="1"/>
    </display>
    <display name="Symbol 2161" type="image">
     <transform x="0" pX="22.2" pY="22.35" skX="0" skY="0" scX="1" y="0" scY="1"/>
    </display>
    <display name="Symbol 2162" type="image">
     <transform x="0" pX="22.2" pY="22.35" skX="0" skY="0" scX="1" y="0" scY="1"/>
    </display>
    <display name="Symbol 2163" type="image">
     <transform x="0" pX="22.2" pY="22.35" skX="0" skY="0" scX="1" y="0" scY="1"/>
    </display>
    <display name="Symbol 2164" type="image">
     <transform x="0" pX="22.2" pY="22.35" skX="0" skY="0" scX="1" y="0" scY="1"/>
    </display>
    <display name="Symbol 2165" type="image">
     <transform x="0" pX="22.2" pY="22.35" skX="0" skY="0" scX="1" y="0" scY="1"/>
    </display>
    <display name="Symbol 2166" type="image">
     <transform x="0" pX="22.2" pY="22.35" skX="0" skY="0" scX="1" y="0" scY="1"/>
    </display>
    <display name="Symbol 2167" type="image">
     <transform x="0" pX="22.2" pY="22.35" skX="0" skY="0" scX="1" y="0" scY="1"/>
    </display>
    <display name="Symbol 2168" type="image">
     <transform x="0" pX="22.2" pY="22.35" skX="0" skY="0" scX="1" y="0" scY="1"/>
    </display>
    <display name="Symbol 2169" type="image">
     <transform x="0" pX="22.2" pY="22.35" skX="0" skY="0" scX="1" y="0" scY="1"/>
    </display>
    <display name="Symbol 2170" type="image">
     <transform x="0" pX="22.2" pY="22.35" skX="0" skY="0" scX="1" y="0" scY="1"/>
    </display>
    <display name="Symbol 2171" type="image">
     <transform x="0" pX="22.2" pY="22.35" skX="0" skY="0" scX="1" y="0" scY="1"/>
    </display>
    <display name="Symbol 2172" type="image">
     <transform x="0" pX="22.2" pY="22.35" skX="0" skY="0" scX="1" y="0" scY="1"/>
    </display>
    <display name="Symbol 2173" type="image">
     <transform x="0" pX="22.2" pY="22.35" skX="0" skY="0" scX="1" y="0" scY="1"/>
    </display>
    <display name="Symbol 2174" type="image">
     <transform x="0" pX="22.2" pY="22.35" skX="0" skY="0" scX="1" y="0" scY="1"/>
    </display>
    <display name="Symbol 2175" type="image">
     <transform x="0" pX="22.2" pY="22.35" skX="0" skY="0" scX="1" y="0" scY="1"/>
    </display>
    <display name="Symbol 2176" type="image">
     <transform x="0" pX="22.2" pY="22.35" skX="0" skY="0" scX="1" y="0" scY="1"/>
    </display>
    <display name="Symbol 2177" type="image">
     <transform x="0" pX="22.2" pY="22.35" skX="0" skY="0" scX="1" y="0" scY="1"/>
    </display>
    <display name="Symbol 2178" type="image">
     <transform x="0" pX="22.2" pY="22.35" skX="0" skY="0" scX="1" y="0" scY="1"/>
    </display>
    <display name="Symbol 2179" type="image">
     <transform x="0" pX="22.2" pY="22.35" skX="0" skY="0" scX="1" y="0" scY="1"/>
    </display>
    <display name="Symbol 2180" type="image">
     <transform x="0" pX="22.2" pY="22.35" skX="0" skY="0" scX="1" y="0" scY="1"/>
    </display>
    <display name="Symbol 2181" type="image">
     <transform x="0" pX="22.2" pY="22.35" skX="0" skY="0" scX="1" y="0" scY="1"/>
    </display>
    <display name="Symbol 2182" type="image">
     <transform x="0" pX="22.2" pY="22.35" skX="0" skY="0" scX="1" y="0" scY="1"/>
    </display>
    <display name="Symbol 2183" type="image">
     <transform x="0" pX="22.2" pY="22.35" skX="0" skY="0" scX="1" y="0" scY="1"/>
    </display>
    <display name="Symbol 2184" type="image">
     <transform x="0" pX="22.2" pY="22.35" skX="0" skY="0" scX="1" y="0" scY="1"/>
    </display>
    <display name="Symbol 2185" type="image">
     <transform x="0" pX="22.2" pY="22.35" skX="0" skY="0" scX="1" y="0" scY="1"/>
    </display>
    <display name="Symbol 2186" type="image">
     <transform x="0" pX="22.2" pY="22.35" skX="0" skY="0" scX="1" y="0" scY="1"/>
    </display>
    <display name="Symbol 2187" type="image">
     <transform x="0" pX="22.2" pY="22.35" skX="0" skY="0" scX="1" y="0" scY="1"/>
    </display>
    <display name="Symbol 2188" type="image">
     <transform x="0" pX="22.2" pY="22.35" skX="0" skY="0" scX="1" y="0" scY="1"/>
    </display>
    <display name="Symbol 2189" type="image">
     <transform x="0" pX="22.2" pY="22.35" skX="0" skY="0" scX="1" y="0" scY="1"/>
    </display>
    <display name="Symbol 2190" type="image">
     <transform x="0" pX="22.2" pY="22.35" skX="0" skY="0" scX="1" y="0" scY="1"/>
    </display>
    <display name="Symbol 2191" type="image">
     <transform x="0" pX="22.2" pY="22.35" skX="0" skY="0" scX="1" y="0" scY="1"/>
    </display>
    <display name="Symbol 2192" type="image">
     <transform x="0" pX="22.2" pY="22.35" skX="0" skY="0" scX="1" y="0" scY="1"/>
    </display>
    <display name="Symbol 2193" type="image">
     <transform x="0" pX="22.2" pY="22.35" skX="0" skY="0" scX="1" y="0" scY="1"/>
    </display>
    <display name="Symbol 2194" type="image">
     <transform x="0" pX="21.85" pY="22.35" skX="0" skY="0" scX="1" y="0" scY="1"/>
    </display>
    <display name="Symbol 2195" type="image">
     <transform x="0" pX="21.4" pY="22.35" skX="0" skY="0" scX="1" y="0" scY="1"/>
    </display>
    <display name="Symbol 2196" type="image">
     <transform x="0" pX="20.25" pY="22.35" skX="0" skY="0" scX="1" y="0" scY="1"/>
    </display>
    <display name="Symbol 2197" type="image">
     <transform x="0" pX="19.1" pY="22.35" skX="0" skY="0" scX="1" y="0" scY="1"/>
    </display>
    <display name="Symbol 2198" type="image">
     <transform x="0" pX="17.15" pY="22.35" skX="0" skY="0" scX="1" y="0" scY="1"/>
    </display>
    <display name="Symbol 2199" type="image">
     <transform x="0" pX="15.3" pY="22.35" skX="0" skY="0" scX="1" y="0" scY="1"/>
    </display>
    <display name="Symbol 2200" type="image">
     <transform x="0" pX="12.8" pY="22.35" skX="0" skY="0" scX="1" y="0" scY="1"/>
    </display>
    <display name="Symbol 2201" type="image">
     <transform x="0" pX="9.6" pY="22.35" skX="0" skY="0" scX="1" y="0" scY="1"/>
    </display>
    <display name="Symbol 2202" type="image">
     <transform x="0" pX="6.15" pY="22.35" skX="0" skY="0" scX="1" y="0" scY="1"/>
    </display>
    <display name="Symbol 2203" type="image">
     <transform x="0" pX="3.65" pY="22.35" skX="0" skY="0" scX="1" y="0" scY="1"/>
    </display>
    <display name="Symbol 2204" type="image">
     <transform x="0" pX="9.85" pY="37.65" skX="0" skY="0" scX="1" y="0" scY="1"/>
    </display>
   </slot>
  </skin>
  <bone name="bg">
   <transform y="-0.2" skY="0" x="0.25" scX="1" skX="0" scY="1"/>
  </bone>
  <bone name="mask">
   <transform y="0" skY="0" x="0" scX="1" skX="0" scY="1"/>
  </bone>
  <animation name="scale_cl" scale="1" loop="1" duration="99" autoTween="NaN" fadeInTime="0.3" tweenEasing="NaN">
   <timeline name="bg" scale="1" pX="0" pY="0" offset="0">
    <frame z="0" duration="99" tweenEasing="NaN">
     <transform x="0" pX="0" pY="0" skX="0" skY="0" scX="1" y="0" scY="1"/>
    </frame>
   </timeline>
   <timeline name="mask" scale="1" pX="0" pY="0" offset="0">
    <frame z="0" duration="1">
     <transform x="0" pX="0" pY="0" skX="0" skY="0" scX="1" y="0" scY="1"/>
    </frame>
    <frame displayIndex="1" z="0" duration="2">
     <transform x="0" pX="0" pY="0" skX="0" skY="0" scX="1" y="0" scY="1"/>
    </frame>
    <frame displayIndex="2" z="0" duration="2">
     <transform x="0" pX="0" pY="0" skX="0" skY="0" scX="1" y="0" scY="1"/>
    </frame>
    <frame displayIndex="3" z="0" duration="2">
     <transform x="0" pX="0" pY="0" skX="0" skY="0" scX="1" y="0" scY="1"/>
    </frame>
    <frame displayIndex="4" z="0" duration="2">
     <transform x="0" pX="0" pY="0" skX="0" skY="0" scX="1" y="0" scY="1"/>
    </frame>
    <frame displayIndex="5" z="0" duration="2">
     <transform x="0" pX="0" pY="0" skX="0" skY="0" scX="1" y="0" scY="1"/>
    </frame>
    <frame displayIndex="6" z="0" duration="2">
     <transform x="0" pX="0" pY="0" skX="0" skY="0" scX="1" y="0" scY="1"/>
    </frame>
    <frame displayIndex="7" z="0" duration="2">
     <transform x="0" pX="0" pY="0" skX="0" skY="0" scX="1" y="0" scY="1"/>
    </frame>
    <frame displayIndex="8" z="0" duration="2">
     <transform x="0" pX="0" pY="0" skX="0" skY="0" scX="1" y="0" scY="1"/>
    </frame>
    <frame displayIndex="9" z="0" duration="2">
     <transform x="0" pX="0" pY="0" skX="0" skY="0" scX="1" y="0" scY="1"/>
    </frame>
    <frame displayIndex="10" z="0" duration="2">
     <transform x="0" pX="0" pY="0" skX="0" skY="0" scX="1" y="0" scY="1"/>
    </frame>
    <frame displayIndex="11" z="0" duration="2">
     <transform x="0" pX="0" pY="0" skX="0" skY="0" scX="1" y="0" scY="1"/>
    </frame>
    <frame displayIndex="12" z="0" duration="2">
     <transform x="0" pX="0" pY="0" skX="0" skY="0" scX="1" y="0" scY="1"/>
    </frame>
    <frame displayIndex="13" z="0" duration="2">
     <transform x="0" pX="0" pY="0" skX="0" skY="0" scX="1" y="0" scY="1"/>
    </frame>
    <frame displayIndex="14" z="0" duration="2">
     <transform x="0" pX="0" pY="0" skX="0" skY="0" scX="1" y="0" scY="1"/>
    </frame>
    <frame displayIndex="15" z="0" duration="2">
     <transform x="0" pX="0" pY="0" skX="0" skY="0" scX="1" y="0" scY="1"/>
    </frame>
    <frame displayIndex="16" z="0" duration="2">
     <transform x="0" pX="0" pY="0" skX="0" skY="0" scX="1" y="0" scY="1"/>
    </frame>
    <frame displayIndex="17" z="0" duration="2">
     <transform x="0" pX="0" pY="0" skX="0" skY="0" scX="1" y="0" scY="1"/>
    </frame>
    <frame displayIndex="18" z="0" duration="2">
     <transform x="0" pX="0" pY="0" skX="0" skY="0" scX="1" y="0" scY="1"/>
    </frame>
    <frame displayIndex="19" z="0" duration="2">
     <transform x="0" pX="0" pY="0" skX="0" skY="0" scX="1" y="0" scY="1"/>
    </frame>
    <frame displayIndex="20" z="0" duration="2">
     <transform x="0" pX="0" pY="0" skX="0" skY="0" scX="1" y="0" scY="1"/>
    </frame>
    <frame displayIndex="21" z="0" duration="2">
     <transform x="0" pX="0" pY="0" skX="0" skY="0" scX="1" y="0" scY="1"/>
    </frame>
    <frame displayIndex="22" z="0" duration="2">
     <transform x="0" pX="0" pY="0" skX="0" skY="0" scX="1" y="0" scY="1"/>
    </frame>
    <frame displayIndex="23" z="0" duration="2">
     <transform x="0" pX="0" pY="0" skX="0" skY="0" scX="1" y="0" scY="1"/>
    </frame>
    <frame displayIndex="24" z="0" duration="2">
     <transform x="0" pX="0" pY="0" skX="0" skY="0" scX="1" y="0" scY="1"/>
    </frame>
    <frame displayIndex="25" z="0" duration="2">
     <transform x="0" pX="0" pY="0" skX="0" skY="0" scX="1" y="0" scY="1"/>
    </frame>
    <frame displayIndex="26" z="0" duration="2">
     <transform x="0" pX="0" pY="0" skX="0" skY="0" scX="1" y="0" scY="1"/>
    </frame>
    <frame displayIndex="27" z="0" duration="2">
     <transform x="0" pX="0" pY="0" skX="0" skY="0" scX="1" y="0" scY="1"/>
    </frame>
    <frame displayIndex="28" z="0" duration="2">
     <transform x="0" pX="0" pY="0" skX="0" skY="0" scX="1" y="0" scY="1"/>
    </frame>
    <frame displayIndex="29" z="0" duration="2">
     <transform x="0" pX="0" pY="0" skX="0" skY="0" scX="1" y="0" scY="1"/>
    </frame>
    <frame displayIndex="30" z="0" duration="2">
     <transform x="0" pX="0" pY="0" skX="0" skY="0" scX="1" y="0" scY="1"/>
    </frame>
    <frame displayIndex="31" z="0" duration="2">
     <transform x="0" pX="0" pY="0" skX="0" skY="0" scX="1" y="0" scY="1"/>
    </frame>
    <frame displayIndex="32" z="0" duration="2">
     <transform x="0" pX="0" pY="0" skX="0" skY="0" scX="1" y="0" scY="1"/>
    </frame>
    <frame displayIndex="33" z="0" duration="2">
     <transform x="0" pX="0" pY="0" skX="0" skY="0" scX="1" y="0" scY="1"/>
    </frame>
    <frame displayIndex="34" z="0" duration="2">
     <transform x="0" pX="0" pY="0" skX="0" skY="0" scX="1" y="0" scY="1"/>
    </frame>
    <frame displayIndex="35" z="0" duration="2">
     <transform x="0" pX="0" pY="0" skX="0" skY="0" scX="1" y="0" scY="1"/>
    </frame>
    <frame displayIndex="36" z="0" duration="2">
     <transform x="0" pX="0" pY="0" skX="0" skY="0" scX="1" y="0" scY="1"/>
    </frame>
    <frame displayIndex="37" z="0" duration="2">
     <transform x="0" pX="0" pY="0" skX="0" skY="0" scX="1" y="0" scY="1"/>
    </frame>
    <frame displayIndex="38" z="0" duration="2">
     <transform x="0" pX="0" pY="0" skX="0" skY="0" scX="1" y="0" scY="1"/>
    </frame>
    <frame displayIndex="39" z="0" duration="2">
     <transform x="0" pX="0" pY="0" skX="0" skY="0" scX="1" y="0" scY="1"/>
    </frame>
    <frame displayIndex="40" z="0" duration="2">
     <transform x="0" pX="0" pY="0" skX="0" skY="0" scX="1" y="0" scY="1"/>
    </frame>
    <frame displayIndex="41" z="0" duration="2">
     <transform x="0" pX="0" pY="0" skX="0" skY="0" scX="1" y="0" scY="1"/>
    </frame>
    <frame displayIndex="42" z="0" duration="2">
     <transform x="0" pX="0" pY="0" skX="0" skY="0" scX="1" y="0" scY="1"/>
    </frame>
    <frame displayIndex="43" z="0" duration="2">
     <transform x="0" pX="0" pY="0" skX="0" skY="0" scX="1" y="0" scY="1"/>
    </frame>
    <frame displayIndex="44" z="0" duration="2">
     <transform x="0" pX="0" pY="0" skX="0" skY="0" scX="1" y="0" scY="1"/>
    </frame>
    <frame displayIndex="45" z="0" duration="2">
     <transform x="0" pX="0" pY="0" skX="0" skY="0" scX="1" y="0" scY="1"/>
    </frame>
    <frame displayIndex="46" z="0" duration="2">
     <transform x="0" pX="0" pY="0" skX="0" skY="0" scX="1" y="0" scY="1"/>
    </frame>
    <frame displayIndex="47" z="0" duration="2">
     <transform x="0" pX="0" pY="0" skX="0" skY="0" scX="1" y="0" scY="1"/>
    </frame>
    <frame displayIndex="48" z="0" duration="2">
     <transform x="0" pX="0" pY="0" skX="0" skY="0" scX="1" y="0" scY="1"/>
    </frame>
    <frame displayIndex="49" z="0" duration="2">
     <transform x="0" pX="0" pY="0" skX="0" skY="0" scX="1" y="0" scY="1"/>
    </frame>
   </timeline>
  </animation>
 </armature>
 <armature name="Symbol 2242">
  <skin name="default">
   <slot name="Layer 2" z="0" parent="Layer 2">
    <display name="__dbTextures/Symbol 2242/Layer 2_0" type="image">
     <transform x="-22.2" pX="0" pY="0" skX="0" skY="0" scX="1" y="-22.25" scY="1"/>
    </display>
   </slot>
  </skin>
  <bone name="Layer 2">
   <transform y="-0.15" skY="0" x="0.2" scX="1" skX="0" scY="1"/>
  </bone>
  <animation name="unnamed" scale="1" loop="1" duration="99" autoTween="NaN" fadeInTime="0" tweenEasing="NaN">
   <timeline name="Layer 2" scale="1" pX="0" pY="0" offset="0">
    <frame z="0" duration="99" tweenEasing="NaN">
     <transform x="0" pX="0" pY="0" skX="0" skY="0" scX="1" y="0" scY="1"/>
    </frame>
   </timeline>
  </animation>
 </armature>
 <armature name="Symbol 2238">
  <skin name="default">
   <slot name="Layer 1" z="0" parent="Layer 1">
    <display name="Symbol 2208" type="image">
     <transform x="0" pX="19" pY="14.4" skX="0" skY="0" scX="1" y="0" scY="1"/>
    </display>
    <display name="Symbol 2210" type="image">
     <transform x="0" pX="14.45" pY="16.3" skX="0" skY="0" scX="1" y="0" scY="1"/>
    </display>
    <display name="Symbol 2212" type="image">
     <transform x="0" pX="15.05" pY="15.45" skX="0" skY="0" scX="1" y="0" scY="1"/>
    </display>
    <display name="Symbol 2217" type="image">
     <transform x="0" pX="12.8" pY="13.4" skX="0" skY="0" scX="1" y="0" scY="1"/>
    </display>
    <display name="Symbol 2219" type="image">
     <transform x="0" pX="4.85" pY="5.9" skX="0" skY="0" scX="1" y="0" scY="1"/>
    </display>
    <display name="Symbol 2221" type="image">
     <transform x="0" pX="14.6" pY="16.9" skX="0" skY="0" scX="1" y="0" scY="1"/>
    </display>
    <display name="Symbol 2223" type="image">
     <transform x="0" pX="14.6" pY="16.8" skX="0" skY="0" scX="1" y="0" scY="1"/>
    </display>
    <display name="Symbol 2225" type="image">
     <transform x="0" pX="4.85" pY="5.9" skX="0" skY="0" scX="1" y="0" scY="1"/>
    </display>
    <display name="Symbol 2227" type="image">
     <transform x="0" pX="7.95" pY="3.1" skX="0" skY="0" scX="1" y="0" scY="1"/>
    </display>
    <display name="Symbol 2229" type="image">
     <transform x="0" pX="5.45" pY="6.3" skX="0" skY="0" scX="1" y="0" scY="1"/>
    </display>
    <display name="Symbol 2231" type="image">
     <transform x="0" pX="5.45" pY="6.3" skX="0" skY="0" scX="1" y="0" scY="1"/>
    </display>
    <display name="Symbol 2233" type="image">
     <transform x="0" pX="5.45" pY="6.3" skX="0" skY="0" scX="1" y="0" scY="1"/>
    </display>
    <display name="Symbol 2235" type="image">
     <transform x="0" pX="4.65" pY="5.65" skX="0" skY="0" scX="1" y="0" scY="1"/>
    </display>
    <display name="Symbol 2237" type="image">
     <transform x="0" pX="14.05" pY="15.8" skX="0" skY="0" scX="1" y="0" scY="1"/>
    </display>
   </slot>
  </skin>
  <bone name="Layer 1">
   <transform y="0.35" skY="0" x="-1.15" scX="1" skX="0" scY="1"/>
  </bone>
  <animation name="icon_cl" scale="1" loop="1" duration="15" autoTween="NaN" fadeInTime="0.3" tweenEasing="NaN">
   <timeline name="Layer 1" scale="1" pX="0" pY="0" offset="0">
    <frame z="0" duration="1">
     <transform x="0" pX="0" pY="0" skX="0" skY="0" scX="1" y="0" scY="1"/>
    </frame>
    <frame displayIndex="1" z="0" duration="1">
     <transform x="0" pX="0" pY="0" skX="0" skY="0" scX="1" y="0" scY="1"/>
    </frame>
    <frame displayIndex="2" z="0" duration="1">
     <transform x="0" pX="0" pY="0" skX="0" skY="0" scX="1" y="0" scY="1"/>
    </frame>
    <frame displayIndex="3" z="0" duration="1">
     <transform x="0.1499999999999999" pX="0" pY="0" skX="0" skY="0" scX="1" y="0.5" scY="1"/>
    </frame>
    <frame displayIndex="4" z="0" duration="1">
     <transform x="-8.1" pX="0" pY="0" skX="0" skY="0" scX="1" y="-8.05" scY="1"/>
    </frame>
    <frame displayIndex="-1" duration="1"/>
    <frame displayIndex="5" z="0" duration="1">
     <transform x="-2.1" pX="0" pY="0" skX="0" skY="0" scX="0.83" y="-0.35" scY="0.83"/>
    </frame>
    <frame displayIndex="6" z="0" duration="1">
     <transform x="-1.9500000000000002" pX="0" pY="0" skX="0" skY="0" scX="0.83" y="0.55" scY="0.83"/>
    </frame>
    <frame displayIndex="7" z="0" duration="1">
     <transform x="-8.4" pX="0" pY="0" skX="0" skY="0" scX="1" y="-8.65" scY="1"/>
    </frame>
    <frame displayIndex="8" z="0" duration="1">
     <transform x="-7.6" pX="0" pY="0" skX="0" skY="0" scX="1" y="-7.8" scY="1"/>
    </frame>
    <frame displayIndex="9" z="0" duration="1">
     <transform x="-7.6" pX="0" pY="0" skX="0" skY="0" scX="1" y="-7.8" scY="1"/>
    </frame>
    <frame displayIndex="10" z="0" duration="1">
     <transform x="-7.6" pX="0" pY="0" skX="0" skY="0" scX="1" y="-7.8" scY="1"/>
    </frame>
    <frame displayIndex="11" z="0" duration="1">
     <transform x="-7.6" pX="0" pY="0" skX="0" skY="0" scX="1" y="-7.8" scY="1"/>
    </frame>
    <frame displayIndex="12" z="0" duration="1">
     <transform x="-8.4" pX="0" pY="0" skX="0" skY="0" scX="1" y="-8.65" scY="1"/>
    </frame>
    <frame displayIndex="13" z="0" duration="1">
     <transform x="0.1499999999999999" pX="0" pY="0" skX="0" skY="0" scX="1" y="0.5" scY="1"/>
    </frame>
   </timeline>
  </animation>
 </armature>
</root>