<TextureAtlas name="aura_all_mc" imagePath="texture.png">
 <SubTexture name="__dbTextures/aura_all_mc/Layer 2_0" x="0" y="0" width="46" height="46"/>
 <SubTexture name="__dbTextures/Symbol 2205/Layer 2_0" x="185" y="0" width="45" height="45"/>
 <SubTexture name="__dbTextures/Symbol 2240/bg_0" x="277" y="0" width="45" height="45"/>
 <SubTexture name="Symbol 2154" x="93" y="0" width="45" height="45"/>
 <SubTexture name="Symbol 2156" x="231" y="0" width="45" height="45"/>
 <SubTexture name="Symbol 2157" x="231" y="46" width="45" height="45"/>
 <SubTexture name="Symbol 2158" x="139" y="46" width="45" height="45"/>
 <SubTexture name="Symbol 2159" x="415" y="0" width="45" height="45"/>
 <SubTexture name="Symbol 2160" x="93" y="46" width="45" height="45"/>
 <SubTexture name="Symbol 2161" x="47" y="46" width="45" height="45"/>
 <SubTexture name="Symbol 2162" x="461" y="0" width="45" height="45"/>
 <SubTexture name="Symbol 2163" x="185" y="46" width="45" height="45"/>
 <SubTexture name="Symbol 2164" x="277" y="46" width="45" height="45"/>
 <SubTexture name="Symbol 2165" x="47" y="0" width="45" height="45"/>
 <SubTexture name="Symbol 2166" x="323" y="0" width="45" height="45"/>
 <SubTexture name="Symbol 2167" x="139" y="0" width="45" height="45"/>
 <SubTexture name="Symbol 2168" x="323" y="46" width="45" height="45"/>
 <SubTexture name="Symbol 2169" x="369" y="46" width="45" height="45"/>
 <SubTexture name="Symbol 2170" x="415" y="46" width="44" height="45"/>
 <SubTexture name="Symbol 2171" x="460" y="46" width="43" height="45"/>
 <SubTexture name="Symbol 2172" x="0" y="48" width="41" height="45"/>
 <SubTexture name="Symbol 2173" x="42" y="92" width="39" height="45"/>
 <SubTexture name="Symbol 2174" x="93" y="92" width="37" height="45"/>
 <SubTexture name="Symbol 2175" x="131" y="92" width="35" height="45"/>
 <SubTexture name="Symbol 2176" x="184" y="92" width="32" height="45"/>
 <SubTexture name="Symbol 2177" x="217" y="92" width="29" height="45"/>
 <SubTexture name="Symbol 2178" x="247" y="92" width="27" height="45"/>
 <SubTexture name="Symbol 2179" x="368" y="92" width="25" height="45"/>
 <SubTexture name="Symbol 2180" x="478" y="92" width="23" height="45"/>
 <SubTexture name="Symbol 2181" x="454" y="92" width="23" height="45"/>
 <SubTexture name="Symbol 2182" x="415" y="92" width="23" height="44"/>
 <SubTexture name="Symbol 2183" x="0" y="128" width="23" height="43"/>
 <SubTexture name="Symbol 2184" x="275" y="129" width="23" height="42"/>
 <SubTexture name="Symbol 2185" x="337" y="129" width="23" height="40"/>
 <SubTexture name="Symbol 2186" x="427" y="137" width="23" height="38"/>
 <SubTexture name="Symbol 2187" x="56" y="138" width="23" height="37"/>
 <SubTexture name="Symbol 2188" x="80" y="138" width="23" height="35"/>
 <SubTexture name="Symbol 2189" x="104" y="138" width="23" height="33"/>
 <SubTexture name="Symbol 2190" x="451" y="138" width="23" height="31"/>
 <SubTexture name="Symbol 2191" x="475" y="163" width="23" height="28"/>
 <SubTexture name="Symbol 2192" x="128" y="167" width="23" height="25"/>
 <SubTexture name="Symbol 2193" x="152" y="167" width="23" height="23"/>
 <SubTexture name="Symbol 2194" x="176" y="167" width="23" height="21"/>
 <SubTexture name="Symbol 2195" x="200" y="167" width="22" height="19"/>
 <SubTexture name="Symbol 2196" x="223" y="167" width="21" height="16"/>
 <SubTexture name="Symbol 2197" x="394" y="92" width="20" height="14"/>
 <SubTexture name="Symbol 2198" x="349" y="92" width="18" height="13"/>
 <SubTexture name="Symbol 2199" x="167" y="92" width="16" height="11"/>
 <SubTexture name="Symbol 2200" x="439" y="92" width="13" height="10"/>
 <SubTexture name="Symbol 2201" x="82" y="92" width="10" height="8"/>
 <SubTexture name="Symbol 2202" x="504" y="46" width="7" height="6"/>
 <SubTexture name="Symbol 2203" x="507" y="0" width="4" height="6"/>
 <SubTexture name="Symbol 2204" x="349" y="106" width="17" height="6"/>
 <SubTexture name="__dbTextures/Symbol 2242/Layer 2_0" x="369" y="0" width="45" height="45"/>
 <SubTexture name="Symbol 2208" x="299" y="129" width="37" height="26"/>
 <SubTexture name="Symbol 2210" x="0" y="94" width="33" height="33"/>
 <SubTexture name="Symbol 2212" x="394" y="137" width="32" height="30"/>
 <SubTexture name="Symbol 2217" x="247" y="138" width="27" height="28"/>
 <SubTexture name="Symbol 2219" x="299" y="156" width="29" height="28"/>
 <SubTexture name="Symbol 2221" x="275" y="92" width="36" height="36"/>
 <SubTexture name="Symbol 2223" x="312" y="92" width="36" height="35"/>
 <SubTexture name="Symbol 2225" x="361" y="138" width="29" height="29"/>
 <SubTexture name="Symbol 2227" x="475" y="138" width="33" height="24"/>
 <SubTexture name="Symbol 2229" x="158" y="138" width="29" height="28"/>
 <SubTexture name="Symbol 2231" x="128" y="138" width="29" height="28"/>
 <SubTexture name="Symbol 2233" x="217" y="138" width="29" height="28"/>
 <SubTexture name="Symbol 2235" x="188" y="138" width="28" height="28"/>
 <SubTexture name="Symbol 2237" x="24" y="138" width="31" height="31"/>
</TextureAtlas>