<TextureAtlas name="head_cl" imagePath="texture.png">
 <SubTexture name="Graphic/shape 1285" x="759" y="437" width="37" height="35"/>
 <SubTexture name="Graphic/shape 1293" x="363" y="439" width="37" height="35"/>
 <SubTexture name="Graphic/shape 1294" x="437" y="433" width="37" height="35"/>
 <SubTexture name="Graphic/shape 1295" x="567" y="431" width="37" height="35"/>
 <SubTexture name="Graphic/shape 1296" x="160" y="441" width="37" height="35"/>
 <SubTexture name="Graphic/shape 1300" x="976" y="432" width="37" height="35"/>
 <SubTexture name="Graphic/shape 1301" x="938" y="431" width="37" height="35"/>
 <SubTexture name="Graphic/shape 1302" x="475" y="438" width="37" height="35"/>
 <SubTexture name="Graphic/shape 1303" x="721" y="402" width="37" height="36"/>
 <SubTexture name="Graphic/shape 1307" x="695" y="439" width="37" height="35"/>
 <SubTexture name="Graphic/shape 1308" x="862" y="426" width="37" height="34"/>
 <SubTexture name="Graphic/shape 1309" x="478" y="401" width="37" height="36"/>
 <SubTexture name="Graphic/shape 1310" x="486" y="365" width="41" height="35"/>
 <SubTexture name="Graphic/shape 1311" x="122" y="408" width="37" height="36"/>
 <SubTexture name="sprite206" x="779" y="375" width="41" height="34"/>
 <SubTexture name="Graphic/shape 1313" x="450" y="286" width="44" height="37"/>
 <SubTexture name="Graphic/shape 1314" x="137" y="253" width="45" height="39"/>
 <SubTexture name="Graphic/shape 1315" x="587" y="80" width="64" height="31"/>
 <SubTexture name="Graphic/shape 1316" x="392" y="127" width="17" height="13"/>
 <SubTexture name="Graphic/shape 1317" x="991" y="196" width="32" height="34"/>
 <SubTexture name="Graphic/shape 1318" x="741" y="262" width="45" height="37"/>
 <SubTexture name="Graphic/shape 1319" x="316" y="268" width="44" height="38"/>
 <SubTexture name="Graphic/shape 1320" x="247" y="381" width="41" height="35"/>
 <SubTexture name="Graphic/shape 1321" x="970" y="499" width="36" height="18"/>
 <SubTexture name="Graphic/shape 1322" x="64" y="0" width="49" height="76"/>
 <SubTexture name="Graphic/shape 1323" x="494" y="326" width="41" height="38"/>
 <SubTexture name="Graphic/shape 1324" x="279" y="450" width="43" height="26"/>
 <SubTexture name="Graphic/shape 1325" x="40" y="408" width="37" height="35"/>
 <SubTexture name="Graphic/shape 1326" x="36" y="504" width="35" height="11"/>
 <SubTexture name="Graphic/shape 1327" x="473" y="474" width="35" height="30"/>
 <SubTexture name="Graphic/shape 1328" x="836" y="278" width="42" height="38"/>
 <SubTexture name="Graphic/shape 1329" x="397" y="405" width="39" height="33"/>
 <SubTexture name="Graphic/shape 1330" x="592" y="489" width="43" height="17"/>
 <SubTexture name="Graphic/shape 1331" x="0" y="294" width="40" height="41"/>
 <SubTexture name="Graphic/shape 1332" x="229" y="170" width="44" height="44"/>
 <SubTexture name="Graphic/shape 1333" x="836" y="486" width="50" height="16"/>
 <SubTexture name="Graphic/shape 1334" x="643" y="477" width="50" height="16"/>
 <SubTexture name="Graphic/shape 1335" x="592" y="472" width="50" height="16"/>
 <SubTexture name="Graphic/shape 1336" x="733" y="473" width="50" height="16"/>
 <SubTexture name="Graphic/shape 1337" x="620" y="152" width="30" height="35"/>
 <SubTexture name="Graphic/shape 1338" x="652" y="93" width="53" height="40"/>
 <SubTexture name="Graphic/shape 1339" x="536" y="362" width="42" height="35"/>
 <SubTexture name="Graphic/shape 1340" x="64" y="77" width="49" height="46"/>
 <SubTexture name="Graphic/shape 1341" x="608" y="280" width="38" height="42"/>
 <SubTexture name="Graphic/shape 1342" x="509" y="498" width="36" height="19"/>
 <SubTexture name="Graphic/shape 1343" x="38" y="480" width="36" height="23"/>
 <SubTexture name="Graphic/shape 1344" x="198" y="445" width="42" height="28"/>
 <SubTexture name="Graphic/shape 1345" x="0" y="377" width="39" height="36"/>
 <SubTexture name="Graphic/shape 1346" x="382" y="153" width="31" height="28"/>
 <SubTexture name="Graphic/shape 1347" x="98" y="144" width="42" height="47"/>
 <SubTexture name="Graphic/shape 1348" x="367" y="213" width="40" height="45"/>
 <SubTexture name="Graphic/shape 1349" x="636" y="494" width="41" height="15"/>
 <SubTexture name="Graphic/shape 1350" x="609" y="234" width="38" height="45"/>
 <SubTexture name="Graphic/shape 1351" x="139" y="210" width="43" height="42"/>
 <SubTexture name="Graphic/shape 1352" x="174" y="58" width="41" height="56"/>
 <SubTexture name="Graphic/shape 1353" x="980" y="0" width="42" height="57"/>
 <SubTexture name="Graphic/shape 1354" x="232" y="0" width="64" height="45"/>
 <SubTexture name="Graphic/shape 1355" x="323" y="419" width="39" height="32"/>
 <SubTexture name="Graphic/shape 1356" x="78" y="423" width="39" height="32"/>
 <SubTexture name="Graphic/shape 1357" x="0" y="480" width="37" height="23"/>
 <SubTexture name="Graphic/shape 1358" x="90" y="236" width="46" height="39"/>
 <SubTexture name="Graphic/shape 1359" x="226" y="502" width="37" height="10"/>
 <SubTexture name="Graphic/shape 1360" x="695" y="475" width="36" height="25"/>
 <SubTexture name="Graphic/shape 1361" x="50" y="124" width="46" height="44"/>
 <SubTexture name="Graphic/shape 1362" x="118" y="479" width="36" height="26"/>
 <SubTexture name="Graphic/shape 1363" x="432" y="500" width="36" height="14"/>
 <SubTexture name="Graphic/shape 1364" x="400" y="51" width="13" height="14"/>
 <SubTexture name="Graphic/shape 1365" x="528" y="398" width="38" height="35"/>
 <SubTexture name="Graphic/shape 1366" x="513" y="470" width="40" height="27"/>
 <SubTexture name="Graphic/shape 1367" x="900" y="188" width="47" height="40"/>
 <SubTexture name="Graphic/shape 1368" x="216" y="58" width="15" height="34"/>
 <SubTexture name="Graphic/shape 1369" x="118" y="445" width="37" height="33"/>
 <SubTexture name="Graphic/shape 1370" x="295" y="343" width="40" height="37"/>
 <SubTexture name="Graphic/shape 1371" x="969" y="109" width="49" height="42"/>
 <SubTexture name="Graphic/shape 1372" x="821" y="393" width="39" height="35"/>
 <SubTexture name="Graphic/shape 1373" x="895" y="465" width="37" height="31"/>
 <SubTexture name="Graphic/shape 1374" x="156" y="477" width="40" height="22"/>
 <SubTexture name="Graphic/shape 1375" x="940" y="393" width="37" height="37"/>
 <SubTexture name="Graphic/shape 1376" x="399" y="329" width="41" height="38"/>
 <SubTexture name="Graphic/shape 1377" x="560" y="247" width="47" height="36"/>
 <SubTexture name="Graphic/shape 1378" x="732" y="490" width="36" height="23"/>
 <SubTexture name="Graphic/shape 1379" x="614" y="188" width="33" height="45"/>
 <SubTexture name="Graphic/shape 1380" x="274" y="225" width="41" height="44"/>
 <SubTexture name="Graphic/shape 1381" x="215" y="337" width="38" height="40"/>
 <SubTexture name="Graphic/shape 1382" x="283" y="417" width="39" height="32"/>
 <SubTexture name="Graphic/shape 1383" x="174" y="0" width="57" height="57"/>
 <SubTexture name="Graphic/shape 1384" x="141" y="162" width="41" height="47"/>
 <SubTexture name="Graphic/shape 1385" x="868" y="100" width="47" height="47"/>
 <SubTexture name="Graphic/shape 1386" x="847" y="462" width="47" height="23"/>
 <SubTexture name="Graphic/shape 1387" x="347" y="51" width="52" height="45"/>
 <SubTexture name="Graphic/shape 1388" x="503" y="122" width="16" height="27"/>
 <SubTexture name="Graphic/shape 1389" x="536" y="340" width="58" height="20"/>
 <SubTexture name="Graphic/shape 1390" x="0" y="79" width="55" height="41"/>
 <SubTexture name="Graphic/shape 1391" x="679" y="378" width="41" height="34"/>
 <SubTexture name="Graphic/shape 1392" x="916" y="143" width="45" height="44"/>
 <SubTexture name="Graphic/shape 1393" x="705" y="147" width="48" height="41"/>
 <SubTexture name="Graphic/shape 1394" x="879" y="0" width="50" height="51"/>
 <SubTexture name="Graphic/shape 1395" x="204" y="378" width="42" height="34"/>
 <SubTexture name="Graphic/shape 1396" x="925" y="53" width="48" height="49"/>
 <SubTexture name="Graphic/shape 1397" x="652" y="134" width="52" height="38"/>
 <SubTexture name="Graphic/shape 1398" x="468" y="0" width="65" height="43"/>
 <SubTexture name="Graphic/shape 1399" x="916" y="103" width="52" height="39"/>
 <SubTexture name="Graphic/shape 1400" x="695" y="232" width="45" height="39"/>
 <SubTexture name="Graphic/shape 1401" x="923" y="279" width="49" height="31"/>
 <SubTexture name="Graphic/shape 1402" x="764" y="0" width="61" height="40"/>
 <SubTexture name="Graphic/shape 1403" x="787" y="268" width="48" height="33"/>
 <SubTexture name="Graphic/shape 1404" x="539" y="316" width="58" height="23"/>
 <SubTexture name="Graphic/shape 1405" x="183" y="162" width="45" height="42"/>
 <SubTexture name="Graphic/shape 1406" x="962" y="331" width="53" height="28"/>
 <SubTexture name="Graphic/shape 1407" x="836" y="317" width="41" height="37"/>
 <SubTexture name="Graphic/shape 1408" x="655" y="446" width="39" height="30"/>
 <SubTexture name="Graphic/shape 1409" x="973" y="255" width="47" height="36"/>
 <SubTexture name="Graphic/shape 1410" x="455" y="122" width="47" height="44"/>
 <SubTexture name="Graphic/shape 1411" x="738" y="300" width="48" height="32"/>
 <SubTexture name="Graphic/shape 1412" x="414" y="58" width="53" height="44"/>
 <SubTexture name="Graphic/shape 1413" x="232" y="125" width="46" height="44"/>
 <SubTexture name="Graphic/shape 1414" x="661" y="0" width="56" height="48"/>
 <SubTexture name="Graphic/shape 1415" x="930" y="0" width="49" height="51"/>
 <SubTexture name="Graphic/shape 1416" x="468" y="79" width="55" height="42"/>
 <SubTexture name="Graphic/shape 1417" x="263" y="309" width="46" height="33"/>
 <SubTexture name="Graphic/shape 1418" x="732" y="372" width="46" height="29"/>
 <SubTexture name="Graphic/shape 1419" x="455" y="243" width="42" height="42"/>
 <SubTexture name="Graphic/shape 1420" x="587" y="44" width="65" height="35"/>
 <SubTexture name="Graphic/shape 1421" x="160" y="410" width="41" height="30"/>
 <SubTexture name="Graphic/shape 1422" x="572" y="112" width="47" height="45"/>
 <SubTexture name="Graphic/shape 1423" x="572" y="158" width="41" height="48"/>
 <SubTexture name="Graphic/shape 1424" x="254" y="343" width="40" height="37"/>
 <SubTexture name="Graphic/shape 1425" x="82" y="347" width="40" height="37"/>
 <SubTexture name="Graphic/shape 1426" x="919" y="353" width="40" height="37"/>
 <SubTexture name="Graphic/shape 1427" x="878" y="349" width="40" height="37"/>
 <SubTexture name="Graphic/shape 1428" x="821" y="355" width="40" height="37"/>
 <SubTexture name="Graphic/shape 1429" x="554" y="467" width="37" height="31"/>
 <SubTexture name="Graphic/shape 1430" x="516" y="434" width="37" height="35"/>
 <SubTexture name="Graphic/shape 1431" x="318" y="486" width="37" height="22"/>
 <SubTexture name="Graphic/shape 1432" x="655" y="413" width="39" height="32"/>
 <SubTexture name="Graphic/shape 1433" x="211" y="124" width="20" height="22"/>
 <SubTexture name="Graphic/shape 1434" x="738" y="333" width="41" height="38"/>
 <SubTexture name="Graphic/shape 1435" x="853" y="148" width="46" height="42"/>
 <SubTexture name="Graphic/shape 1436" x="709" y="59" width="50" height="45"/>
 <SubTexture name="Graphic/shape 1437" x="216" y="111" width="15" height="12"/>
 <SubTexture name="Graphic/shape 1438" x="76" y="487" width="36" height="22"/>
 <SubTexture name="Graphic/shape 1439" x="836" y="191" width="44" height="43"/>
 <SubTexture name="Graphic/shape 1440" x="317" y="185" width="49" height="38"/>
 <SubTexture name="Graphic/shape 1441" x="807" y="429" width="39" height="33"/>
 <SubTexture name="Graphic/shape 1442" x="415" y="0" width="52" height="56"/>
 <SubTexture name="Graphic/shape 1443" x="797" y="463" width="38" height="31"/>
 <SubTexture name="Graphic/shape 1444" x="155" y="500" width="35" height="18"/>
 <SubTexture name="Graphic/shape 1445" x="40" y="373" width="41" height="34"/>
 <SubTexture name="Graphic/shape 1446" x="370" y="413" width="24" height="11"/>
 <SubTexture name="Graphic/shape 1447" x="619" y="409" width="35" height="37"/>
 <SubTexture name="Graphic/shape 1448" x="879" y="274" width="43" height="38"/>
 <SubTexture name="Graphic/shape 1449" x="131" y="332" width="41" height="38"/>
 <SubTexture name="Graphic/shape 1450" x="342" y="97" width="49" height="45"/>
 <SubTexture name="Graphic/shape 1451" x="408" y="246" width="41" height="43"/>
 <SubTexture name="Graphic/shape 1452" x="41" y="294" width="41" height="39"/>
 <SubTexture name="Graphic/shape 1453" x="123" y="371" width="40" height="36"/>
 <SubTexture name="Graphic/shape 1454" x="440" y="394" width="37" height="38"/>
 <SubTexture name="Graphic/shape 1455" x="399" y="368" width="40" height="36"/>
 <SubTexture name="Graphic/shape 1456" x="289" y="381" width="40" height="35"/>
 <SubTexture name="Graphic/shape 1457" x="534" y="43" width="52" height="47"/>
 <SubTexture name="Graphic/shape 1458" x="232" y="84" width="55" height="40"/>
 <SubTexture name="Graphic/shape 1459" x="963" y="152" width="46" height="43"/>
 <SubTexture name="Graphic/shape 1460" x="441" y="361" width="44" height="32"/>
 <SubTexture name="Graphic/shape 1461" x="960" y="360" width="44" height="32"/>
 <SubTexture name="Graphic/shape 1462" x="769" y="495" width="40" height="17"/>
 <SubTexture name="Graphic/shape 1463" x="238" y="483" width="40" height="18"/>
 <SubTexture name="Graphic/shape 1464" x="780" y="335" width="40" height="39"/>
 <SubTexture name="Graphic/shape 1465" x="401" y="439" width="35" height="35"/>
 <SubTexture name="Graphic/shape 1466" x="133" y="293" width="42" height="38"/>
 <SubTexture name="Graphic/shape 1467" x="243" y="417" width="39" height="32"/>
 <SubTexture name="Graphic/shape 1468" x="450" y="324" width="43" height="36"/>
 <SubTexture name="Graphic/shape 1469" x="406" y="290" width="43" height="38"/>
 <SubTexture name="Graphic/shape 1470" x="760" y="85" width="47" height="47"/>
 <SubTexture name="Graphic/shape 1471" x="620" y="112" width="31" height="39"/>
 <SubTexture name="Graphic/shape 1472" x="973" y="292" width="43" height="38"/>
 <SubTexture name="Graphic/shape 1473" x="900" y="429" width="37" height="35"/>
 <SubTexture name="Graphic/shape 1474" x="862" y="387" width="38" height="38"/>
 <SubTexture name="Graphic/shape 1475" x="546" y="499" width="37" height="16"/>
 <SubTexture name="Graphic/shape 1476" x="970" y="468" width="38" height="30"/>
 <SubTexture name="Graphic/shape 1477" x="78" y="456" width="39" height="30"/>
 <SubTexture name="Graphic/shape 1478" x="437" y="469" width="35" height="30"/>
 <SubTexture name="Graphic/shape 1479" x="361" y="342" width="37" height="38"/>
 <SubTexture name="Graphic/shape 1480" x="718" y="0" width="45" height="58"/>
 <SubTexture name="Graphic/shape 1481" x="0" y="447" width="38" height="32"/>
 <SubTexture name="Graphic/shape 1482" x="297" y="0" width="58" height="50"/>
 <SubTexture name="Graphic/shape 1483" x="498" y="248" width="46" height="38"/>
 <SubTexture name="Graphic/shape 1484" x="651" y="173" width="43" height="44"/>
 <SubTexture name="Graphic/shape 1485" x="370" y="397" width="26" height="15"/>
 <SubTexture name="Graphic/shape 1486" x="183" y="292" width="40" height="40"/>
 <SubTexture name="Graphic/shape 1487" x="0" y="204" width="41" height="46"/>
 <SubTexture name="Graphic/shape 1488" x="42" y="254" width="45" height="39"/>
 <SubTexture name="Graphic/shape 1489" x="0" y="251" width="41" height="42"/>
 <SubTexture name="Graphic/shape 1490" x="836" y="235" width="42" height="42"/>
 <SubTexture name="Graphic/shape 1491" x="605" y="447" width="47" height="23"/>
 <SubTexture name="Graphic/shape 1492" x="524" y="92" width="47" height="48"/>
 <SubTexture name="Graphic/shape 1493" x="690" y="272" width="46" height="35"/>
 <SubTexture name="Graphic/shape 1494" x="330" y="381" width="39" height="37"/>
 <SubTexture name="Graphic/shape 1495" x="455" y="206" width="50" height="36"/>
 <SubTexture name="Graphic/shape 1496" x="84" y="314" width="46" height="32"/>
 <SubTexture name="Graphic/shape 1497" x="82" y="385" width="39" height="37"/>
 <SubTexture name="Graphic/shape 1498" x="797" y="179" width="38" height="50"/>
 <SubTexture name="Graphic/shape 1499" x="468" y="44" width="65" height="34"/>
 <SubTexture name="Graphic/shape 1500" x="754" y="174" width="42" height="45"/>
 <SubTexture name="Graphic/shape 1501" x="759" y="411" width="47" height="25"/>
 <SubTexture name="Graphic/shape 1502" x="821" y="50" width="52" height="45"/>
 <SubTexture name="Graphic/shape 1503" x="294" y="51" width="52" height="45"/>
 <SubTexture name="Graphic/shape 1504" x="579" y="396" width="39" height="34"/>
 <SubTexture name="Graphic/shape 1505" x="114" y="101" width="50" height="42"/>
 <SubTexture name="Graphic/shape 1506" x="370" y="381" width="26" height="15"/>
 <SubTexture name="Graphic/shape 1507" x="948" y="196" width="42" height="45"/>
 <SubTexture name="Graphic/shape 1508" x="978" y="393" width="37" height="38"/>
 <SubTexture name="Graphic/shape 1509" x="826" y="0" width="52" height="49"/>
 <SubTexture name="Graphic/shape 1510" x="534" y="0" width="64" height="42"/>
 <SubTexture name="Graphic/shape 1511" x="495" y="287" width="43" height="38"/>
 <SubTexture name="Graphic/shape 1512" x="274" y="178" width="42" height="46"/>
 <SubTexture name="Graphic/shape 1513" x="40" y="444" width="37" height="35"/>
 <SubTexture name="Graphic/shape 1514" x="408" y="206" width="46" height="39"/>
 <SubTexture name="Graphic/shape 1515" x="689" y="341" width="42" height="36"/>
 <SubTexture name="Graphic/shape 1516" x="323" y="452" width="36" height="33"/>
 <SubTexture name="Graphic/shape 1517" x="787" y="302" width="48" height="32"/>
 <SubTexture name="Graphic/shape 1518" x="224" y="294" width="38" height="42"/>
 <SubTexture name="Graphic/shape 1519" x="598" y="323" width="44" height="34"/>
 <SubTexture name="Graphic/shape 1520" x="356" y="0" width="58" height="50"/>
 <SubTexture name="Graphic/shape 1521" x="991" y="231" width="26" height="23"/>
 <SubTexture name="Graphic/shape 1522" x="0" y="336" width="39" height="40"/>
 <SubTexture name="Graphic/shape 1523" x="88" y="276" width="44" height="36"/>
 <SubTexture name="Graphic/shape 1524" x="183" y="247" width="41" height="44"/>
 <SubTexture name="Graphic/shape 1525" x="165" y="115" width="45" height="46"/>
 <SubTexture name="Graphic/shape 1526" x="95" y="192" width="43" height="43"/>
 <SubTexture name="Graphic/shape 1527" x="216" y="93" width="15" height="17"/>
 <SubTexture name="Graphic/shape 1528" x="241" y="450" width="37" height="32"/>
 <SubTexture name="Graphic/shape 1529" x="808" y="96" width="59" height="34"/>
 <SubTexture name="Graphic/shape 1530" x="648" y="218" width="46" height="40"/>
 <SubTexture name="Graphic/shape 1531" x="396" y="475" width="40" height="23"/>
 <SubTexture name="Graphic/shape 1532" x="361" y="259" width="44" height="38"/>
 <SubTexture name="Graphic/shape 1533" x="114" y="61" width="58" height="39"/>
 <SubTexture name="Graphic/shape 1534" x="901" y="391" width="38" height="37"/>
 <SubTexture name="Graphic/shape 1535" x="173" y="333" width="41" height="38"/>
 <SubTexture name="Graphic/shape 1536" x="506" y="181" width="54" height="33"/>
 <SubTexture name="Graphic/shape 1537" x="455" y="167" width="50" height="38"/>
 <SubTexture name="Graphic/shape 1538" x="690" y="308" width="47" height="32"/>
 <SubTexture name="Graphic/shape 1539" x="974" y="58" width="46" height="49"/>
 <SubTexture name="Graphic/shape 1540" x="414" y="103" width="40" height="53"/>
 <SubTexture name="Graphic/shape 1541" x="881" y="229" width="41" height="44"/>
 <SubTexture name="Graphic/shape 1542" x="874" y="52" width="50" height="47"/>
 <SubTexture name="Graphic/shape 1543" x="50" y="169" width="44" height="44"/>
 <SubTexture name="Graphic/shape 1544" x="506" y="215" width="53" height="32"/>
 <SubTexture name="Graphic/shape 1545" x="414" y="157" width="40" height="48"/>
 <SubTexture name="Graphic/shape 1546" x="706" y="105" width="50" height="41"/>
 <SubTexture name="Graphic/shape 1547" x="382" y="182" width="25" height="30"/>
 <SubTexture name="Graphic/shape 1548" x="202" y="413" width="40" height="31"/>
 <SubTexture name="Graphic/shape 1549" x="232" y="46" width="61" height="37"/>
 <SubTexture name="Graphic/shape 1550" x="198" y="474" width="39" height="26"/>
 <SubTexture name="Graphic/shape 1551" x="923" y="311" width="38" height="41"/>
 <SubTexture name="Graphic/shape 1552" x="653" y="49" width="55" height="43"/>
 <SubTexture name="Graphic/shape 1553" x="114" y="0" width="58" height="60"/>
 <SubTexture name="Graphic/shape 1554" x="764" y="41" width="56" height="43"/>
 <SubTexture name="Graphic/shape 1555" x="229" y="215" width="44" height="41"/>
 <SubTexture name="Graphic/shape 1556" x="361" y="298" width="37" height="43"/>
 <SubTexture name="Graphic/shape 1557" x="636" y="374" width="42" height="34"/>
 <SubTexture name="Graphic/shape 1558" x="42" y="214" width="47" height="39"/>
 <SubTexture name="Graphic/shape 1559" x="317" y="224" width="42" height="43"/>
 <SubTexture name="Graphic/shape 1560" x="933" y="467" width="36" height="33"/>
 <SubTexture name="Graphic/shape 1561" x="272" y="270" width="43" height="38"/>
 <SubTexture name="Graphic/shape 1562" x="225" y="257" width="46" height="36"/>
 <SubTexture name="Graphic/shape 1563" x="520" y="141" width="51" height="39"/>
 <SubTexture name="Graphic/shape 1564" x="41" y="334" width="40" height="38"/>
 <SubTexture name="Graphic/shape 1565" x="164" y="372" width="39" height="37"/>
 <SubTexture name="Graphic/shape 1566" x="392" y="97" width="21" height="29"/>
 <SubTexture name="Graphic/shape 1567" x="561" y="207" width="47" height="39"/>
 <SubTexture name="Graphic/shape 1568" x="787" y="230" width="48" height="37"/>
 <SubTexture name="Graphic/shape 1569" x="545" y="284" width="51" height="31"/>
 <SubTexture name="Graphic/shape 1570" x="647" y="302" width="42" height="37"/>
 <SubTexture name="Graphic/shape 1571" x="0" y="414" width="39" height="32"/>
 <SubTexture name="Graphic/shape 1572" x="643" y="340" width="45" height="33"/>
 <SubTexture name="Graphic/shape 1573" x="695" y="189" width="45" height="42"/>
 <SubTexture name="Graphic/shape 1574" x="599" y="0" width="60" height="43"/>
 <SubTexture name="Graphic/shape 1575" x="0" y="164" width="49" height="39"/>
 <SubTexture name="Graphic/shape 1576" x="741" y="220" width="45" height="40"/>
 <SubTexture name="Graphic/shape 1577" x="183" y="206" width="45" height="40"/>
 <SubTexture name="Graphic/shape 1578" x="648" y="259" width="41" height="42"/>
 <SubTexture name="Graphic/shape 1579" x="595" y="358" width="40" height="37"/>
 <SubTexture name="Graphic/shape 1580" x="332" y="143" width="49" height="41"/>
 <SubTexture name="Graphic/shape 1581" x="808" y="131" width="44" height="46"/>
 <SubTexture name="Graphic/shape 1582" x="279" y="139" width="52" height="38"/>
 <SubTexture name="Graphic/shape 1583" x="0" y="0" width="63" height="78"/>
 <SubTexture name="Graphic/shape 1584" x="923" y="242" width="49" height="36"/>
 <SubTexture name="Graphic/shape 1585" x="757" y="133" width="50" height="40"/>
 <SubTexture name="Graphic/shape 1586" x="288" y="97" width="53" height="40"/>
 <SubTexture name="Graphic/shape 1587" x="360" y="475" width="35" height="30"/>
 <SubTexture name="Graphic/shape 1588" x="316" y="307" width="44" height="35"/>
 <SubTexture name="Graphic/shape 1589" x="879" y="313" width="43" height="35"/>
 <SubTexture name="Graphic/shape 1590" x="0" y="121" width="49" height="41"/>
 <SubTexture name="Graphic/shape 1591" x="846" y="503" width="35" height="12"/>
 <SubTexture name="Graphic/shape 1592" x="0" y="504" width="35" height="12"/>
 <SubTexture name="Graphic/shape 1593" x="678" y="502" width="35" height="12"/>
 <SubTexture name="Graphic/shape 1594" x="810" y="503" width="35" height="12"/>
 <SubTexture name="Graphic/shape 1286" x="191" y="501" width="34" height="15"/>
 <SubTexture name="Graphic/shape 1287" x="922" y="501" width="34" height="15"/>
 <SubTexture name="Graphic/shape 1288" x="264" y="502" width="34" height="13"/>
 <SubTexture name="Graphic/shape 1289" x="396" y="499" width="35" height="21"/>
 <SubTexture name="Graphic/shape 1290" x="887" y="497" width="34" height="22"/>
 <SubTexture name="Graphic/shape 1291" x="279" y="477" width="38" height="23"/>
 <SubTexture name="Graphic/shape 1297" x="141" y="152" width="16" height="4"/>
 <SubTexture name="Graphic/shape 1298" x="141" y="144" width="19" height="7"/>
 <SubTexture name="Graphic/shape 1304" x="392" y="141" width="17" height="11"/>
 <SubTexture name="Graphic/shape 1305" x="211" y="147" width="17" height="9"/>
</TextureAtlas>